timestamp,source_timestamp,source_market_year,day_ahead_price_eur_mwh,electricity_import_price_eur_mwh,electricity_export_price_eur_mwh
2026-01-01 00:00:00+01:00,2025-01-01 00:00:00+01:00,2025,2.16,2.16,2.16
2026-01-01 01:00:00+01:00,2025-01-01 01:00:00+01:00,2025,1.6,1.6,1.6
2026-01-01 02:00:00+01:00,2025-01-01 02:00:00+01:00,2025,0.0,0.0,0.0
2026-01-01 03:00:00+01:00,2025-01-01 03:00:00+01:00,2025,-0.01,-0.01,-0.01
2026-01-01 04:00:00+01:00,2025-01-01 04:00:00+01:00,2025,-0.01,-0.01,-0.01
2026-01-01 05:00:00+01:00,2025-01-01 05:00:00+01:00,2025,-0.06,-0.06,-0.06
2026-01-01 06:00:00+01:00,2025-01-01 06:00:00+01:00,2025,-0.09,-0.09,-0.09
2026-01-01 07:00:00+01:00,2025-01-01 07:00:00+01:00,2025,-0.01,-0.01,-0.01
2026-01-01 08:00:00+01:00,2025-01-01 08:00:00+01:00,2025,-0.01,-0.01,-0.01
2026-01-01 09:00:00+01:00,2025-01-01 09:00:00+01:00,2025,-0.04,-0.04,-0.04
2026-01-01 10:00:00+01:00,2025-01-01 10:00:00+01:00,2025,-0.03,-0.03,-0.03
2026-01-01 11:00:00+01:00,2025-01-01 11:00:00+01:00,2025,-0.1,-0.1,-0.1
2026-01-01 12:00:00+01:00,2025-01-01 12:00:00+01:00,2025,-0.05,-0.05,-0.05
2026-01-01 13:00:00+01:00,2025-01-01 13:00:00+01:00,2025,-0.1,-0.1,-0.1
2026-01-01 14:00:00+01:00,2025-01-01 14:00:00+01:00,2025,-1.01,-1.01,-1.01
2026-01-01 15:00:00+01:00,2025-01-01 15:00:00+01:00,2025,-0.01,-0.01,-0.01
2026-01-01 16:00:00+01:00,2025-01-01 16:00:00+01:00,2025,-0.01,-0.01,-0.01
2026-01-01 17:00:00+01:00,2025-01-01 17:00:00+01:00,2025,0.07,0.07,0.07
2026-01-01 18:00:00+01:00,2025-01-01 18:00:00+01:00,2025,1.01,1.01,1.01
2026-01-01 19:00:00+01:00,2025-01-01 19:00:00+01:00,2025,1.48,1.48,1.48
2026-01-01 20:00:00+01:00,2025-01-01 20:00:00+01:00,2025,1.0,1.0,1.0
2026-01-01 21:00:00+01:00,2025-01-01 21:00:00+01:00,2025,0.07,0.07,0.07
2026-01-01 22:00:00+01:00,2025-01-01 22:00:00+01:00,2025,10.05,10.05,10.05
2026-01-01 23:00:00+01:00,2025-01-01 23:00:00+01:00,2025,7.01,7.01,7.01
2026-01-02 00:00:00+01:00,2025-01-02 00:00:00+01:00,2025,2.55,2.55,2.55
2026-01-02 01:00:00+01:00,2025-01-02 01:00:00+01:00,2025,1.56,1.56,1.56
2026-01-02 02:00:00+01:00,2025-01-02 02:00:00+01:00,2025,3.45,3.45,3.45
2026-01-02 03:00:00+01:00,2025-01-02 03:00:00+01:00,2025,7.02,7.02,7.02
2026-01-02 04:00:00+01:00,2025-01-02 04:00:00+01:00,2025,12.75,12.75,12.75
2026-01-02 05:00:00+01:00,2025-01-02 05:00:00+01:00,2025,30.07,30.07,30.07
2026-01-02 06:00:00+01:00,2025-01-02 06:00:00+01:00,2025,67.13,67.13,67.13
2026-01-02 07:00:00+01:00,2025-01-02 07:00:00+01:00,2025,98.83,98.83,98.83
2026-01-02 08:00:00+01:00,2025-01-02 08:00:00+01:00,2025,121.53,121.53,121.53
2026-01-02 09:00:00+01:00,2025-01-02 09:00:00+01:00,2025,127.23,127.23,127.23
2026-01-02 10:00:00+01:00,2025-01-02 10:00:00+01:00,2025,126.35,126.35,126.35
2026-01-02 11:00:00+01:00,2025-01-02 11:00:00+01:00,2025,119.97,119.97,119.97
2026-01-02 12:00:00+01:00,2025-01-02 12:00:00+01:00,2025,115.95,115.95,115.95
2026-01-02 13:00:00+01:00,2025-01-02 13:00:00+01:00,2025,113.9,113.9,113.9
2026-01-02 14:00:00+01:00,2025-01-02 14:00:00+01:00,2025,122.21,122.21,122.21
2026-01-02 15:00:00+01:00,2025-01-02 15:00:00+01:00,2025,130.11,130.11,130.11
2026-01-02 16:00:00+01:00,2025-01-02 16:00:00+01:00,2025,138.59,138.59,138.59
2026-01-02 17:00:00+01:00,2025-01-02 17:00:00+01:00,2025,152.87,152.87,152.87
2026-01-02 18:00:00+01:00,2025-01-02 18:00:00+01:00,2025,152.94,152.94,152.94
2026-01-02 19:00:00+01:00,2025-01-02 19:00:00+01:00,2025,139.15,139.15,139.15
2026-01-02 20:00:00+01:00,2025-01-02 20:00:00+01:00,2025,130.0,130.0,130.0
2026-01-02 21:00:00+01:00,2025-01-02 21:00:00+01:00,2025,119.78,119.78,119.78
2026-01-02 22:00:00+01:00,2025-01-02 22:00:00+01:00,2025,113.42,113.42,113.42
2026-01-02 23:00:00+01:00,2025-01-02 23:00:00+01:00,2025,82.47,82.47,82.47
2026-01-03 00:00:00+01:00,2025-01-03 00:00:00+01:00,2025,99.56,99.56,99.56
2026-01-03 01:00:00+01:00,2025-01-03 01:00:00+01:00,2025,87.53,87.53,87.53
2026-01-03 02:00:00+01:00,2025-01-03 02:00:00+01:00,2025,85.01,85.01,85.01
2026-01-03 03:00:00+01:00,2025-01-03 03:00:00+01:00,2025,83.79,83.79,83.79
2026-01-03 04:00:00+01:00,2025-01-03 04:00:00+01:00,2025,77.5,77.5,77.5
2026-01-03 05:00:00+01:00,2025-01-03 05:00:00+01:00,2025,79.88,79.88,79.88
2026-01-03 06:00:00+01:00,2025-01-03 06:00:00+01:00,2025,83.56,83.56,83.56
2026-01-03 07:00:00+01:00,2025-01-03 07:00:00+01:00,2025,78.43,78.43,78.43
2026-01-03 08:00:00+01:00,2025-01-03 08:00:00+01:00,2025,82.57,82.57,82.57
2026-01-03 09:00:00+01:00,2025-01-03 09:00:00+01:00,2025,80.76,80.76,80.76
2026-01-03 10:00:00+01:00,2025-01-03 10:00:00+01:00,2025,77.64,77.64,77.64
2026-01-03 11:00:00+01:00,2025-01-03 11:00:00+01:00,2025,70.48,70.48,70.48
2026-01-03 12:00:00+01:00,2025-01-03 12:00:00+01:00,2025,69.94,69.94,69.94
2026-01-03 13:00:00+01:00,2025-01-03 13:00:00+01:00,2025,77.8,77.8,77.8
2026-01-03 14:00:00+01:00,2025-01-03 14:00:00+01:00,2025,78.81,78.81,78.81
2026-01-03 15:00:00+01:00,2025-01-03 15:00:00+01:00,2025,85.29,85.29,85.29
2026-01-03 16:00:00+01:00,2025-01-03 16:00:00+01:00,2025,105.51,105.51,105.51
2026-01-03 17:00:00+01:00,2025-01-03 17:00:00+01:00,2025,116.66,116.66,116.66
2026-01-03 18:00:00+01:00,2025-01-03 18:00:00+01:00,2025,115.06,115.06,115.06
2026-01-03 19:00:00+01:00,2025-01-03 19:00:00+01:00,2025,114.91,114.91,114.91
2026-01-03 20:00:00+01:00,2025-01-03 20:00:00+01:00,2025,113.3,113.3,113.3
2026-01-03 21:00:00+01:00,2025-01-03 21:00:00+01:00,2025,107.8,107.8,107.8
2026-01-03 22:00:00+01:00,2025-01-03 22:00:00+01:00,2025,98.22,98.22,98.22
2026-01-03 23:00:00+01:00,2025-01-03 23:00:00+01:00,2025,88.57,88.57,88.57
2026-01-04 00:00:00+01:00,2025-01-04 00:00:00+01:00,2025,90.43,90.43,90.43
2026-01-04 01:00:00+01:00,2025-01-04 01:00:00+01:00,2025,90.29,90.29,90.29
2026-01-04 02:00:00+01:00,2025-01-04 02:00:00+01:00,2025,90.2,90.2,90.2
2026-01-04 03:00:00+01:00,2025-01-04 03:00:00+01:00,2025,91.52,91.52,91.52
2026-01-04 04:00:00+01:00,2025-01-04 04:00:00+01:00,2025,95.95,95.95,95.95
2026-01-04 05:00:00+01:00,2025-01-04 05:00:00+01:00,2025,102.11,102.11,102.11
2026-01-04 06:00:00+01:00,2025-01-04 06:00:00+01:00,2025,110.66,110.66,110.66
2026-01-04 07:00:00+01:00,2025-01-04 07:00:00+01:00,2025,119.96,119.96,119.96
2026-01-04 08:00:00+01:00,2025-01-04 08:00:00+01:00,2025,128.39,128.39,128.39
2026-01-04 09:00:00+01:00,2025-01-04 09:00:00+01:00,2025,130.75,130.75,130.75
2026-01-04 10:00:00+01:00,2025-01-04 10:00:00+01:00,2025,130.34,130.34,130.34
2026-01-04 11:00:00+01:00,2025-01-04 11:00:00+01:00,2025,128.29,128.29,128.29
2026-01-04 12:00:00+01:00,2025-01-04 12:00:00+01:00,2025,130.03,130.03,130.03
2026-01-04 13:00:00+01:00,2025-01-04 13:00:00+01:00,2025,129.85,129.85,129.85
2026-01-04 14:00:00+01:00,2025-01-04 14:00:00+01:00,2025,136.4,136.4,136.4
2026-01-04 15:00:00+01:00,2025-01-04 15:00:00+01:00,2025,138.72,138.72,138.72
2026-01-04 16:00:00+01:00,2025-01-04 16:00:00+01:00,2025,142.0,142.0,142.0
2026-01-04 17:00:00+01:00,2025-01-04 17:00:00+01:00,2025,151.24,151.24,151.24
2026-01-04 18:00:00+01:00,2025-01-04 18:00:00+01:00,2025,143.85,143.85,143.85
2026-01-04 19:00:00+01:00,2025-01-04 19:00:00+01:00,2025,137.96,137.96,137.96
2026-01-04 20:00:00+01:00,2025-01-04 20:00:00+01:00,2025,129.49,129.49,129.49
2026-01-04 21:00:00+01:00,2025-01-04 21:00:00+01:00,2025,122.83,122.83,122.83
2026-01-04 22:00:00+01:00,2025-01-04 22:00:00+01:00,2025,118.29,118.29,118.29
2026-01-04 23:00:00+01:00,2025-01-04 23:00:00+01:00,2025,109.49,109.49,109.49
2026-01-05 00:00:00+01:00,2025-01-05 00:00:00+01:00,2025,113.84,113.84,113.84
2026-01-05 01:00:00+01:00,2025-01-05 01:00:00+01:00,2025,100.33,100.33,100.33
2026-01-05 02:00:00+01:00,2025-01-05 02:00:00+01:00,2025,93.61,93.61,93.61
2026-01-05 03:00:00+01:00,2025-01-05 03:00:00+01:00,2025,93.87,93.87,93.87
2026-01-05 04:00:00+01:00,2025-01-05 04:00:00+01:00,2025,89.38,89.38,89.38
2026-01-05 05:00:00+01:00,2025-01-05 05:00:00+01:00,2025,83.55,83.55,83.55
2026-01-05 06:00:00+01:00,2025-01-05 06:00:00+01:00,2025,83.92,83.92,83.92
2026-01-05 07:00:00+01:00,2025-01-05 07:00:00+01:00,2025,82.53,82.53,82.53
2026-01-05 08:00:00+01:00,2025-01-05 08:00:00+01:00,2025,84.05,84.05,84.05
2026-01-05 09:00:00+01:00,2025-01-05 09:00:00+01:00,2025,89.15,89.15,89.15
2026-01-05 10:00:00+01:00,2025-01-05 10:00:00+01:00,2025,82.95,82.95,82.95
2026-01-05 11:00:00+01:00,2025-01-05 11:00:00+01:00,2025,88.82,88.82,88.82
2026-01-05 12:00:00+01:00,2025-01-05 12:00:00+01:00,2025,81.66,81.66,81.66
2026-01-05 13:00:00+01:00,2025-01-05 13:00:00+01:00,2025,78.39,78.39,78.39
2026-01-05 14:00:00+01:00,2025-01-05 14:00:00+01:00,2025,68.0,68.0,68.0
2026-01-05 15:00:00+01:00,2025-01-05 15:00:00+01:00,2025,50.64,50.64,50.64
2026-01-05 16:00:00+01:00,2025-01-05 16:00:00+01:00,2025,49.91,49.91,49.91
2026-01-05 17:00:00+01:00,2025-01-05 17:00:00+01:00,2025,66.3,66.3,66.3
2026-01-05 18:00:00+01:00,2025-01-05 18:00:00+01:00,2025,65.05,65.05,65.05
2026-01-05 19:00:00+01:00,2025-01-05 19:00:00+01:00,2025,51.28,51.28,51.28
2026-01-05 20:00:00+01:00,2025-01-05 20:00:00+01:00,2025,36.85,36.85,36.85
2026-01-05 21:00:00+01:00,2025-01-05 21:00:00+01:00,2025,36.8,36.8,36.8
2026-01-05 22:00:00+01:00,2025-01-05 22:00:00+01:00,2025,34.68,34.68,34.68
2026-01-05 23:00:00+01:00,2025-01-05 23:00:00+01:00,2025,28.14,28.14,28.14
2026-01-06 00:00:00+01:00,2025-01-06 00:00:00+01:00,2025,27.52,27.52,27.52
2026-01-06 01:00:00+01:00,2025-01-06 01:00:00+01:00,2025,19.26,19.26,19.26
2026-01-06 02:00:00+01:00,2025-01-06 02:00:00+01:00,2025,11.35,11.35,11.35
2026-01-06 03:00:00+01:00,2025-01-06 03:00:00+01:00,2025,9.2,9.2,9.2
2026-01-06 04:00:00+01:00,2025-01-06 04:00:00+01:00,2025,10.0,10.0,10.0
2026-01-06 05:00:00+01:00,2025-01-06 05:00:00+01:00,2025,14.81,14.81,14.81
2026-01-06 06:00:00+01:00,2025-01-06 06:00:00+01:00,2025,23.82,23.82,23.82
2026-01-06 07:00:00+01:00,2025-01-06 07:00:00+01:00,2025,31.72,31.72,31.72
2026-01-06 08:00:00+01:00,2025-01-06 08:00:00+01:00,2025,41.37,41.37,41.37
2026-01-06 09:00:00+01:00,2025-01-06 09:00:00+01:00,2025,36.36,36.36,36.36
2026-01-06 10:00:00+01:00,2025-01-06 10:00:00+01:00,2025,34.69,34.69,34.69
2026-01-06 11:00:00+01:00,2025-01-06 11:00:00+01:00,2025,32.83,32.83,32.83
2026-01-06 12:00:00+01:00,2025-01-06 12:00:00+01:00,2025,31.28,31.28,31.28
2026-01-06 13:00:00+01:00,2025-01-06 13:00:00+01:00,2025,28.6,28.6,28.6
2026-01-06 14:00:00+01:00,2025-01-06 14:00:00+01:00,2025,25.61,25.61,25.61
2026-01-06 15:00:00+01:00,2025-01-06 15:00:00+01:00,2025,26.32,26.32,26.32
2026-01-06 16:00:00+01:00,2025-01-06 16:00:00+01:00,2025,26.87,26.87,26.87
2026-01-06 17:00:00+01:00,2025-01-06 17:00:00+01:00,2025,31.66,31.66,31.66
2026-01-06 18:00:00+01:00,2025-01-06 18:00:00+01:00,2025,31.58,31.58,31.58
2026-01-06 19:00:00+01:00,2025-01-06 19:00:00+01:00,2025,28.74,28.74,28.74
2026-01-06 20:00:00+01:00,2025-01-06 20:00:00+01:00,2025,26.59,26.59,26.59
2026-01-06 21:00:00+01:00,2025-01-06 21:00:00+01:00,2025,13.82,13.82,13.82
2026-01-06 22:00:00+01:00,2025-01-06 22:00:00+01:00,2025,26.94,26.94,26.94
2026-01-06 23:00:00+01:00,2025-01-06 23:00:00+01:00,2025,12.99,12.99,12.99
2026-01-07 00:00:00+01:00,2025-01-07 00:00:00+01:00,2025,19.07,19.07,19.07
2026-01-07 01:00:00+01:00,2025-01-07 01:00:00+01:00,2025,8.71,8.71,8.71
2026-01-07 02:00:00+01:00,2025-01-07 02:00:00+01:00,2025,8.9,8.9,8.9
2026-01-07 03:00:00+01:00,2025-01-07 03:00:00+01:00,2025,5.01,5.01,5.01
2026-01-07 04:00:00+01:00,2025-01-07 04:00:00+01:00,2025,5.13,5.13,5.13
2026-01-07 05:00:00+01:00,2025-01-07 05:00:00+01:00,2025,5.8,5.8,5.8
2026-01-07 06:00:00+01:00,2025-01-07 06:00:00+01:00,2025,48.86,48.86,48.86
2026-01-07 07:00:00+01:00,2025-01-07 07:00:00+01:00,2025,76.83,76.83,76.83
2026-01-07 08:00:00+01:00,2025-01-07 08:00:00+01:00,2025,85.08,85.08,85.08
2026-01-07 09:00:00+01:00,2025-01-07 09:00:00+01:00,2025,84.24,84.24,84.24
2026-01-07 10:00:00+01:00,2025-01-07 10:00:00+01:00,2025,75.25,75.25,75.25
2026-01-07 11:00:00+01:00,2025-01-07 11:00:00+01:00,2025,62.8,62.8,62.8
2026-01-07 12:00:00+01:00,2025-01-07 12:00:00+01:00,2025,62.44,62.44,62.44
2026-01-07 13:00:00+01:00,2025-01-07 13:00:00+01:00,2025,63.9,63.9,63.9
2026-01-07 14:00:00+01:00,2025-01-07 14:00:00+01:00,2025,72.56,72.56,72.56
2026-01-07 15:00:00+01:00,2025-01-07 15:00:00+01:00,2025,78.11,78.11,78.11
2026-01-07 16:00:00+01:00,2025-01-07 16:00:00+01:00,2025,79.98,79.98,79.98
2026-01-07 17:00:00+01:00,2025-01-07 17:00:00+01:00,2025,96.03,96.03,96.03
2026-01-07 18:00:00+01:00,2025-01-07 18:00:00+01:00,2025,101.11,101.11,101.11
2026-01-07 19:00:00+01:00,2025-01-07 19:00:00+01:00,2025,86.21,86.21,86.21
2026-01-07 20:00:00+01:00,2025-01-07 20:00:00+01:00,2025,78.01,78.01,78.01
2026-01-07 21:00:00+01:00,2025-01-07 21:00:00+01:00,2025,72.45,72.45,72.45
2026-01-07 22:00:00+01:00,2025-01-07 22:00:00+01:00,2025,72.45,72.45,72.45
2026-01-07 23:00:00+01:00,2025-01-07 23:00:00+01:00,2025,50.04,50.04,50.04
2026-01-08 00:00:00+01:00,2025-01-08 00:00:00+01:00,2025,71.05,71.05,71.05
2026-01-08 01:00:00+01:00,2025-01-08 01:00:00+01:00,2025,68.01,68.01,68.01
2026-01-08 02:00:00+01:00,2025-01-08 02:00:00+01:00,2025,63.34,63.34,63.34
2026-01-08 03:00:00+01:00,2025-01-08 03:00:00+01:00,2025,57.01,57.01,57.01
2026-01-08 04:00:00+01:00,2025-01-08 04:00:00+01:00,2025,66.29,66.29,66.29
2026-01-08 05:00:00+01:00,2025-01-08 05:00:00+01:00,2025,72.07,72.07,72.07
2026-01-08 06:00:00+01:00,2025-01-08 06:00:00+01:00,2025,82.7,82.7,82.7
2026-01-08 07:00:00+01:00,2025-01-08 07:00:00+01:00,2025,100.73,100.73,100.73
2026-01-08 08:00:00+01:00,2025-01-08 08:00:00+01:00,2025,128.22,128.22,128.22
2026-01-08 09:00:00+01:00,2025-01-08 09:00:00+01:00,2025,108.18,108.18,108.18
2026-01-08 10:00:00+01:00,2025-01-08 10:00:00+01:00,2025,94.65,94.65,94.65
2026-01-08 11:00:00+01:00,2025-01-08 11:00:00+01:00,2025,100.01,100.01,100.01
2026-01-08 12:00:00+01:00,2025-01-08 12:00:00+01:00,2025,89.99,89.99,89.99
2026-01-08 13:00:00+01:00,2025-01-08 13:00:00+01:00,2025,97.2,97.2,97.2
2026-01-08 14:00:00+01:00,2025-01-08 14:00:00+01:00,2025,110.19,110.19,110.19
2026-01-08 15:00:00+01:00,2025-01-08 15:00:00+01:00,2025,127.8,127.8,127.8
2026-01-08 16:00:00+01:00,2025-01-08 16:00:00+01:00,2025,135.82,135.82,135.82
2026-01-08 17:00:00+01:00,2025-01-08 17:00:00+01:00,2025,155.46,155.46,155.46
2026-01-08 18:00:00+01:00,2025-01-08 18:00:00+01:00,2025,149.23,149.23,149.23
2026-01-08 19:00:00+01:00,2025-01-08 19:00:00+01:00,2025,146.48,146.48,146.48
2026-01-08 20:00:00+01:00,2025-01-08 20:00:00+01:00,2025,136.86,136.86,136.86
2026-01-08 21:00:00+01:00,2025-01-08 21:00:00+01:00,2025,127.86,127.86,127.86
2026-01-08 22:00:00+01:00,2025-01-08 22:00:00+01:00,2025,115.92,115.92,115.92
2026-01-08 23:00:00+01:00,2025-01-08 23:00:00+01:00,2025,103.59,103.59,103.59
2026-01-09 00:00:00+01:00,2025-01-09 00:00:00+01:00,2025,101.44,101.44,101.44
2026-01-09 01:00:00+01:00,2025-01-09 01:00:00+01:00,2025,100.0,100.0,100.0
2026-01-09 02:00:00+01:00,2025-01-09 02:00:00+01:00,2025,98.77,98.77,98.77
2026-01-09 03:00:00+01:00,2025-01-09 03:00:00+01:00,2025,95.22,95.22,95.22
2026-01-09 04:00:00+01:00,2025-01-09 04:00:00+01:00,2025,98.28,98.28,98.28
2026-01-09 05:00:00+01:00,2025-01-09 05:00:00+01:00,2025,102.65,102.65,102.65
2026-01-09 06:00:00+01:00,2025-01-09 06:00:00+01:00,2025,133.54,133.54,133.54
2026-01-09 07:00:00+01:00,2025-01-09 07:00:00+01:00,2025,148.8,148.8,148.8
2026-01-09 08:00:00+01:00,2025-01-09 08:00:00+01:00,2025,164.88,164.88,164.88
2026-01-09 09:00:00+01:00,2025-01-09 09:00:00+01:00,2025,156.15,156.15,156.15
2026-01-09 10:00:00+01:00,2025-01-09 10:00:00+01:00,2025,147.64,147.64,147.64
2026-01-09 11:00:00+01:00,2025-01-09 11:00:00+01:00,2025,140.21,140.21,140.21
2026-01-09 12:00:00+01:00,2025-01-09 12:00:00+01:00,2025,128.18,128.18,128.18
2026-01-09 13:00:00+01:00,2025-01-09 13:00:00+01:00,2025,121.15,121.15,121.15
2026-01-09 14:00:00+01:00,2025-01-09 14:00:00+01:00,2025,123.95,123.95,123.95
2026-01-09 15:00:00+01:00,2025-01-09 15:00:00+01:00,2025,127.53,127.53,127.53
2026-01-09 16:00:00+01:00,2025-01-09 16:00:00+01:00,2025,123.75,123.75,123.75
2026-01-09 17:00:00+01:00,2025-01-09 17:00:00+01:00,2025,130.91,130.91,130.91
2026-01-09 18:00:00+01:00,2025-01-09 18:00:00+01:00,2025,134.75,134.75,134.75
2026-01-09 19:00:00+01:00,2025-01-09 19:00:00+01:00,2025,125.44,125.44,125.44
2026-01-09 20:00:00+01:00,2025-01-09 20:00:00+01:00,2025,119.23,119.23,119.23
2026-01-09 21:00:00+01:00,2025-01-09 21:00:00+01:00,2025,104.99,104.99,104.99
2026-01-09 22:00:00+01:00,2025-01-09 22:00:00+01:00,2025,101.1,101.1,101.1
2026-01-09 23:00:00+01:00,2025-01-09 23:00:00+01:00,2025,88.19,88.19,88.19
2026-01-10 00:00:00+01:00,2025-01-10 00:00:00+01:00,2025,84.79,84.79,84.79
2026-01-10 01:00:00+01:00,2025-01-10 01:00:00+01:00,2025,80.23,80.23,80.23
2026-01-10 02:00:00+01:00,2025-01-10 02:00:00+01:00,2025,71.29,71.29,71.29
2026-01-10 03:00:00+01:00,2025-01-10 03:00:00+01:00,2025,69.05,69.05,69.05
2026-01-10 04:00:00+01:00,2025-01-10 04:00:00+01:00,2025,69.89,69.89,69.89
2026-01-10 05:00:00+01:00,2025-01-10 05:00:00+01:00,2025,83.9,83.9,83.9
2026-01-10 06:00:00+01:00,2025-01-10 06:00:00+01:00,2025,99.09,99.09,99.09
2026-01-10 07:00:00+01:00,2025-01-10 07:00:00+01:00,2025,123.92,123.92,123.92
2026-01-10 08:00:00+01:00,2025-01-10 08:00:00+01:00,2025,139.47,139.47,139.47
2026-01-10 09:00:00+01:00,2025-01-10 09:00:00+01:00,2025,136.92,136.92,136.92
2026-01-10 10:00:00+01:00,2025-01-10 10:00:00+01:00,2025,123.57,123.57,123.57
2026-01-10 11:00:00+01:00,2025-01-10 11:00:00+01:00,2025,113.59,113.59,113.59
2026-01-10 12:00:00+01:00,2025-01-10 12:00:00+01:00,2025,107.43,107.43,107.43
2026-01-10 13:00:00+01:00,2025-01-10 13:00:00+01:00,2025,105.01,105.01,105.01
2026-01-10 14:00:00+01:00,2025-01-10 14:00:00+01:00,2025,110.01,110.01,110.01
2026-01-10 15:00:00+01:00,2025-01-10 15:00:00+01:00,2025,128.69,128.69,128.69
2026-01-10 16:00:00+01:00,2025-01-10 16:00:00+01:00,2025,134.87,134.87,134.87
2026-01-10 17:00:00+01:00,2025-01-10 17:00:00+01:00,2025,142.56,142.56,142.56
2026-01-10 18:00:00+01:00,2025-01-10 18:00:00+01:00,2025,144.12,144.12,144.12
2026-01-10 19:00:00+01:00,2025-01-10 19:00:00+01:00,2025,141.05,141.05,141.05
2026-01-10 20:00:00+01:00,2025-01-10 20:00:00+01:00,2025,134.82,134.82,134.82
2026-01-10 21:00:00+01:00,2025-01-10 21:00:00+01:00,2025,122.51,122.51,122.51
2026-01-10 22:00:00+01:00,2025-01-10 22:00:00+01:00,2025,119.77,119.77,119.77
2026-01-10 23:00:00+01:00,2025-01-10 23:00:00+01:00,2025,111.71,111.71,111.71
2026-01-11 00:00:00+01:00,2025-01-11 00:00:00+01:00,2025,106.64,106.64,106.64
2026-01-11 01:00:00+01:00,2025-01-11 01:00:00+01:00,2025,98.99,98.99,98.99
2026-01-11 02:00:00+01:00,2025-01-11 02:00:00+01:00,2025,95.71,95.71,95.71
2026-01-11 03:00:00+01:00,2025-01-11 03:00:00+01:00,2025,89.45,89.45,89.45
2026-01-11 04:00:00+01:00,2025-01-11 04:00:00+01:00,2025,88.35,88.35,88.35
2026-01-11 05:00:00+01:00,2025-01-11 05:00:00+01:00,2025,88.4,88.4,88.4
2026-01-11 06:00:00+01:00,2025-01-11 06:00:00+01:00,2025,88.13,88.13,88.13
2026-01-11 07:00:00+01:00,2025-01-11 07:00:00+01:00,2025,94.68,94.68,94.68
2026-01-11 08:00:00+01:00,2025-01-11 08:00:00+01:00,2025,107.65,107.65,107.65
2026-01-11 09:00:00+01:00,2025-01-11 09:00:00+01:00,2025,103.14,103.14,103.14
2026-01-11 10:00:00+01:00,2025-01-11 10:00:00+01:00,2025,101.13,101.13,101.13
2026-01-11 11:00:00+01:00,2025-01-11 11:00:00+01:00,2025,99.56,99.56,99.56
2026-01-11 12:00:00+01:00,2025-01-11 12:00:00+01:00,2025,96.74,96.74,96.74
2026-01-11 13:00:00+01:00,2025-01-11 13:00:00+01:00,2025,93.15,93.15,93.15
2026-01-11 14:00:00+01:00,2025-01-11 14:00:00+01:00,2025,94.9,94.9,94.9
2026-01-11 15:00:00+01:00,2025-01-11 15:00:00+01:00,2025,104.89,104.89,104.89
2026-01-11 16:00:00+01:00,2025-01-11 16:00:00+01:00,2025,112.12,112.12,112.12
2026-01-11 17:00:00+01:00,2025-01-11 17:00:00+01:00,2025,119.8,119.8,119.8
2026-01-11 18:00:00+01:00,2025-01-11 18:00:00+01:00,2025,122.34,122.34,122.34
2026-01-11 19:00:00+01:00,2025-01-11 19:00:00+01:00,2025,114.85,114.85,114.85
2026-01-11 20:00:00+01:00,2025-01-11 20:00:00+01:00,2025,111.19,111.19,111.19
2026-01-11 21:00:00+01:00,2025-01-11 21:00:00+01:00,2025,104.8,104.8,104.8
2026-01-11 22:00:00+01:00,2025-01-11 22:00:00+01:00,2025,103.07,103.07,103.07
2026-01-11 23:00:00+01:00,2025-01-11 23:00:00+01:00,2025,105.69,105.69,105.69
2026-01-12 00:00:00+01:00,2025-01-12 00:00:00+01:00,2025,83.58,83.58,83.58
2026-01-12 01:00:00+01:00,2025-01-12 01:00:00+01:00,2025,83.79,83.79,83.79
2026-01-12 02:00:00+01:00,2025-01-12 02:00:00+01:00,2025,86.75,86.75,86.75
2026-01-12 03:00:00+01:00,2025-01-12 03:00:00+01:00,2025,84.2,84.2,84.2
2026-01-12 04:00:00+01:00,2025-01-12 04:00:00+01:00,2025,85.0,85.0,85.0
2026-01-12 05:00:00+01:00,2025-01-12 05:00:00+01:00,2025,83.75,83.75,83.75
2026-01-12 06:00:00+01:00,2025-01-12 06:00:00+01:00,2025,85.9,85.9,85.9
2026-01-12 07:00:00+01:00,2025-01-12 07:00:00+01:00,2025,101.75,101.75,101.75
2026-01-12 08:00:00+01:00,2025-01-12 08:00:00+01:00,2025,114.67,114.67,114.67
2026-01-12 09:00:00+01:00,2025-01-12 09:00:00+01:00,2025,120.07,120.07,120.07
2026-01-12 10:00:00+01:00,2025-01-12 10:00:00+01:00,2025,117.77,117.77,117.77
2026-01-12 11:00:00+01:00,2025-01-12 11:00:00+01:00,2025,105.61,105.61,105.61
2026-01-12 12:00:00+01:00,2025-01-12 12:00:00+01:00,2025,102.99,102.99,102.99
2026-01-12 13:00:00+01:00,2025-01-12 13:00:00+01:00,2025,99.61,99.61,99.61
2026-01-12 14:00:00+01:00,2025-01-12 14:00:00+01:00,2025,104.74,104.74,104.74
2026-01-12 15:00:00+01:00,2025-01-12 15:00:00+01:00,2025,118.7,118.7,118.7
2026-01-12 16:00:00+01:00,2025-01-12 16:00:00+01:00,2025,132.92,132.92,132.92
2026-01-12 17:00:00+01:00,2025-01-12 17:00:00+01:00,2025,141.0,141.0,141.0
2026-01-12 18:00:00+01:00,2025-01-12 18:00:00+01:00,2025,146.66,146.66,146.66
2026-01-12 19:00:00+01:00,2025-01-12 19:00:00+01:00,2025,143.66,143.66,143.66
2026-01-12 20:00:00+01:00,2025-01-12 20:00:00+01:00,2025,134.86,134.86,134.86
2026-01-12 21:00:00+01:00,2025-01-12 21:00:00+01:00,2025,127.49,127.49,127.49
2026-01-12 22:00:00+01:00,2025-01-12 22:00:00+01:00,2025,121.2,121.2,121.2
2026-01-12 23:00:00+01:00,2025-01-12 23:00:00+01:00,2025,114.9,114.9,114.9
2026-01-13 00:00:00+01:00,2025-01-13 00:00:00+01:00,2025,112.39,112.39,112.39
2026-01-13 01:00:00+01:00,2025-01-13 01:00:00+01:00,2025,105.07,105.07,105.07
2026-01-13 02:00:00+01:00,2025-01-13 02:00:00+01:00,2025,104.46,104.46,104.46
2026-01-13 03:00:00+01:00,2025-01-13 03:00:00+01:00,2025,100.37,100.37,100.37
2026-01-13 04:00:00+01:00,2025-01-13 04:00:00+01:00,2025,100.0,100.0,100.0
2026-01-13 05:00:00+01:00,2025-01-13 05:00:00+01:00,2025,110.11,110.11,110.11
2026-01-13 06:00:00+01:00,2025-01-13 06:00:00+01:00,2025,140.28,140.28,140.28
2026-01-13 07:00:00+01:00,2025-01-13 07:00:00+01:00,2025,181.92,181.92,181.92
2026-01-13 08:00:00+01:00,2025-01-13 08:00:00+01:00,2025,223.09,223.09,223.09
2026-01-13 09:00:00+01:00,2025-01-13 09:00:00+01:00,2025,174.09,174.09,174.09
2026-01-13 10:00:00+01:00,2025-01-13 10:00:00+01:00,2025,141.69,141.69,141.69
2026-01-13 11:00:00+01:00,2025-01-13 11:00:00+01:00,2025,115.73,115.73,115.73
2026-01-13 12:00:00+01:00,2025-01-13 12:00:00+01:00,2025,104.1,104.1,104.1
2026-01-13 13:00:00+01:00,2025-01-13 13:00:00+01:00,2025,103.04,103.04,103.04
2026-01-13 14:00:00+01:00,2025-01-13 14:00:00+01:00,2025,104.67,104.67,104.67
2026-01-13 15:00:00+01:00,2025-01-13 15:00:00+01:00,2025,138.2,138.2,138.2
2026-01-13 16:00:00+01:00,2025-01-13 16:00:00+01:00,2025,142.62,142.62,142.62
2026-01-13 17:00:00+01:00,2025-01-13 17:00:00+01:00,2025,149.0,149.0,149.0
2026-01-13 18:00:00+01:00,2025-01-13 18:00:00+01:00,2025,149.0,149.0,149.0
2026-01-13 19:00:00+01:00,2025-01-13 19:00:00+01:00,2025,139.73,139.73,139.73
2026-01-13 20:00:00+01:00,2025-01-13 20:00:00+01:00,2025,123.18,123.18,123.18
2026-01-13 21:00:00+01:00,2025-01-13 21:00:00+01:00,2025,120.22,120.22,120.22
2026-01-13 22:00:00+01:00,2025-01-13 22:00:00+01:00,2025,115.57,115.57,115.57
2026-01-13 23:00:00+01:00,2025-01-13 23:00:00+01:00,2025,102.31,102.31,102.31
2026-01-14 00:00:00+01:00,2025-01-14 00:00:00+01:00,2025,106.38,106.38,106.38
2026-01-14 01:00:00+01:00,2025-01-14 01:00:00+01:00,2025,103.7,103.7,103.7
2026-01-14 02:00:00+01:00,2025-01-14 02:00:00+01:00,2025,99.08,99.08,99.08
2026-01-14 03:00:00+01:00,2025-01-14 03:00:00+01:00,2025,97.99,97.99,97.99
2026-01-14 04:00:00+01:00,2025-01-14 04:00:00+01:00,2025,101.88,101.88,101.88
2026-01-14 05:00:00+01:00,2025-01-14 05:00:00+01:00,2025,107.64,107.64,107.64
2026-01-14 06:00:00+01:00,2025-01-14 06:00:00+01:00,2025,123.4,123.4,123.4
2026-01-14 07:00:00+01:00,2025-01-14 07:00:00+01:00,2025,156.62,156.62,156.62
2026-01-14 08:00:00+01:00,2025-01-14 08:00:00+01:00,2025,184.03,184.03,184.03
2026-01-14 09:00:00+01:00,2025-01-14 09:00:00+01:00,2025,151.86,151.86,151.86
2026-01-14 10:00:00+01:00,2025-01-14 10:00:00+01:00,2025,117.62,117.62,117.62
2026-01-14 11:00:00+01:00,2025-01-14 11:00:00+01:00,2025,109.31,109.31,109.31
2026-01-14 12:00:00+01:00,2025-01-14 12:00:00+01:00,2025,103.11,103.11,103.11
2026-01-14 13:00:00+01:00,2025-01-14 13:00:00+01:00,2025,108.11,108.11,108.11
2026-01-14 14:00:00+01:00,2025-01-14 14:00:00+01:00,2025,115.35,115.35,115.35
2026-01-14 15:00:00+01:00,2025-01-14 15:00:00+01:00,2025,125.35,125.35,125.35
2026-01-14 16:00:00+01:00,2025-01-14 16:00:00+01:00,2025,141.97,141.97,141.97
2026-01-14 17:00:00+01:00,2025-01-14 17:00:00+01:00,2025,165.86,165.86,165.86
2026-01-14 18:00:00+01:00,2025-01-14 18:00:00+01:00,2025,170.07,170.07,170.07
2026-01-14 19:00:00+01:00,2025-01-14 19:00:00+01:00,2025,158.38,158.38,158.38
2026-01-14 20:00:00+01:00,2025-01-14 20:00:00+01:00,2025,135.46,135.46,135.46
2026-01-14 21:00:00+01:00,2025-01-14 21:00:00+01:00,2025,117.69,117.69,117.69
2026-01-14 22:00:00+01:00,2025-01-14 22:00:00+01:00,2025,121.0,121.0,121.0
2026-01-14 23:00:00+01:00,2025-01-14 23:00:00+01:00,2025,121.76,121.76,121.76
2026-01-15 00:00:00+01:00,2025-01-15 00:00:00+01:00,2025,108.28,108.28,108.28
2026-01-15 01:00:00+01:00,2025-01-15 01:00:00+01:00,2025,107.72,107.72,107.72
2026-01-15 02:00:00+01:00,2025-01-15 02:00:00+01:00,2025,108.41,108.41,108.41
2026-01-15 03:00:00+01:00,2025-01-15 03:00:00+01:00,2025,108.04,108.04,108.04
2026-01-15 04:00:00+01:00,2025-01-15 04:00:00+01:00,2025,108.75,108.75,108.75
2026-01-15 05:00:00+01:00,2025-01-15 05:00:00+01:00,2025,114.92,114.92,114.92
2026-01-15 06:00:00+01:00,2025-01-15 06:00:00+01:00,2025,134.49,134.49,134.49
2026-01-15 07:00:00+01:00,2025-01-15 07:00:00+01:00,2025,191.79,191.79,191.79
2026-01-15 08:00:00+01:00,2025-01-15 08:00:00+01:00,2025,307.24,307.24,307.24
2026-01-15 09:00:00+01:00,2025-01-15 09:00:00+01:00,2025,315.02,315.02,315.02
2026-01-15 10:00:00+01:00,2025-01-15 10:00:00+01:00,2025,311.03,311.03,311.03
2026-01-15 11:00:00+01:00,2025-01-15 11:00:00+01:00,2025,304.8,304.8,304.8
2026-01-15 12:00:00+01:00,2025-01-15 12:00:00+01:00,2025,311.02,311.02,311.02
2026-01-15 13:00:00+01:00,2025-01-15 13:00:00+01:00,2025,309.34,309.34,309.34
2026-01-15 14:00:00+01:00,2025-01-15 14:00:00+01:00,2025,285.83,285.83,285.83
2026-01-15 15:00:00+01:00,2025-01-15 15:00:00+01:00,2025,301.74,301.74,301.74
2026-01-15 16:00:00+01:00,2025-01-15 16:00:00+01:00,2025,333.52,333.52,333.52
2026-01-15 17:00:00+01:00,2025-01-15 17:00:00+01:00,2025,377.99,377.99,377.99
2026-01-15 18:00:00+01:00,2025-01-15 18:00:00+01:00,2025,324.74,324.74,324.74
2026-01-15 19:00:00+01:00,2025-01-15 19:00:00+01:00,2025,270.09,270.09,270.09
2026-01-15 20:00:00+01:00,2025-01-15 20:00:00+01:00,2025,181.66,181.66,181.66
2026-01-15 21:00:00+01:00,2025-01-15 21:00:00+01:00,2025,150.87,150.87,150.87
2026-01-15 22:00:00+01:00,2025-01-15 22:00:00+01:00,2025,141.16,141.16,141.16
2026-01-15 23:00:00+01:00,2025-01-15 23:00:00+01:00,2025,123.9,123.9,123.9
2026-01-16 00:00:00+01:00,2025-01-16 00:00:00+01:00,2025,126.33,126.33,126.33
2026-01-16 01:00:00+01:00,2025-01-16 01:00:00+01:00,2025,119.12,119.12,119.12
2026-01-16 02:00:00+01:00,2025-01-16 02:00:00+01:00,2025,117.62,117.62,117.62
2026-01-16 03:00:00+01:00,2025-01-16 03:00:00+01:00,2025,115.03,115.03,115.03
2026-01-16 04:00:00+01:00,2025-01-16 04:00:00+01:00,2025,115.75,115.75,115.75
2026-01-16 05:00:00+01:00,2025-01-16 05:00:00+01:00,2025,123.27,123.27,123.27
2026-01-16 06:00:00+01:00,2025-01-16 06:00:00+01:00,2025,138.7,138.7,138.7
2026-01-16 07:00:00+01:00,2025-01-16 07:00:00+01:00,2025,173.04,173.04,173.04
2026-01-16 08:00:00+01:00,2025-01-16 08:00:00+01:00,2025,199.65,199.65,199.65
2026-01-16 09:00:00+01:00,2025-01-16 09:00:00+01:00,2025,175.0,175.0,175.0
2026-01-16 10:00:00+01:00,2025-01-16 10:00:00+01:00,2025,151.9,151.9,151.9
2026-01-16 11:00:00+01:00,2025-01-16 11:00:00+01:00,2025,140.64,140.64,140.64
2026-01-16 12:00:00+01:00,2025-01-16 12:00:00+01:00,2025,131.13,131.13,131.13
2026-01-16 13:00:00+01:00,2025-01-16 13:00:00+01:00,2025,130.58,130.58,130.58
2026-01-16 14:00:00+01:00,2025-01-16 14:00:00+01:00,2025,138.42,138.42,138.42
2026-01-16 15:00:00+01:00,2025-01-16 15:00:00+01:00,2025,163.04,163.04,163.04
2026-01-16 16:00:00+01:00,2025-01-16 16:00:00+01:00,2025,179.2,179.2,179.2
2026-01-16 17:00:00+01:00,2025-01-16 17:00:00+01:00,2025,191.56,191.56,191.56
2026-01-16 18:00:00+01:00,2025-01-16 18:00:00+01:00,2025,184.32,184.32,184.32
2026-01-16 19:00:00+01:00,2025-01-16 19:00:00+01:00,2025,179.97,179.97,179.97
2026-01-16 20:00:00+01:00,2025-01-16 20:00:00+01:00,2025,159.6,159.6,159.6
2026-01-16 21:00:00+01:00,2025-01-16 21:00:00+01:00,2025,141.6,141.6,141.6
2026-01-16 22:00:00+01:00,2025-01-16 22:00:00+01:00,2025,135.29,135.29,135.29
2026-01-16 23:00:00+01:00,2025-01-16 23:00:00+01:00,2025,123.75,123.75,123.75
2026-01-17 00:00:00+01:00,2025-01-17 00:00:00+01:00,2025,118.87,118.87,118.87
2026-01-17 01:00:00+01:00,2025-01-17 01:00:00+01:00,2025,118.39,118.39,118.39
2026-01-17 02:00:00+01:00,2025-01-17 02:00:00+01:00,2025,115.71,115.71,115.71
2026-01-17 03:00:00+01:00,2025-01-17 03:00:00+01:00,2025,114.72,114.72,114.72
2026-01-17 04:00:00+01:00,2025-01-17 04:00:00+01:00,2025,115.48,115.48,115.48
2026-01-17 05:00:00+01:00,2025-01-17 05:00:00+01:00,2025,122.16,122.16,122.16
2026-01-17 06:00:00+01:00,2025-01-17 06:00:00+01:00,2025,140.8,140.8,140.8
2026-01-17 07:00:00+01:00,2025-01-17 07:00:00+01:00,2025,175.01,175.01,175.01
2026-01-17 08:00:00+01:00,2025-01-17 08:00:00+01:00,2025,208.13,208.13,208.13
2026-01-17 09:00:00+01:00,2025-01-17 09:00:00+01:00,2025,175.34,175.34,175.34
2026-01-17 10:00:00+01:00,2025-01-17 10:00:00+01:00,2025,158.0,158.0,158.0
2026-01-17 11:00:00+01:00,2025-01-17 11:00:00+01:00,2025,140.73,140.73,140.73
2026-01-17 12:00:00+01:00,2025-01-17 12:00:00+01:00,2025,126.44,126.44,126.44
2026-01-17 13:00:00+01:00,2025-01-17 13:00:00+01:00,2025,124.03,124.03,124.03
2026-01-17 14:00:00+01:00,2025-01-17 14:00:00+01:00,2025,132.99,132.99,132.99
2026-01-17 15:00:00+01:00,2025-01-17 15:00:00+01:00,2025,151.98,151.98,151.98
2026-01-17 16:00:00+01:00,2025-01-17 16:00:00+01:00,2025,170.21,170.21,170.21
2026-01-17 17:00:00+01:00,2025-01-17 17:00:00+01:00,2025,178.79,178.79,178.79
2026-01-17 18:00:00+01:00,2025-01-17 18:00:00+01:00,2025,179.92,179.92,179.92
2026-01-17 19:00:00+01:00,2025-01-17 19:00:00+01:00,2025,174.22,174.22,174.22
2026-01-17 20:00:00+01:00,2025-01-17 20:00:00+01:00,2025,157.91,157.91,157.91
2026-01-17 21:00:00+01:00,2025-01-17 21:00:00+01:00,2025,145.0,145.0,145.0
2026-01-17 22:00:00+01:00,2025-01-17 22:00:00+01:00,2025,139.97,139.97,139.97
2026-01-17 23:00:00+01:00,2025-01-17 23:00:00+01:00,2025,126.84,126.84,126.84
2026-01-18 00:00:00+01:00,2025-01-18 00:00:00+01:00,2025,125.29,125.29,125.29
2026-01-18 01:00:00+01:00,2025-01-18 01:00:00+01:00,2025,121.05,121.05,121.05
2026-01-18 02:00:00+01:00,2025-01-18 02:00:00+01:00,2025,120.98,120.98,120.98
2026-01-18 03:00:00+01:00,2025-01-18 03:00:00+01:00,2025,118.85,118.85,118.85
2026-01-18 04:00:00+01:00,2025-01-18 04:00:00+01:00,2025,116.46,116.46,116.46
2026-01-18 05:00:00+01:00,2025-01-18 05:00:00+01:00,2025,119.77,119.77,119.77
2026-01-18 06:00:00+01:00,2025-01-18 06:00:00+01:00,2025,119.75,119.75,119.75
2026-01-18 07:00:00+01:00,2025-01-18 07:00:00+01:00,2025,133.39,133.39,133.39
2026-01-18 08:00:00+01:00,2025-01-18 08:00:00+01:00,2025,145.63,145.63,145.63
2026-01-18 09:00:00+01:00,2025-01-18 09:00:00+01:00,2025,144.1,144.1,144.1
2026-01-18 10:00:00+01:00,2025-01-18 10:00:00+01:00,2025,131.21,131.21,131.21
2026-01-18 11:00:00+01:00,2025-01-18 11:00:00+01:00,2025,121.56,121.56,121.56
2026-01-18 12:00:00+01:00,2025-01-18 12:00:00+01:00,2025,118.87,118.87,118.87
2026-01-18 13:00:00+01:00,2025-01-18 13:00:00+01:00,2025,115.01,115.01,115.01
2026-01-18 14:00:00+01:00,2025-01-18 14:00:00+01:00,2025,119.32,119.32,119.32
2026-01-18 15:00:00+01:00,2025-01-18 15:00:00+01:00,2025,133.32,133.32,133.32
2026-01-18 16:00:00+01:00,2025-01-18 16:00:00+01:00,2025,149.71,149.71,149.71
2026-01-18 17:00:00+01:00,2025-01-18 17:00:00+01:00,2025,164.59,164.59,164.59
2026-01-18 18:00:00+01:00,2025-01-18 18:00:00+01:00,2025,167.57,167.57,167.57
2026-01-18 19:00:00+01:00,2025-01-18 19:00:00+01:00,2025,167.85,167.85,167.85
2026-01-18 20:00:00+01:00,2025-01-18 20:00:00+01:00,2025,156.12,156.12,156.12
2026-01-18 21:00:00+01:00,2025-01-18 21:00:00+01:00,2025,143.42,143.42,143.42
2026-01-18 22:00:00+01:00,2025-01-18 22:00:00+01:00,2025,136.4,136.4,136.4
2026-01-18 23:00:00+01:00,2025-01-18 23:00:00+01:00,2025,129.36,129.36,129.36
2026-01-19 00:00:00+01:00,2025-01-19 00:00:00+01:00,2025,129.73,129.73,129.73
2026-01-19 01:00:00+01:00,2025-01-19 01:00:00+01:00,2025,124.2,124.2,124.2
2026-01-19 02:00:00+01:00,2025-01-19 02:00:00+01:00,2025,123.05,123.05,123.05
2026-01-19 03:00:00+01:00,2025-01-19 03:00:00+01:00,2025,121.24,121.24,121.24
2026-01-19 04:00:00+01:00,2025-01-19 04:00:00+01:00,2025,120.18,120.18,120.18
2026-01-19 05:00:00+01:00,2025-01-19 05:00:00+01:00,2025,120.0,120.0,120.0
2026-01-19 06:00:00+01:00,2025-01-19 06:00:00+01:00,2025,121.57,121.57,121.57
2026-01-19 07:00:00+01:00,2025-01-19 07:00:00+01:00,2025,123.33,123.33,123.33
2026-01-19 08:00:00+01:00,2025-01-19 08:00:00+01:00,2025,123.6,123.6,123.6
2026-01-19 09:00:00+01:00,2025-01-19 09:00:00+01:00,2025,125.16,125.16,125.16
2026-01-19 10:00:00+01:00,2025-01-19 10:00:00+01:00,2025,125.19,125.19,125.19
2026-01-19 11:00:00+01:00,2025-01-19 11:00:00+01:00,2025,121.56,121.56,121.56
2026-01-19 12:00:00+01:00,2025-01-19 12:00:00+01:00,2025,112.25,112.25,112.25
2026-01-19 13:00:00+01:00,2025-01-19 13:00:00+01:00,2025,107.51,107.51,107.51
2026-01-19 14:00:00+01:00,2025-01-19 14:00:00+01:00,2025,116.81,116.81,116.81
2026-01-19 15:00:00+01:00,2025-01-19 15:00:00+01:00,2025,126.29,126.29,126.29
2026-01-19 16:00:00+01:00,2025-01-19 16:00:00+01:00,2025,140.15,140.15,140.15
2026-01-19 17:00:00+01:00,2025-01-19 17:00:00+01:00,2025,149.67,149.67,149.67
2026-01-19 18:00:00+01:00,2025-01-19 18:00:00+01:00,2025,159.04,159.04,159.04
2026-01-19 19:00:00+01:00,2025-01-19 19:00:00+01:00,2025,156.6,156.6,156.6
2026-01-19 20:00:00+01:00,2025-01-19 20:00:00+01:00,2025,149.06,149.06,149.06
2026-01-19 21:00:00+01:00,2025-01-19 21:00:00+01:00,2025,139.26,139.26,139.26
2026-01-19 22:00:00+01:00,2025-01-19 22:00:00+01:00,2025,130.99,130.99,130.99
2026-01-19 23:00:00+01:00,2025-01-19 23:00:00+01:00,2025,122.94,122.94,122.94
2026-01-20 00:00:00+01:00,2025-01-20 00:00:00+01:00,2025,122.27,122.27,122.27
2026-01-20 01:00:00+01:00,2025-01-20 01:00:00+01:00,2025,119.44,119.44,119.44
2026-01-20 02:00:00+01:00,2025-01-20 02:00:00+01:00,2025,116.56,116.56,116.56
2026-01-20 03:00:00+01:00,2025-01-20 03:00:00+01:00,2025,114.41,114.41,114.41
2026-01-20 04:00:00+01:00,2025-01-20 04:00:00+01:00,2025,115.45,115.45,115.45
2026-01-20 05:00:00+01:00,2025-01-20 05:00:00+01:00,2025,127.54,127.54,127.54
2026-01-20 06:00:00+01:00,2025-01-20 06:00:00+01:00,2025,161.71,161.71,161.71
2026-01-20 07:00:00+01:00,2025-01-20 07:00:00+01:00,2025,276.48,276.48,276.48
2026-01-20 08:00:00+01:00,2025-01-20 08:00:00+01:00,2025,431.99,431.99,431.99
2026-01-20 09:00:00+01:00,2025-01-20 09:00:00+01:00,2025,291.7,291.7,291.7
2026-01-20 10:00:00+01:00,2025-01-20 10:00:00+01:00,2025,236.29,236.29,236.29
2026-01-20 11:00:00+01:00,2025-01-20 11:00:00+01:00,2025,187.48,187.48,187.48
2026-01-20 12:00:00+01:00,2025-01-20 12:00:00+01:00,2025,176.0,176.0,176.0
2026-01-20 13:00:00+01:00,2025-01-20 13:00:00+01:00,2025,171.39,171.39,171.39
2026-01-20 14:00:00+01:00,2025-01-20 14:00:00+01:00,2025,191.85,191.85,191.85
2026-01-20 15:00:00+01:00,2025-01-20 15:00:00+01:00,2025,277.17,277.17,277.17
2026-01-20 16:00:00+01:00,2025-01-20 16:00:00+01:00,2025,402.12,402.12,402.12
2026-01-20 17:00:00+01:00,2025-01-20 17:00:00+01:00,2025,583.4,583.4,583.4
2026-01-20 18:00:00+01:00,2025-01-20 18:00:00+01:00,2025,473.28,473.28,473.28
2026-01-20 19:00:00+01:00,2025-01-20 19:00:00+01:00,2025,295.57,295.57,295.57
2026-01-20 20:00:00+01:00,2025-01-20 20:00:00+01:00,2025,220.0,220.0,220.0
2026-01-20 21:00:00+01:00,2025-01-20 21:00:00+01:00,2025,170.0,170.0,170.0
2026-01-20 22:00:00+01:00,2025-01-20 22:00:00+01:00,2025,152.51,152.51,152.51
2026-01-20 23:00:00+01:00,2025-01-20 23:00:00+01:00,2025,137.98,137.98,137.98
2026-01-21 00:00:00+01:00,2025-01-21 00:00:00+01:00,2025,127.52,127.52,127.52
2026-01-21 01:00:00+01:00,2025-01-21 01:00:00+01:00,2025,121.65,121.65,121.65
2026-01-21 02:00:00+01:00,2025-01-21 02:00:00+01:00,2025,116.67,116.67,116.67
2026-01-21 03:00:00+01:00,2025-01-21 03:00:00+01:00,2025,113.86,113.86,113.86
2026-01-21 04:00:00+01:00,2025-01-21 04:00:00+01:00,2025,113.54,113.54,113.54
2026-01-21 05:00:00+01:00,2025-01-21 05:00:00+01:00,2025,122.34,122.34,122.34
2026-01-21 06:00:00+01:00,2025-01-21 06:00:00+01:00,2025,142.2,142.2,142.2
2026-01-21 07:00:00+01:00,2025-01-21 07:00:00+01:00,2025,190.06,190.06,190.06
2026-01-21 08:00:00+01:00,2025-01-21 08:00:00+01:00,2025,248.32,248.32,248.32
2026-01-21 09:00:00+01:00,2025-01-21 09:00:00+01:00,2025,211.68,211.68,211.68
2026-01-21 10:00:00+01:00,2025-01-21 10:00:00+01:00,2025,198.05,198.05,198.05
2026-01-21 11:00:00+01:00,2025-01-21 11:00:00+01:00,2025,161.5,161.5,161.5
2026-01-21 12:00:00+01:00,2025-01-21 12:00:00+01:00,2025,147.44,147.44,147.44
2026-01-21 13:00:00+01:00,2025-01-21 13:00:00+01:00,2025,142.83,142.83,142.83
2026-01-21 14:00:00+01:00,2025-01-21 14:00:00+01:00,2025,150.05,150.05,150.05
2026-01-21 15:00:00+01:00,2025-01-21 15:00:00+01:00,2025,173.43,173.43,173.43
2026-01-21 16:00:00+01:00,2025-01-21 16:00:00+01:00,2025,212.13,212.13,212.13
2026-01-21 17:00:00+01:00,2025-01-21 17:00:00+01:00,2025,301.15,301.15,301.15
2026-01-21 18:00:00+01:00,2025-01-21 18:00:00+01:00,2025,251.93,251.93,251.93
2026-01-21 19:00:00+01:00,2025-01-21 19:00:00+01:00,2025,202.68,202.68,202.68
2026-01-21 20:00:00+01:00,2025-01-21 20:00:00+01:00,2025,174.84,174.84,174.84
2026-01-21 21:00:00+01:00,2025-01-21 21:00:00+01:00,2025,155.19,155.19,155.19
2026-01-21 22:00:00+01:00,2025-01-21 22:00:00+01:00,2025,138.6,138.6,138.6
2026-01-21 23:00:00+01:00,2025-01-21 23:00:00+01:00,2025,125.29,125.29,125.29
2026-01-22 00:00:00+01:00,2025-01-22 00:00:00+01:00,2025,128.0,128.0,128.0
2026-01-22 01:00:00+01:00,2025-01-22 01:00:00+01:00,2025,125.06,125.06,125.06
2026-01-22 02:00:00+01:00,2025-01-22 02:00:00+01:00,2025,122.22,122.22,122.22
2026-01-22 03:00:00+01:00,2025-01-22 03:00:00+01:00,2025,121.66,121.66,121.66
2026-01-22 04:00:00+01:00,2025-01-22 04:00:00+01:00,2025,123.16,123.16,123.16
2026-01-22 05:00:00+01:00,2025-01-22 05:00:00+01:00,2025,128.32,128.32,128.32
2026-01-22 06:00:00+01:00,2025-01-22 06:00:00+01:00,2025,156.92,156.92,156.92
2026-01-22 07:00:00+01:00,2025-01-22 07:00:00+01:00,2025,208.25,208.25,208.25
2026-01-22 08:00:00+01:00,2025-01-22 08:00:00+01:00,2025,238.6,238.6,238.6
2026-01-22 09:00:00+01:00,2025-01-22 09:00:00+01:00,2025,199.41,199.41,199.41
2026-01-22 10:00:00+01:00,2025-01-22 10:00:00+01:00,2025,179.06,179.06,179.06
2026-01-22 11:00:00+01:00,2025-01-22 11:00:00+01:00,2025,172.94,172.94,172.94
2026-01-22 12:00:00+01:00,2025-01-22 12:00:00+01:00,2025,165.0,165.0,165.0
2026-01-22 13:00:00+01:00,2025-01-22 13:00:00+01:00,2025,170.0,170.0,170.0
2026-01-22 14:00:00+01:00,2025-01-22 14:00:00+01:00,2025,179.92,179.92,179.92
2026-01-22 15:00:00+01:00,2025-01-22 15:00:00+01:00,2025,195.67,195.67,195.67
2026-01-22 16:00:00+01:00,2025-01-22 16:00:00+01:00,2025,199.04,199.04,199.04
2026-01-22 17:00:00+01:00,2025-01-22 17:00:00+01:00,2025,208.99,208.99,208.99
2026-01-22 18:00:00+01:00,2025-01-22 18:00:00+01:00,2025,180.43,180.43,180.43
2026-01-22 19:00:00+01:00,2025-01-22 19:00:00+01:00,2025,167.08,167.08,167.08
2026-01-22 20:00:00+01:00,2025-01-22 20:00:00+01:00,2025,134.49,134.49,134.49
2026-01-22 21:00:00+01:00,2025-01-22 21:00:00+01:00,2025,127.78,127.78,127.78
2026-01-22 22:00:00+01:00,2025-01-22 22:00:00+01:00,2025,128.09,128.09,128.09
2026-01-22 23:00:00+01:00,2025-01-22 23:00:00+01:00,2025,114.68,114.68,114.68
2026-01-23 00:00:00+01:00,2025-01-23 00:00:00+01:00,2025,113.7,113.7,113.7
2026-01-23 01:00:00+01:00,2025-01-23 01:00:00+01:00,2025,108.88,108.88,108.88
2026-01-23 02:00:00+01:00,2025-01-23 02:00:00+01:00,2025,105.58,105.58,105.58
2026-01-23 03:00:00+01:00,2025-01-23 03:00:00+01:00,2025,100.01,100.01,100.01
2026-01-23 04:00:00+01:00,2025-01-23 04:00:00+01:00,2025,97.59,97.59,97.59
2026-01-23 05:00:00+01:00,2025-01-23 05:00:00+01:00,2025,100.01,100.01,100.01
2026-01-23 06:00:00+01:00,2025-01-23 06:00:00+01:00,2025,106.41,106.41,106.41
2026-01-23 07:00:00+01:00,2025-01-23 07:00:00+01:00,2025,136.6,136.6,136.6
2026-01-23 08:00:00+01:00,2025-01-23 08:00:00+01:00,2025,159.03,159.03,159.03
2026-01-23 09:00:00+01:00,2025-01-23 09:00:00+01:00,2025,155.42,155.42,155.42
2026-01-23 10:00:00+01:00,2025-01-23 10:00:00+01:00,2025,130.94,130.94,130.94
2026-01-23 11:00:00+01:00,2025-01-23 11:00:00+01:00,2025,116.1,116.1,116.1
2026-01-23 12:00:00+01:00,2025-01-23 12:00:00+01:00,2025,94.93,94.93,94.93
2026-01-23 13:00:00+01:00,2025-01-23 13:00:00+01:00,2025,88.56,88.56,88.56
2026-01-23 14:00:00+01:00,2025-01-23 14:00:00+01:00,2025,85.86,85.86,85.86
2026-01-23 15:00:00+01:00,2025-01-23 15:00:00+01:00,2025,89.8,89.8,89.8
2026-01-23 16:00:00+01:00,2025-01-23 16:00:00+01:00,2025,89.87,89.87,89.87
2026-01-23 17:00:00+01:00,2025-01-23 17:00:00+01:00,2025,106.75,106.75,106.75
2026-01-23 18:00:00+01:00,2025-01-23 18:00:00+01:00,2025,112.0,112.0,112.0
2026-01-23 19:00:00+01:00,2025-01-23 19:00:00+01:00,2025,101.87,101.87,101.87
2026-01-23 20:00:00+01:00,2025-01-23 20:00:00+01:00,2025,86.36,86.36,86.36
2026-01-23 21:00:00+01:00,2025-01-23 21:00:00+01:00,2025,74.28,74.28,74.28
2026-01-23 22:00:00+01:00,2025-01-23 22:00:00+01:00,2025,75.68,75.68,75.68
2026-01-23 23:00:00+01:00,2025-01-23 23:00:00+01:00,2025,58.23,58.23,58.23
2026-01-24 00:00:00+01:00,2025-01-24 00:00:00+01:00,2025,69.03,69.03,69.03
2026-01-24 01:00:00+01:00,2025-01-24 01:00:00+01:00,2025,58.16,58.16,58.16
2026-01-24 02:00:00+01:00,2025-01-24 02:00:00+01:00,2025,45.05,45.05,45.05
2026-01-24 03:00:00+01:00,2025-01-24 03:00:00+01:00,2025,40.6,40.6,40.6
2026-01-24 04:00:00+01:00,2025-01-24 04:00:00+01:00,2025,50.17,50.17,50.17
2026-01-24 05:00:00+01:00,2025-01-24 05:00:00+01:00,2025,73.2,73.2,73.2
2026-01-24 06:00:00+01:00,2025-01-24 06:00:00+01:00,2025,85.44,85.44,85.44
2026-01-24 07:00:00+01:00,2025-01-24 07:00:00+01:00,2025,109.16,109.16,109.16
2026-01-24 08:00:00+01:00,2025-01-24 08:00:00+01:00,2025,116.23,116.23,116.23
2026-01-24 09:00:00+01:00,2025-01-24 09:00:00+01:00,2025,96.34,96.34,96.34
2026-01-24 10:00:00+01:00,2025-01-24 10:00:00+01:00,2025,88.9,88.9,88.9
2026-01-24 11:00:00+01:00,2025-01-24 11:00:00+01:00,2025,78.44,78.44,78.44
2026-01-24 12:00:00+01:00,2025-01-24 12:00:00+01:00,2025,76.48,76.48,76.48
2026-01-24 13:00:00+01:00,2025-01-24 13:00:00+01:00,2025,74.69,74.69,74.69
2026-01-24 14:00:00+01:00,2025-01-24 14:00:00+01:00,2025,74.51,74.51,74.51
2026-01-24 15:00:00+01:00,2025-01-24 15:00:00+01:00,2025,74.51,74.51,74.51
2026-01-24 16:00:00+01:00,2025-01-24 16:00:00+01:00,2025,75.25,75.25,75.25
2026-01-24 17:00:00+01:00,2025-01-24 17:00:00+01:00,2025,83.02,83.02,83.02
2026-01-24 18:00:00+01:00,2025-01-24 18:00:00+01:00,2025,88.59,88.59,88.59
2026-01-24 19:00:00+01:00,2025-01-24 19:00:00+01:00,2025,91.78,91.78,91.78
2026-01-24 20:00:00+01:00,2025-01-24 20:00:00+01:00,2025,84.99,84.99,84.99
2026-01-24 21:00:00+01:00,2025-01-24 21:00:00+01:00,2025,80.79,80.79,80.79
2026-01-24 22:00:00+01:00,2025-01-24 22:00:00+01:00,2025,91.97,91.97,91.97
2026-01-24 23:00:00+01:00,2025-01-24 23:00:00+01:00,2025,86.29,86.29,86.29
2026-01-25 00:00:00+01:00,2025-01-25 00:00:00+01:00,2025,59.04,59.04,59.04
2026-01-25 01:00:00+01:00,2025-01-25 01:00:00+01:00,2025,64.96,64.96,64.96
2026-01-25 02:00:00+01:00,2025-01-25 02:00:00+01:00,2025,63.55,63.55,63.55
2026-01-25 03:00:00+01:00,2025-01-25 03:00:00+01:00,2025,67.17,67.17,67.17
2026-01-25 04:00:00+01:00,2025-01-25 04:00:00+01:00,2025,76.77,76.77,76.77
2026-01-25 05:00:00+01:00,2025-01-25 05:00:00+01:00,2025,76.89,76.89,76.89
2026-01-25 06:00:00+01:00,2025-01-25 06:00:00+01:00,2025,79.32,79.32,79.32
2026-01-25 07:00:00+01:00,2025-01-25 07:00:00+01:00,2025,76.89,76.89,76.89
2026-01-25 08:00:00+01:00,2025-01-25 08:00:00+01:00,2025,88.99,88.99,88.99
2026-01-25 09:00:00+01:00,2025-01-25 09:00:00+01:00,2025,87.31,87.31,87.31
2026-01-25 10:00:00+01:00,2025-01-25 10:00:00+01:00,2025,86.32,86.32,86.32
2026-01-25 11:00:00+01:00,2025-01-25 11:00:00+01:00,2025,88.15,88.15,88.15
2026-01-25 12:00:00+01:00,2025-01-25 12:00:00+01:00,2025,82.55,82.55,82.55
2026-01-25 13:00:00+01:00,2025-01-25 13:00:00+01:00,2025,81.98,81.98,81.98
2026-01-25 14:00:00+01:00,2025-01-25 14:00:00+01:00,2025,89.0,89.0,89.0
2026-01-25 15:00:00+01:00,2025-01-25 15:00:00+01:00,2025,111.07,111.07,111.07
2026-01-25 16:00:00+01:00,2025-01-25 16:00:00+01:00,2025,132.97,132.97,132.97
2026-01-25 17:00:00+01:00,2025-01-25 17:00:00+01:00,2025,145.85,145.85,145.85
2026-01-25 18:00:00+01:00,2025-01-25 18:00:00+01:00,2025,151.0,151.0,151.0
2026-01-25 19:00:00+01:00,2025-01-25 19:00:00+01:00,2025,147.53,147.53,147.53
2026-01-25 20:00:00+01:00,2025-01-25 20:00:00+01:00,2025,137.6,137.6,137.6
2026-01-25 21:00:00+01:00,2025-01-25 21:00:00+01:00,2025,134.61,134.61,134.61
2026-01-25 22:00:00+01:00,2025-01-25 22:00:00+01:00,2025,132.26,132.26,132.26
2026-01-25 23:00:00+01:00,2025-01-25 23:00:00+01:00,2025,122.03,122.03,122.03
2026-01-26 00:00:00+01:00,2025-01-26 00:00:00+01:00,2025,126.21,126.21,126.21
2026-01-26 01:00:00+01:00,2025-01-26 01:00:00+01:00,2025,115.79,115.79,115.79
2026-01-26 02:00:00+01:00,2025-01-26 02:00:00+01:00,2025,111.3,111.3,111.3
2026-01-26 03:00:00+01:00,2025-01-26 03:00:00+01:00,2025,106.85,106.85,106.85
2026-01-26 04:00:00+01:00,2025-01-26 04:00:00+01:00,2025,105.43,105.43,105.43
2026-01-26 05:00:00+01:00,2025-01-26 05:00:00+01:00,2025,107.86,107.86,107.86
2026-01-26 06:00:00+01:00,2025-01-26 06:00:00+01:00,2025,110.6,110.6,110.6
2026-01-26 07:00:00+01:00,2025-01-26 07:00:00+01:00,2025,117.62,117.62,117.62
2026-01-26 08:00:00+01:00,2025-01-26 08:00:00+01:00,2025,124.17,124.17,124.17
2026-01-26 09:00:00+01:00,2025-01-26 09:00:00+01:00,2025,121.97,121.97,121.97
2026-01-26 10:00:00+01:00,2025-01-26 10:00:00+01:00,2025,105.51,105.51,105.51
2026-01-26 11:00:00+01:00,2025-01-26 11:00:00+01:00,2025,102.57,102.57,102.57
2026-01-26 12:00:00+01:00,2025-01-26 12:00:00+01:00,2025,96.73,96.73,96.73
2026-01-26 13:00:00+01:00,2025-01-26 13:00:00+01:00,2025,90.02,90.02,90.02
2026-01-26 14:00:00+01:00,2025-01-26 14:00:00+01:00,2025,92.52,92.52,92.52
2026-01-26 15:00:00+01:00,2025-01-26 15:00:00+01:00,2025,111.63,111.63,111.63
2026-01-26 16:00:00+01:00,2025-01-26 16:00:00+01:00,2025,125.92,125.92,125.92
2026-01-26 17:00:00+01:00,2025-01-26 17:00:00+01:00,2025,132.77,132.77,132.77
2026-01-26 18:00:00+01:00,2025-01-26 18:00:00+01:00,2025,118.94,118.94,118.94
2026-01-26 19:00:00+01:00,2025-01-26 19:00:00+01:00,2025,90.32,90.32,90.32
2026-01-26 20:00:00+01:00,2025-01-26 20:00:00+01:00,2025,78.93,78.93,78.93
2026-01-26 21:00:00+01:00,2025-01-26 21:00:00+01:00,2025,68.26,68.26,68.26
2026-01-26 22:00:00+01:00,2025-01-26 22:00:00+01:00,2025,49.25,49.25,49.25
2026-01-26 23:00:00+01:00,2025-01-26 23:00:00+01:00,2025,23.89,23.89,23.89
2026-01-27 00:00:00+01:00,2025-01-27 00:00:00+01:00,2025,40.14,40.14,40.14
2026-01-27 01:00:00+01:00,2025-01-27 01:00:00+01:00,2025,35.26,35.26,35.26
2026-01-27 02:00:00+01:00,2025-01-27 02:00:00+01:00,2025,26.38,26.38,26.38
2026-01-27 03:00:00+01:00,2025-01-27 03:00:00+01:00,2025,14.07,14.07,14.07
2026-01-27 04:00:00+01:00,2025-01-27 04:00:00+01:00,2025,10.1,10.1,10.1
2026-01-27 05:00:00+01:00,2025-01-27 05:00:00+01:00,2025,21.52,21.52,21.52
2026-01-27 06:00:00+01:00,2025-01-27 06:00:00+01:00,2025,34.1,34.1,34.1
2026-01-27 07:00:00+01:00,2025-01-27 07:00:00+01:00,2025,56.99,56.99,56.99
2026-01-27 08:00:00+01:00,2025-01-27 08:00:00+01:00,2025,71.76,71.76,71.76
2026-01-27 09:00:00+01:00,2025-01-27 09:00:00+01:00,2025,62.96,62.96,62.96
2026-01-27 10:00:00+01:00,2025-01-27 10:00:00+01:00,2025,45.57,45.57,45.57
2026-01-27 11:00:00+01:00,2025-01-27 11:00:00+01:00,2025,40.11,40.11,40.11
2026-01-27 12:00:00+01:00,2025-01-27 12:00:00+01:00,2025,35.66,35.66,35.66
2026-01-27 13:00:00+01:00,2025-01-27 13:00:00+01:00,2025,38.37,38.37,38.37
2026-01-27 14:00:00+01:00,2025-01-27 14:00:00+01:00,2025,53.95,53.95,53.95
2026-01-27 15:00:00+01:00,2025-01-27 15:00:00+01:00,2025,86.79,86.79,86.79
2026-01-27 16:00:00+01:00,2025-01-27 16:00:00+01:00,2025,102.46,102.46,102.46
2026-01-27 17:00:00+01:00,2025-01-27 17:00:00+01:00,2025,118.56,118.56,118.56
2026-01-27 18:00:00+01:00,2025-01-27 18:00:00+01:00,2025,118.67,118.67,118.67
2026-01-27 19:00:00+01:00,2025-01-27 19:00:00+01:00,2025,100.05,100.05,100.05
2026-01-27 20:00:00+01:00,2025-01-27 20:00:00+01:00,2025,94.07,94.07,94.07
2026-01-27 21:00:00+01:00,2025-01-27 21:00:00+01:00,2025,85.08,85.08,85.08
2026-01-27 22:00:00+01:00,2025-01-27 22:00:00+01:00,2025,82.26,82.26,82.26
2026-01-27 23:00:00+01:00,2025-01-27 23:00:00+01:00,2025,69.28,69.28,69.28
2026-01-28 00:00:00+01:00,2025-01-28 00:00:00+01:00,2025,76.92,76.92,76.92
2026-01-28 01:00:00+01:00,2025-01-28 01:00:00+01:00,2025,71.53,71.53,71.53
2026-01-28 02:00:00+01:00,2025-01-28 02:00:00+01:00,2025,57.33,57.33,57.33
2026-01-28 03:00:00+01:00,2025-01-28 03:00:00+01:00,2025,69.28,69.28,69.28
2026-01-28 04:00:00+01:00,2025-01-28 04:00:00+01:00,2025,76.92,76.92,76.92
2026-01-28 05:00:00+01:00,2025-01-28 05:00:00+01:00,2025,77.59,77.59,77.59
2026-01-28 06:00:00+01:00,2025-01-28 06:00:00+01:00,2025,98.22,98.22,98.22
2026-01-28 07:00:00+01:00,2025-01-28 07:00:00+01:00,2025,125.45,125.45,125.45
2026-01-28 08:00:00+01:00,2025-01-28 08:00:00+01:00,2025,147.5,147.5,147.5
2026-01-28 09:00:00+01:00,2025-01-28 09:00:00+01:00,2025,135.3,135.3,135.3
2026-01-28 10:00:00+01:00,2025-01-28 10:00:00+01:00,2025,120.53,120.53,120.53
2026-01-28 11:00:00+01:00,2025-01-28 11:00:00+01:00,2025,116.34,116.34,116.34
2026-01-28 12:00:00+01:00,2025-01-28 12:00:00+01:00,2025,114.75,114.75,114.75
2026-01-28 13:00:00+01:00,2025-01-28 13:00:00+01:00,2025,117.39,117.39,117.39
2026-01-28 14:00:00+01:00,2025-01-28 14:00:00+01:00,2025,121.33,121.33,121.33
2026-01-28 15:00:00+01:00,2025-01-28 15:00:00+01:00,2025,139.91,139.91,139.91
2026-01-28 16:00:00+01:00,2025-01-28 16:00:00+01:00,2025,147.0,147.0,147.0
2026-01-28 17:00:00+01:00,2025-01-28 17:00:00+01:00,2025,149.6,149.6,149.6
2026-01-28 18:00:00+01:00,2025-01-28 18:00:00+01:00,2025,134.94,134.94,134.94
2026-01-28 19:00:00+01:00,2025-01-28 19:00:00+01:00,2025,128.9,128.9,128.9
2026-01-28 20:00:00+01:00,2025-01-28 20:00:00+01:00,2025,94.76,94.76,94.76
2026-01-28 21:00:00+01:00,2025-01-28 21:00:00+01:00,2025,87.26,87.26,87.26
2026-01-28 22:00:00+01:00,2025-01-28 22:00:00+01:00,2025,79.8,79.8,79.8
2026-01-28 23:00:00+01:00,2025-01-28 23:00:00+01:00,2025,64.43,64.43,64.43
2026-01-29 00:00:00+01:00,2025-01-29 00:00:00+01:00,2025,87.72,87.72,87.72
2026-01-29 01:00:00+01:00,2025-01-29 01:00:00+01:00,2025,83.39,83.39,83.39
2026-01-29 02:00:00+01:00,2025-01-29 02:00:00+01:00,2025,78.16,78.16,78.16
2026-01-29 03:00:00+01:00,2025-01-29 03:00:00+01:00,2025,75.64,75.64,75.64
2026-01-29 04:00:00+01:00,2025-01-29 04:00:00+01:00,2025,79.01,79.01,79.01
2026-01-29 05:00:00+01:00,2025-01-29 05:00:00+01:00,2025,86.98,86.98,86.98
2026-01-29 06:00:00+01:00,2025-01-29 06:00:00+01:00,2025,93.14,93.14,93.14
2026-01-29 07:00:00+01:00,2025-01-29 07:00:00+01:00,2025,141.42,141.42,141.42
2026-01-29 08:00:00+01:00,2025-01-29 08:00:00+01:00,2025,142.54,142.54,142.54
2026-01-29 09:00:00+01:00,2025-01-29 09:00:00+01:00,2025,130.45,130.45,130.45
2026-01-29 10:00:00+01:00,2025-01-29 10:00:00+01:00,2025,105.05,105.05,105.05
2026-01-29 11:00:00+01:00,2025-01-29 11:00:00+01:00,2025,89.25,89.25,89.25
2026-01-29 12:00:00+01:00,2025-01-29 12:00:00+01:00,2025,85.0,85.0,85.0
2026-01-29 13:00:00+01:00,2025-01-29 13:00:00+01:00,2025,85.53,85.53,85.53
2026-01-29 14:00:00+01:00,2025-01-29 14:00:00+01:00,2025,87.67,87.67,87.67
2026-01-29 15:00:00+01:00,2025-01-29 15:00:00+01:00,2025,102.75,102.75,102.75
2026-01-29 16:00:00+01:00,2025-01-29 16:00:00+01:00,2025,132.66,132.66,132.66
2026-01-29 17:00:00+01:00,2025-01-29 17:00:00+01:00,2025,149.57,149.57,149.57
2026-01-29 18:00:00+01:00,2025-01-29 18:00:00+01:00,2025,150.09,150.09,150.09
2026-01-29 19:00:00+01:00,2025-01-29 19:00:00+01:00,2025,146.3,146.3,146.3
2026-01-29 20:00:00+01:00,2025-01-29 20:00:00+01:00,2025,131.95,131.95,131.95
2026-01-29 21:00:00+01:00,2025-01-29 21:00:00+01:00,2025,119.65,119.65,119.65
2026-01-29 22:00:00+01:00,2025-01-29 22:00:00+01:00,2025,111.99,111.99,111.99
2026-01-29 23:00:00+01:00,2025-01-29 23:00:00+01:00,2025,99.33,99.33,99.33
2026-01-30 00:00:00+01:00,2025-01-30 00:00:00+01:00,2025,92.41,92.41,92.41
2026-01-30 01:00:00+01:00,2025-01-30 01:00:00+01:00,2025,92.43,92.43,92.43
2026-01-30 02:00:00+01:00,2025-01-30 02:00:00+01:00,2025,93.33,93.33,93.33
2026-01-30 03:00:00+01:00,2025-01-30 03:00:00+01:00,2025,92.95,92.95,92.95
2026-01-30 04:00:00+01:00,2025-01-30 04:00:00+01:00,2025,92.43,92.43,92.43
2026-01-30 05:00:00+01:00,2025-01-30 05:00:00+01:00,2025,108.65,108.65,108.65
2026-01-30 06:00:00+01:00,2025-01-30 06:00:00+01:00,2025,139.83,139.83,139.83
2026-01-30 07:00:00+01:00,2025-01-30 07:00:00+01:00,2025,152.64,152.64,152.64
2026-01-30 08:00:00+01:00,2025-01-30 08:00:00+01:00,2025,160.3,160.3,160.3
2026-01-30 09:00:00+01:00,2025-01-30 09:00:00+01:00,2025,151.51,151.51,151.51
2026-01-30 10:00:00+01:00,2025-01-30 10:00:00+01:00,2025,135.09,135.09,135.09
2026-01-30 11:00:00+01:00,2025-01-30 11:00:00+01:00,2025,123.25,123.25,123.25
2026-01-30 12:00:00+01:00,2025-01-30 12:00:00+01:00,2025,115.89,115.89,115.89
2026-01-30 13:00:00+01:00,2025-01-30 13:00:00+01:00,2025,113.3,113.3,113.3
2026-01-30 14:00:00+01:00,2025-01-30 14:00:00+01:00,2025,129.41,129.41,129.41
2026-01-30 15:00:00+01:00,2025-01-30 15:00:00+01:00,2025,153.22,153.22,153.22
2026-01-30 16:00:00+01:00,2025-01-30 16:00:00+01:00,2025,160.87,160.87,160.87
2026-01-30 17:00:00+01:00,2025-01-30 17:00:00+01:00,2025,180.36,180.36,180.36
2026-01-30 18:00:00+01:00,2025-01-30 18:00:00+01:00,2025,176.58,176.58,176.58
2026-01-30 19:00:00+01:00,2025-01-30 19:00:00+01:00,2025,161.28,161.28,161.28
2026-01-30 20:00:00+01:00,2025-01-30 20:00:00+01:00,2025,150.2,150.2,150.2
2026-01-30 21:00:00+01:00,2025-01-30 21:00:00+01:00,2025,134.17,134.17,134.17
2026-01-30 22:00:00+01:00,2025-01-30 22:00:00+01:00,2025,126.46,126.46,126.46
2026-01-30 23:00:00+01:00,2025-01-30 23:00:00+01:00,2025,120.2,120.2,120.2
2026-01-31 00:00:00+01:00,2025-01-31 00:00:00+01:00,2025,120.0,120.0,120.0
2026-01-31 01:00:00+01:00,2025-01-31 01:00:00+01:00,2025,117.08,117.08,117.08
2026-01-31 02:00:00+01:00,2025-01-31 02:00:00+01:00,2025,113.89,113.89,113.89
2026-01-31 03:00:00+01:00,2025-01-31 03:00:00+01:00,2025,113.12,113.12,113.12
2026-01-31 04:00:00+01:00,2025-01-31 04:00:00+01:00,2025,115.98,115.98,115.98
2026-01-31 05:00:00+01:00,2025-01-31 05:00:00+01:00,2025,120.74,120.74,120.74
2026-01-31 06:00:00+01:00,2025-01-31 06:00:00+01:00,2025,131.87,131.87,131.87
2026-01-31 07:00:00+01:00,2025-01-31 07:00:00+01:00,2025,157.97,157.97,157.97
2026-01-31 08:00:00+01:00,2025-01-31 08:00:00+01:00,2025,163.7,163.7,163.7
2026-01-31 09:00:00+01:00,2025-01-31 09:00:00+01:00,2025,154.82,154.82,154.82
2026-01-31 10:00:00+01:00,2025-01-31 10:00:00+01:00,2025,130.1,130.1,130.1
2026-01-31 11:00:00+01:00,2025-01-31 11:00:00+01:00,2025,126.2,126.2,126.2
2026-01-31 12:00:00+01:00,2025-01-31 12:00:00+01:00,2025,120.06,120.06,120.06
2026-01-31 13:00:00+01:00,2025-01-31 13:00:00+01:00,2025,121.19,121.19,121.19
2026-01-31 14:00:00+01:00,2025-01-31 14:00:00+01:00,2025,119.76,119.76,119.76
2026-01-31 15:00:00+01:00,2025-01-31 15:00:00+01:00,2025,149.87,149.87,149.87
2026-01-31 16:00:00+01:00,2025-01-31 16:00:00+01:00,2025,168.26,168.26,168.26
2026-01-31 17:00:00+01:00,2025-01-31 17:00:00+01:00,2025,185.26,185.26,185.26
2026-01-31 18:00:00+01:00,2025-01-31 18:00:00+01:00,2025,184.48,184.48,184.48
2026-01-31 19:00:00+01:00,2025-01-31 19:00:00+01:00,2025,178.99,178.99,178.99
2026-01-31 20:00:00+01:00,2025-01-31 20:00:00+01:00,2025,162.66,162.66,162.66
2026-01-31 21:00:00+01:00,2025-01-31 21:00:00+01:00,2025,152.7,152.7,152.7
2026-01-31 22:00:00+01:00,2025-01-31 22:00:00+01:00,2025,144.31,144.31,144.31
2026-01-31 23:00:00+01:00,2025-01-31 23:00:00+01:00,2025,131.41,131.41,131.41
2026-02-01 00:00:00+01:00,2025-02-01 00:00:00+01:00,2025,136.93,136.93,136.93
2026-02-01 01:00:00+01:00,2025-02-01 01:00:00+01:00,2025,129.42,129.42,129.42
2026-02-01 02:00:00+01:00,2025-02-01 02:00:00+01:00,2025,124.24,124.24,124.24
2026-02-01 03:00:00+01:00,2025-02-01 03:00:00+01:00,2025,119.12,119.12,119.12
2026-02-01 04:00:00+01:00,2025-02-01 04:00:00+01:00,2025,118.86,118.86,118.86
2026-02-01 05:00:00+01:00,2025-02-01 05:00:00+01:00,2025,120.54,120.54,120.54
2026-02-01 06:00:00+01:00,2025-02-01 06:00:00+01:00,2025,127.1,127.1,127.1
2026-02-01 07:00:00+01:00,2025-02-01 07:00:00+01:00,2025,144.74,144.74,144.74
2026-02-01 08:00:00+01:00,2025-02-01 08:00:00+01:00,2025,153.46,153.46,153.46
2026-02-01 09:00:00+01:00,2025-02-01 09:00:00+01:00,2025,142.44,142.44,142.44
2026-02-01 10:00:00+01:00,2025-02-01 10:00:00+01:00,2025,128.4,128.4,128.4
2026-02-01 11:00:00+01:00,2025-02-01 11:00:00+01:00,2025,120.08,120.08,120.08
2026-02-01 12:00:00+01:00,2025-02-01 12:00:00+01:00,2025,110.29,110.29,110.29
2026-02-01 13:00:00+01:00,2025-02-01 13:00:00+01:00,2025,103.4,103.4,103.4
2026-02-01 14:00:00+01:00,2025-02-01 14:00:00+01:00,2025,113.7,113.7,113.7
2026-02-01 15:00:00+01:00,2025-02-01 15:00:00+01:00,2025,129.49,129.49,129.49
2026-02-01 16:00:00+01:00,2025-02-01 16:00:00+01:00,2025,154.43,154.43,154.43
2026-02-01 17:00:00+01:00,2025-02-01 17:00:00+01:00,2025,168.27,168.27,168.27
2026-02-01 18:00:00+01:00,2025-02-01 18:00:00+01:00,2025,167.51,167.51,167.51
2026-02-01 19:00:00+01:00,2025-02-01 19:00:00+01:00,2025,162.98,162.98,162.98
2026-02-01 20:00:00+01:00,2025-02-01 20:00:00+01:00,2025,156.6,156.6,156.6
2026-02-01 21:00:00+01:00,2025-02-01 21:00:00+01:00,2025,145.24,145.24,145.24
2026-02-01 22:00:00+01:00,2025-02-01 22:00:00+01:00,2025,141.73,141.73,141.73
2026-02-01 23:00:00+01:00,2025-02-01 23:00:00+01:00,2025,131.74,131.74,131.74
2026-02-02 00:00:00+01:00,2025-02-02 00:00:00+01:00,2025,133.26,133.26,133.26
2026-02-02 01:00:00+01:00,2025-02-02 01:00:00+01:00,2025,126.91,126.91,126.91
2026-02-02 02:00:00+01:00,2025-02-02 02:00:00+01:00,2025,122.99,122.99,122.99
2026-02-02 03:00:00+01:00,2025-02-02 03:00:00+01:00,2025,120.66,120.66,120.66
2026-02-02 04:00:00+01:00,2025-02-02 04:00:00+01:00,2025,122.34,122.34,122.34
2026-02-02 05:00:00+01:00,2025-02-02 05:00:00+01:00,2025,123.41,123.41,123.41
2026-02-02 06:00:00+01:00,2025-02-02 06:00:00+01:00,2025,128.09,128.09,128.09
2026-02-02 07:00:00+01:00,2025-02-02 07:00:00+01:00,2025,135.9,135.9,135.9
2026-02-02 08:00:00+01:00,2025-02-02 08:00:00+01:00,2025,137.3,137.3,137.3
2026-02-02 09:00:00+01:00,2025-02-02 09:00:00+01:00,2025,137.7,137.7,137.7
2026-02-02 10:00:00+01:00,2025-02-02 10:00:00+01:00,2025,130.04,130.04,130.04
2026-02-02 11:00:00+01:00,2025-02-02 11:00:00+01:00,2025,129.33,129.33,129.33
2026-02-02 12:00:00+01:00,2025-02-02 12:00:00+01:00,2025,122.24,122.24,122.24
2026-02-02 13:00:00+01:00,2025-02-02 13:00:00+01:00,2025,111.88,111.88,111.88
2026-02-02 14:00:00+01:00,2025-02-02 14:00:00+01:00,2025,116.42,116.42,116.42
2026-02-02 15:00:00+01:00,2025-02-02 15:00:00+01:00,2025,127.97,127.97,127.97
2026-02-02 16:00:00+01:00,2025-02-02 16:00:00+01:00,2025,151.21,151.21,151.21
2026-02-02 17:00:00+01:00,2025-02-02 17:00:00+01:00,2025,164.03,164.03,164.03
2026-02-02 18:00:00+01:00,2025-02-02 18:00:00+01:00,2025,172.49,172.49,172.49
2026-02-02 19:00:00+01:00,2025-02-02 19:00:00+01:00,2025,173.95,173.95,173.95
2026-02-02 20:00:00+01:00,2025-02-02 20:00:00+01:00,2025,165.5,165.5,165.5
2026-02-02 21:00:00+01:00,2025-02-02 21:00:00+01:00,2025,155.77,155.77,155.77
2026-02-02 22:00:00+01:00,2025-02-02 22:00:00+01:00,2025,148.44,148.44,148.44
2026-02-02 23:00:00+01:00,2025-02-02 23:00:00+01:00,2025,133.24,133.24,133.24
2026-02-03 00:00:00+01:00,2025-02-03 00:00:00+01:00,2025,129.54,129.54,129.54
2026-02-03 01:00:00+01:00,2025-02-03 01:00:00+01:00,2025,126.63,126.63,126.63
2026-02-03 02:00:00+01:00,2025-02-03 02:00:00+01:00,2025,124.72,124.72,124.72
2026-02-03 03:00:00+01:00,2025-02-03 03:00:00+01:00,2025,120.04,120.04,120.04
2026-02-03 04:00:00+01:00,2025-02-03 04:00:00+01:00,2025,123.24,123.24,123.24
2026-02-03 05:00:00+01:00,2025-02-03 05:00:00+01:00,2025,127.77,127.77,127.77
2026-02-03 06:00:00+01:00,2025-02-03 06:00:00+01:00,2025,159.18,159.18,159.18
2026-02-03 07:00:00+01:00,2025-02-03 07:00:00+01:00,2025,207.88,207.88,207.88
2026-02-03 08:00:00+01:00,2025-02-03 08:00:00+01:00,2025,243.23,243.23,243.23
2026-02-03 09:00:00+01:00,2025-02-03 09:00:00+01:00,2025,178.04,178.04,178.04
2026-02-03 10:00:00+01:00,2025-02-03 10:00:00+01:00,2025,149.95,149.95,149.95
2026-02-03 11:00:00+01:00,2025-02-03 11:00:00+01:00,2025,126.05,126.05,126.05
2026-02-03 12:00:00+01:00,2025-02-03 12:00:00+01:00,2025,117.27,117.27,117.27
2026-02-03 13:00:00+01:00,2025-02-03 13:00:00+01:00,2025,115.29,115.29,115.29
2026-02-03 14:00:00+01:00,2025-02-03 14:00:00+01:00,2025,124.18,124.18,124.18
2026-02-03 15:00:00+01:00,2025-02-03 15:00:00+01:00,2025,145.86,145.86,145.86
2026-02-03 16:00:00+01:00,2025-02-03 16:00:00+01:00,2025,170.71,170.71,170.71
2026-02-03 17:00:00+01:00,2025-02-03 17:00:00+01:00,2025,216.0,216.0,216.0
2026-02-03 18:00:00+01:00,2025-02-03 18:00:00+01:00,2025,200.73,200.73,200.73
2026-02-03 19:00:00+01:00,2025-02-03 19:00:00+01:00,2025,201.1,201.1,201.1
2026-02-03 20:00:00+01:00,2025-02-03 20:00:00+01:00,2025,167.74,167.74,167.74
2026-02-03 21:00:00+01:00,2025-02-03 21:00:00+01:00,2025,153.0,153.0,153.0
2026-02-03 22:00:00+01:00,2025-02-03 22:00:00+01:00,2025,144.23,144.23,144.23
2026-02-03 23:00:00+01:00,2025-02-03 23:00:00+01:00,2025,135.81,135.81,135.81
2026-02-04 00:00:00+01:00,2025-02-04 00:00:00+01:00,2025,132.4,132.4,132.4
2026-02-04 01:00:00+01:00,2025-02-04 01:00:00+01:00,2025,125.54,125.54,125.54
2026-02-04 02:00:00+01:00,2025-02-04 02:00:00+01:00,2025,123.18,123.18,123.18
2026-02-04 03:00:00+01:00,2025-02-04 03:00:00+01:00,2025,123.99,123.99,123.99
2026-02-04 04:00:00+01:00,2025-02-04 04:00:00+01:00,2025,123.25,123.25,123.25
2026-02-04 05:00:00+01:00,2025-02-04 05:00:00+01:00,2025,127.63,127.63,127.63
2026-02-04 06:00:00+01:00,2025-02-04 06:00:00+01:00,2025,155.42,155.42,155.42
2026-02-04 07:00:00+01:00,2025-02-04 07:00:00+01:00,2025,192.24,192.24,192.24
2026-02-04 08:00:00+01:00,2025-02-04 08:00:00+01:00,2025,211.99,211.99,211.99
2026-02-04 09:00:00+01:00,2025-02-04 09:00:00+01:00,2025,163.31,163.31,163.31
2026-02-04 10:00:00+01:00,2025-02-04 10:00:00+01:00,2025,136.53,136.53,136.53
2026-02-04 11:00:00+01:00,2025-02-04 11:00:00+01:00,2025,126.57,126.57,126.57
2026-02-04 12:00:00+01:00,2025-02-04 12:00:00+01:00,2025,116.89,116.89,116.89
2026-02-04 13:00:00+01:00,2025-02-04 13:00:00+01:00,2025,113.17,113.17,113.17
2026-02-04 14:00:00+01:00,2025-02-04 14:00:00+01:00,2025,120.09,120.09,120.09
2026-02-04 15:00:00+01:00,2025-02-04 15:00:00+01:00,2025,127.47,127.47,127.47
2026-02-04 16:00:00+01:00,2025-02-04 16:00:00+01:00,2025,164.81,164.81,164.81
2026-02-04 17:00:00+01:00,2025-02-04 17:00:00+01:00,2025,168.99,168.99,168.99
2026-02-04 18:00:00+01:00,2025-02-04 18:00:00+01:00,2025,175.0,175.0,175.0
2026-02-04 19:00:00+01:00,2025-02-04 19:00:00+01:00,2025,162.04,162.04,162.04
2026-02-04 20:00:00+01:00,2025-02-04 20:00:00+01:00,2025,145.01,145.01,145.01
2026-02-04 21:00:00+01:00,2025-02-04 21:00:00+01:00,2025,132.43,132.43,132.43
2026-02-04 22:00:00+01:00,2025-02-04 22:00:00+01:00,2025,129.42,129.42,129.42
2026-02-04 23:00:00+01:00,2025-02-04 23:00:00+01:00,2025,120.62,120.62,120.62
2026-02-05 00:00:00+01:00,2025-02-05 00:00:00+01:00,2025,113.34,113.34,113.34
2026-02-05 01:00:00+01:00,2025-02-05 01:00:00+01:00,2025,109.67,109.67,109.67
2026-02-05 02:00:00+01:00,2025-02-05 02:00:00+01:00,2025,109.4,109.4,109.4
2026-02-05 03:00:00+01:00,2025-02-05 03:00:00+01:00,2025,108.18,108.18,108.18
2026-02-05 04:00:00+01:00,2025-02-05 04:00:00+01:00,2025,115.17,115.17,115.17
2026-02-05 05:00:00+01:00,2025-02-05 05:00:00+01:00,2025,122.42,122.42,122.42
2026-02-05 06:00:00+01:00,2025-02-05 06:00:00+01:00,2025,139.81,139.81,139.81
2026-02-05 07:00:00+01:00,2025-02-05 07:00:00+01:00,2025,165.32,165.32,165.32
2026-02-05 08:00:00+01:00,2025-02-05 08:00:00+01:00,2025,180.81,180.81,180.81
2026-02-05 09:00:00+01:00,2025-02-05 09:00:00+01:00,2025,159.33,159.33,159.33
2026-02-05 10:00:00+01:00,2025-02-05 10:00:00+01:00,2025,132.19,132.19,132.19
2026-02-05 11:00:00+01:00,2025-02-05 11:00:00+01:00,2025,119.96,119.96,119.96
2026-02-05 12:00:00+01:00,2025-02-05 12:00:00+01:00,2025,115.46,115.46,115.46
2026-02-05 13:00:00+01:00,2025-02-05 13:00:00+01:00,2025,118.8,118.8,118.8
2026-02-05 14:00:00+01:00,2025-02-05 14:00:00+01:00,2025,128.85,128.85,128.85
2026-02-05 15:00:00+01:00,2025-02-05 15:00:00+01:00,2025,144.12,144.12,144.12
2026-02-05 16:00:00+01:00,2025-02-05 16:00:00+01:00,2025,160.58,160.58,160.58
2026-02-05 17:00:00+01:00,2025-02-05 17:00:00+01:00,2025,177.19,177.19,177.19
2026-02-05 18:00:00+01:00,2025-02-05 18:00:00+01:00,2025,189.9,189.9,189.9
2026-02-05 19:00:00+01:00,2025-02-05 19:00:00+01:00,2025,189.63,189.63,189.63
2026-02-05 20:00:00+01:00,2025-02-05 20:00:00+01:00,2025,170.0,170.0,170.0
2026-02-05 21:00:00+01:00,2025-02-05 21:00:00+01:00,2025,155.42,155.42,155.42
2026-02-05 22:00:00+01:00,2025-02-05 22:00:00+01:00,2025,143.7,143.7,143.7
2026-02-05 23:00:00+01:00,2025-02-05 23:00:00+01:00,2025,133.21,133.21,133.21
2026-02-06 00:00:00+01:00,2025-02-06 00:00:00+01:00,2025,133.67,133.67,133.67
2026-02-06 01:00:00+01:00,2025-02-06 01:00:00+01:00,2025,129.57,129.57,129.57
2026-02-06 02:00:00+01:00,2025-02-06 02:00:00+01:00,2025,125.87,125.87,125.87
2026-02-06 03:00:00+01:00,2025-02-06 03:00:00+01:00,2025,125.0,125.0,125.0
2026-02-06 04:00:00+01:00,2025-02-06 04:00:00+01:00,2025,125.01,125.01,125.01
2026-02-06 05:00:00+01:00,2025-02-06 05:00:00+01:00,2025,135.28,135.28,135.28
2026-02-06 06:00:00+01:00,2025-02-06 06:00:00+01:00,2025,156.12,156.12,156.12
2026-02-06 07:00:00+01:00,2025-02-06 07:00:00+01:00,2025,180.09,180.09,180.09
2026-02-06 08:00:00+01:00,2025-02-06 08:00:00+01:00,2025,219.42,219.42,219.42
2026-02-06 09:00:00+01:00,2025-02-06 09:00:00+01:00,2025,178.99,178.99,178.99
2026-02-06 10:00:00+01:00,2025-02-06 10:00:00+01:00,2025,160.14,160.14,160.14
2026-02-06 11:00:00+01:00,2025-02-06 11:00:00+01:00,2025,152.56,152.56,152.56
2026-02-06 12:00:00+01:00,2025-02-06 12:00:00+01:00,2025,147.89,147.89,147.89
2026-02-06 13:00:00+01:00,2025-02-06 13:00:00+01:00,2025,145.48,145.48,145.48
2026-02-06 14:00:00+01:00,2025-02-06 14:00:00+01:00,2025,137.79,137.79,137.79
2026-02-06 15:00:00+01:00,2025-02-06 15:00:00+01:00,2025,150.8,150.8,150.8
2026-02-06 16:00:00+01:00,2025-02-06 16:00:00+01:00,2025,164.89,164.89,164.89
2026-02-06 17:00:00+01:00,2025-02-06 17:00:00+01:00,2025,171.59,171.59,171.59
2026-02-06 18:00:00+01:00,2025-02-06 18:00:00+01:00,2025,170.48,170.48,170.48
2026-02-06 19:00:00+01:00,2025-02-06 19:00:00+01:00,2025,162.95,162.95,162.95
2026-02-06 20:00:00+01:00,2025-02-06 20:00:00+01:00,2025,141.33,141.33,141.33
2026-02-06 21:00:00+01:00,2025-02-06 21:00:00+01:00,2025,131.26,131.26,131.26
2026-02-06 22:00:00+01:00,2025-02-06 22:00:00+01:00,2025,134.0,134.0,134.0
2026-02-06 23:00:00+01:00,2025-02-06 23:00:00+01:00,2025,121.95,121.95,121.95
2026-02-07 00:00:00+01:00,2025-02-07 00:00:00+01:00,2025,126.05,126.05,126.05
2026-02-07 01:00:00+01:00,2025-02-07 01:00:00+01:00,2025,112.7,112.7,112.7
2026-02-07 02:00:00+01:00,2025-02-07 02:00:00+01:00,2025,108.82,108.82,108.82
2026-02-07 03:00:00+01:00,2025-02-07 03:00:00+01:00,2025,105.0,105.0,105.0
2026-02-07 04:00:00+01:00,2025-02-07 04:00:00+01:00,2025,104.81,104.81,104.81
2026-02-07 05:00:00+01:00,2025-02-07 05:00:00+01:00,2025,105.07,105.07,105.07
2026-02-07 06:00:00+01:00,2025-02-07 06:00:00+01:00,2025,112.39,112.39,112.39
2026-02-07 07:00:00+01:00,2025-02-07 07:00:00+01:00,2025,141.66,141.66,141.66
2026-02-07 08:00:00+01:00,2025-02-07 08:00:00+01:00,2025,164.21,164.21,164.21
2026-02-07 09:00:00+01:00,2025-02-07 09:00:00+01:00,2025,150.36,150.36,150.36
2026-02-07 10:00:00+01:00,2025-02-07 10:00:00+01:00,2025,133.88,133.88,133.88
2026-02-07 11:00:00+01:00,2025-02-07 11:00:00+01:00,2025,115.14,115.14,115.14
2026-02-07 12:00:00+01:00,2025-02-07 12:00:00+01:00,2025,111.49,111.49,111.49
2026-02-07 13:00:00+01:00,2025-02-07 13:00:00+01:00,2025,106.77,106.77,106.77
2026-02-07 14:00:00+01:00,2025-02-07 14:00:00+01:00,2025,109.59,109.59,109.59
2026-02-07 15:00:00+01:00,2025-02-07 15:00:00+01:00,2025,111.68,111.68,111.68
2026-02-07 16:00:00+01:00,2025-02-07 16:00:00+01:00,2025,126.61,126.61,126.61
2026-02-07 17:00:00+01:00,2025-02-07 17:00:00+01:00,2025,142.85,142.85,142.85
2026-02-07 18:00:00+01:00,2025-02-07 18:00:00+01:00,2025,149.05,149.05,149.05
2026-02-07 19:00:00+01:00,2025-02-07 19:00:00+01:00,2025,144.32,144.32,144.32
2026-02-07 20:00:00+01:00,2025-02-07 20:00:00+01:00,2025,126.93,126.93,126.93
2026-02-07 21:00:00+01:00,2025-02-07 21:00:00+01:00,2025,100.0,100.0,100.0
2026-02-07 22:00:00+01:00,2025-02-07 22:00:00+01:00,2025,98.72,98.72,98.72
2026-02-07 23:00:00+01:00,2025-02-07 23:00:00+01:00,2025,100.14,100.14,100.14
2026-02-08 00:00:00+01:00,2025-02-08 00:00:00+01:00,2025,81.34,81.34,81.34
2026-02-08 01:00:00+01:00,2025-02-08 01:00:00+01:00,2025,84.85,84.85,84.85
2026-02-08 02:00:00+01:00,2025-02-08 02:00:00+01:00,2025,85.8,85.8,85.8
2026-02-08 03:00:00+01:00,2025-02-08 03:00:00+01:00,2025,87.08,87.08,87.08
2026-02-08 04:00:00+01:00,2025-02-08 04:00:00+01:00,2025,89.69,89.69,89.69
2026-02-08 05:00:00+01:00,2025-02-08 05:00:00+01:00,2025,90.99,90.99,90.99
2026-02-08 06:00:00+01:00,2025-02-08 06:00:00+01:00,2025,90.8,90.8,90.8
2026-02-08 07:00:00+01:00,2025-02-08 07:00:00+01:00,2025,95.31,95.31,95.31
2026-02-08 08:00:00+01:00,2025-02-08 08:00:00+01:00,2025,111.11,111.11,111.11
2026-02-08 09:00:00+01:00,2025-02-08 09:00:00+01:00,2025,92.68,92.68,92.68
2026-02-08 10:00:00+01:00,2025-02-08 10:00:00+01:00,2025,79.42,79.42,79.42
2026-02-08 11:00:00+01:00,2025-02-08 11:00:00+01:00,2025,68.75,68.75,68.75
2026-02-08 12:00:00+01:00,2025-02-08 12:00:00+01:00,2025,67.71,67.71,67.71
2026-02-08 13:00:00+01:00,2025-02-08 13:00:00+01:00,2025,79.85,79.85,79.85
2026-02-08 14:00:00+01:00,2025-02-08 14:00:00+01:00,2025,89.85,89.85,89.85
2026-02-08 15:00:00+01:00,2025-02-08 15:00:00+01:00,2025,118.0,118.0,118.0
2026-02-08 16:00:00+01:00,2025-02-08 16:00:00+01:00,2025,140.87,140.87,140.87
2026-02-08 17:00:00+01:00,2025-02-08 17:00:00+01:00,2025,150.0,150.0,150.0
2026-02-08 18:00:00+01:00,2025-02-08 18:00:00+01:00,2025,160.49,160.49,160.49
2026-02-08 19:00:00+01:00,2025-02-08 19:00:00+01:00,2025,161.1,161.1,161.1
2026-02-08 20:00:00+01:00,2025-02-08 20:00:00+01:00,2025,156.42,156.42,156.42
2026-02-08 21:00:00+01:00,2025-02-08 21:00:00+01:00,2025,149.0,149.0,149.0
2026-02-08 22:00:00+01:00,2025-02-08 22:00:00+01:00,2025,144.0,144.0,144.0
2026-02-08 23:00:00+01:00,2025-02-08 23:00:00+01:00,2025,136.31,136.31,136.31
2026-02-09 00:00:00+01:00,2025-02-09 00:00:00+01:00,2025,135.0,135.0,135.0
2026-02-09 01:00:00+01:00,2025-02-09 01:00:00+01:00,2025,134.51,134.51,134.51
2026-02-09 02:00:00+01:00,2025-02-09 02:00:00+01:00,2025,130.18,130.18,130.18
2026-02-09 03:00:00+01:00,2025-02-09 03:00:00+01:00,2025,119.3,119.3,119.3
2026-02-09 04:00:00+01:00,2025-02-09 04:00:00+01:00,2025,116.79,116.79,116.79
2026-02-09 05:00:00+01:00,2025-02-09 05:00:00+01:00,2025,117.0,117.0,117.0
2026-02-09 06:00:00+01:00,2025-02-09 06:00:00+01:00,2025,117.0,117.0,117.0
2026-02-09 07:00:00+01:00,2025-02-09 07:00:00+01:00,2025,133.43,133.43,133.43
2026-02-09 08:00:00+01:00,2025-02-09 08:00:00+01:00,2025,136.77,136.77,136.77
2026-02-09 09:00:00+01:00,2025-02-09 09:00:00+01:00,2025,123.97,123.97,123.97
2026-02-09 10:00:00+01:00,2025-02-09 10:00:00+01:00,2025,114.79,114.79,114.79
2026-02-09 11:00:00+01:00,2025-02-09 11:00:00+01:00,2025,105.65,105.65,105.65
2026-02-09 12:00:00+01:00,2025-02-09 12:00:00+01:00,2025,98.71,98.71,98.71
2026-02-09 13:00:00+01:00,2025-02-09 13:00:00+01:00,2025,95.53,95.53,95.53
2026-02-09 14:00:00+01:00,2025-02-09 14:00:00+01:00,2025,109.9,109.9,109.9
2026-02-09 15:00:00+01:00,2025-02-09 15:00:00+01:00,2025,120.4,120.4,120.4
2026-02-09 16:00:00+01:00,2025-02-09 16:00:00+01:00,2025,141.96,141.96,141.96
2026-02-09 17:00:00+01:00,2025-02-09 17:00:00+01:00,2025,148.58,148.58,148.58
2026-02-09 18:00:00+01:00,2025-02-09 18:00:00+01:00,2025,161.93,161.93,161.93
2026-02-09 19:00:00+01:00,2025-02-09 19:00:00+01:00,2025,156.13,156.13,156.13
2026-02-09 20:00:00+01:00,2025-02-09 20:00:00+01:00,2025,150.65,150.65,150.65
2026-02-09 21:00:00+01:00,2025-02-09 21:00:00+01:00,2025,142.92,142.92,142.92
2026-02-09 22:00:00+01:00,2025-02-09 22:00:00+01:00,2025,143.0,143.0,143.0
2026-02-09 23:00:00+01:00,2025-02-09 23:00:00+01:00,2025,127.97,127.97,127.97
2026-02-10 00:00:00+01:00,2025-02-10 00:00:00+01:00,2025,118.58,118.58,118.58
2026-02-10 01:00:00+01:00,2025-02-10 01:00:00+01:00,2025,111.82,111.82,111.82
2026-02-10 02:00:00+01:00,2025-02-10 02:00:00+01:00,2025,109.22,109.22,109.22
2026-02-10 03:00:00+01:00,2025-02-10 03:00:00+01:00,2025,106.29,106.29,106.29
2026-02-10 04:00:00+01:00,2025-02-10 04:00:00+01:00,2025,105.85,105.85,105.85
2026-02-10 05:00:00+01:00,2025-02-10 05:00:00+01:00,2025,112.0,112.0,112.0
2026-02-10 06:00:00+01:00,2025-02-10 06:00:00+01:00,2025,145.38,145.38,145.38
2026-02-10 07:00:00+01:00,2025-02-10 07:00:00+01:00,2025,162.02,162.02,162.02
2026-02-10 08:00:00+01:00,2025-02-10 08:00:00+01:00,2025,181.36,181.36,181.36
2026-02-10 09:00:00+01:00,2025-02-10 09:00:00+01:00,2025,163.18,163.18,163.18
2026-02-10 10:00:00+01:00,2025-02-10 10:00:00+01:00,2025,135.9,135.9,135.9
2026-02-10 11:00:00+01:00,2025-02-10 11:00:00+01:00,2025,115.28,115.28,115.28
2026-02-10 12:00:00+01:00,2025-02-10 12:00:00+01:00,2025,109.36,109.36,109.36
2026-02-10 13:00:00+01:00,2025-02-10 13:00:00+01:00,2025,109.74,109.74,109.74
2026-02-10 14:00:00+01:00,2025-02-10 14:00:00+01:00,2025,123.07,123.07,123.07
2026-02-10 15:00:00+01:00,2025-02-10 15:00:00+01:00,2025,128.54,128.54,128.54
2026-02-10 16:00:00+01:00,2025-02-10 16:00:00+01:00,2025,133.58,133.58,133.58
2026-02-10 17:00:00+01:00,2025-02-10 17:00:00+01:00,2025,133.82,133.82,133.82
2026-02-10 18:00:00+01:00,2025-02-10 18:00:00+01:00,2025,142.11,142.11,142.11
2026-02-10 19:00:00+01:00,2025-02-10 19:00:00+01:00,2025,114.85,114.85,114.85
2026-02-10 20:00:00+01:00,2025-02-10 20:00:00+01:00,2025,94.37,94.37,94.37
2026-02-10 21:00:00+01:00,2025-02-10 21:00:00+01:00,2025,91.48,91.48,91.48
2026-02-10 22:00:00+01:00,2025-02-10 22:00:00+01:00,2025,88.87,88.87,88.87
2026-02-10 23:00:00+01:00,2025-02-10 23:00:00+01:00,2025,87.38,87.38,87.38
2026-02-11 00:00:00+01:00,2025-02-11 00:00:00+01:00,2025,77.45,77.45,77.45
2026-02-11 01:00:00+01:00,2025-02-11 01:00:00+01:00,2025,71.1,71.1,71.1
2026-02-11 02:00:00+01:00,2025-02-11 02:00:00+01:00,2025,71.62,71.62,71.62
2026-02-11 03:00:00+01:00,2025-02-11 03:00:00+01:00,2025,74.89,74.89,74.89
2026-02-11 04:00:00+01:00,2025-02-11 04:00:00+01:00,2025,77.45,77.45,77.45
2026-02-11 05:00:00+01:00,2025-02-11 05:00:00+01:00,2025,87.44,87.44,87.44
2026-02-11 06:00:00+01:00,2025-02-11 06:00:00+01:00,2025,100.46,100.46,100.46
2026-02-11 07:00:00+01:00,2025-02-11 07:00:00+01:00,2025,134.93,134.93,134.93
2026-02-11 08:00:00+01:00,2025-02-11 08:00:00+01:00,2025,155.53,155.53,155.53
2026-02-11 09:00:00+01:00,2025-02-11 09:00:00+01:00,2025,141.42,141.42,141.42
2026-02-11 10:00:00+01:00,2025-02-11 10:00:00+01:00,2025,96.65,96.65,96.65
2026-02-11 11:00:00+01:00,2025-02-11 11:00:00+01:00,2025,92.78,92.78,92.78
2026-02-11 12:00:00+01:00,2025-02-11 12:00:00+01:00,2025,97.68,97.68,97.68
2026-02-11 13:00:00+01:00,2025-02-11 13:00:00+01:00,2025,111.11,111.11,111.11
2026-02-11 14:00:00+01:00,2025-02-11 14:00:00+01:00,2025,123.46,123.46,123.46
2026-02-11 15:00:00+01:00,2025-02-11 15:00:00+01:00,2025,143.69,143.69,143.69
2026-02-11 16:00:00+01:00,2025-02-11 16:00:00+01:00,2025,144.47,144.47,144.47
2026-02-11 17:00:00+01:00,2025-02-11 17:00:00+01:00,2025,159.97,159.97,159.97
2026-02-11 18:00:00+01:00,2025-02-11 18:00:00+01:00,2025,168.19,168.19,168.19
2026-02-11 19:00:00+01:00,2025-02-11 19:00:00+01:00,2025,167.45,167.45,167.45
2026-02-11 20:00:00+01:00,2025-02-11 20:00:00+01:00,2025,162.63,162.63,162.63
2026-02-11 21:00:00+01:00,2025-02-11 21:00:00+01:00,2025,148.75,148.75,148.75
2026-02-11 22:00:00+01:00,2025-02-11 22:00:00+01:00,2025,142.95,142.95,142.95
2026-02-11 23:00:00+01:00,2025-02-11 23:00:00+01:00,2025,128.24,128.24,128.24
2026-02-12 00:00:00+01:00,2025-02-12 00:00:00+01:00,2025,129.13,129.13,129.13
2026-02-12 01:00:00+01:00,2025-02-12 01:00:00+01:00,2025,127.77,127.77,127.77
2026-02-12 02:00:00+01:00,2025-02-12 02:00:00+01:00,2025,126.82,126.82,126.82
2026-02-12 03:00:00+01:00,2025-02-12 03:00:00+01:00,2025,126.59,126.59,126.59
2026-02-12 04:00:00+01:00,2025-02-12 04:00:00+01:00,2025,128.74,128.74,128.74
2026-02-12 05:00:00+01:00,2025-02-12 05:00:00+01:00,2025,131.24,131.24,131.24
2026-02-12 06:00:00+01:00,2025-02-12 06:00:00+01:00,2025,151.13,151.13,151.13
2026-02-12 07:00:00+01:00,2025-02-12 07:00:00+01:00,2025,163.64,163.64,163.64
2026-02-12 08:00:00+01:00,2025-02-12 08:00:00+01:00,2025,180.0,180.0,180.0
2026-02-12 09:00:00+01:00,2025-02-12 09:00:00+01:00,2025,174.92,174.92,174.92
2026-02-12 10:00:00+01:00,2025-02-12 10:00:00+01:00,2025,162.05,162.05,162.05
2026-02-12 11:00:00+01:00,2025-02-12 11:00:00+01:00,2025,144.01,144.01,144.01
2026-02-12 12:00:00+01:00,2025-02-12 12:00:00+01:00,2025,137.28,137.28,137.28
2026-02-12 13:00:00+01:00,2025-02-12 13:00:00+01:00,2025,142.03,142.03,142.03
2026-02-12 14:00:00+01:00,2025-02-12 14:00:00+01:00,2025,149.4,149.4,149.4
2026-02-12 15:00:00+01:00,2025-02-12 15:00:00+01:00,2025,159.67,159.67,159.67
2026-02-12 16:00:00+01:00,2025-02-12 16:00:00+01:00,2025,173.21,173.21,173.21
2026-02-12 17:00:00+01:00,2025-02-12 17:00:00+01:00,2025,184.59,184.59,184.59
2026-02-12 18:00:00+01:00,2025-02-12 18:00:00+01:00,2025,197.13,197.13,197.13
2026-02-12 19:00:00+01:00,2025-02-12 19:00:00+01:00,2025,192.57,192.57,192.57
2026-02-12 20:00:00+01:00,2025-02-12 20:00:00+01:00,2025,173.9,173.9,173.9
2026-02-12 21:00:00+01:00,2025-02-12 21:00:00+01:00,2025,155.78,155.78,155.78
2026-02-12 22:00:00+01:00,2025-02-12 22:00:00+01:00,2025,150.38,150.38,150.38
2026-02-12 23:00:00+01:00,2025-02-12 23:00:00+01:00,2025,141.81,141.81,141.81
2026-02-13 00:00:00+01:00,2025-02-13 00:00:00+01:00,2025,140.33,140.33,140.33
2026-02-13 01:00:00+01:00,2025-02-13 01:00:00+01:00,2025,137.75,137.75,137.75
2026-02-13 02:00:00+01:00,2025-02-13 02:00:00+01:00,2025,140.79,140.79,140.79
2026-02-13 03:00:00+01:00,2025-02-13 03:00:00+01:00,2025,136.59,136.59,136.59
2026-02-13 04:00:00+01:00,2025-02-13 04:00:00+01:00,2025,140.0,140.0,140.0
2026-02-13 05:00:00+01:00,2025-02-13 05:00:00+01:00,2025,142.0,142.0,142.0
2026-02-13 06:00:00+01:00,2025-02-13 06:00:00+01:00,2025,159.99,159.99,159.99
2026-02-13 07:00:00+01:00,2025-02-13 07:00:00+01:00,2025,190.33,190.33,190.33
2026-02-13 08:00:00+01:00,2025-02-13 08:00:00+01:00,2025,222.36,222.36,222.36
2026-02-13 09:00:00+01:00,2025-02-13 09:00:00+01:00,2025,220.05,220.05,220.05
2026-02-13 10:00:00+01:00,2025-02-13 10:00:00+01:00,2025,203.89,203.89,203.89
2026-02-13 11:00:00+01:00,2025-02-13 11:00:00+01:00,2025,184.68,184.68,184.68
2026-02-13 12:00:00+01:00,2025-02-13 12:00:00+01:00,2025,174.52,174.52,174.52
2026-02-13 13:00:00+01:00,2025-02-13 13:00:00+01:00,2025,170.1,170.1,170.1
2026-02-13 14:00:00+01:00,2025-02-13 14:00:00+01:00,2025,166.7,166.7,166.7
2026-02-13 15:00:00+01:00,2025-02-13 15:00:00+01:00,2025,170.1,170.1,170.1
2026-02-13 16:00:00+01:00,2025-02-13 16:00:00+01:00,2025,182.0,182.0,182.0
2026-02-13 17:00:00+01:00,2025-02-13 17:00:00+01:00,2025,213.05,213.05,213.05
2026-02-13 18:00:00+01:00,2025-02-13 18:00:00+01:00,2025,207.17,207.17,207.17
2026-02-13 19:00:00+01:00,2025-02-13 19:00:00+01:00,2025,196.52,196.52,196.52
2026-02-13 20:00:00+01:00,2025-02-13 20:00:00+01:00,2025,177.03,177.03,177.03
2026-02-13 21:00:00+01:00,2025-02-13 21:00:00+01:00,2025,162.92,162.92,162.92
2026-02-13 22:00:00+01:00,2025-02-13 22:00:00+01:00,2025,153.12,153.12,153.12
2026-02-13 23:00:00+01:00,2025-02-13 23:00:00+01:00,2025,138.97,138.97,138.97
2026-02-14 00:00:00+01:00,2025-02-14 00:00:00+01:00,2025,139.21,139.21,139.21
2026-02-14 01:00:00+01:00,2025-02-14 01:00:00+01:00,2025,132.8,132.8,132.8
2026-02-14 02:00:00+01:00,2025-02-14 02:00:00+01:00,2025,128.5,128.5,128.5
2026-02-14 03:00:00+01:00,2025-02-14 03:00:00+01:00,2025,127.65,127.65,127.65
2026-02-14 04:00:00+01:00,2025-02-14 04:00:00+01:00,2025,129.58,129.58,129.58
2026-02-14 05:00:00+01:00,2025-02-14 05:00:00+01:00,2025,139.59,139.59,139.59
2026-02-14 06:00:00+01:00,2025-02-14 06:00:00+01:00,2025,162.89,162.89,162.89
2026-02-14 07:00:00+01:00,2025-02-14 07:00:00+01:00,2025,227.08,227.08,227.08
2026-02-14 08:00:00+01:00,2025-02-14 08:00:00+01:00,2025,265.64,265.64,265.64
2026-02-14 09:00:00+01:00,2025-02-14 09:00:00+01:00,2025,215.11,215.11,215.11
2026-02-14 10:00:00+01:00,2025-02-14 10:00:00+01:00,2025,181.03,181.03,181.03
2026-02-14 11:00:00+01:00,2025-02-14 11:00:00+01:00,2025,163.01,163.01,163.01
2026-02-14 12:00:00+01:00,2025-02-14 12:00:00+01:00,2025,149.86,149.86,149.86
2026-02-14 13:00:00+01:00,2025-02-14 13:00:00+01:00,2025,148.61,148.61,148.61
2026-02-14 14:00:00+01:00,2025-02-14 14:00:00+01:00,2025,155.8,155.8,155.8
2026-02-14 15:00:00+01:00,2025-02-14 15:00:00+01:00,2025,175.06,175.06,175.06
2026-02-14 16:00:00+01:00,2025-02-14 16:00:00+01:00,2025,200.0,200.0,200.0
2026-02-14 17:00:00+01:00,2025-02-14 17:00:00+01:00,2025,298.91,298.91,298.91
2026-02-14 18:00:00+01:00,2025-02-14 18:00:00+01:00,2025,293.06,293.06,293.06
2026-02-14 19:00:00+01:00,2025-02-14 19:00:00+01:00,2025,225.7,225.7,225.7
2026-02-14 20:00:00+01:00,2025-02-14 20:00:00+01:00,2025,183.55,183.55,183.55
2026-02-14 21:00:00+01:00,2025-02-14 21:00:00+01:00,2025,163.79,163.79,163.79
2026-02-14 22:00:00+01:00,2025-02-14 22:00:00+01:00,2025,153.0,153.0,153.0
2026-02-14 23:00:00+01:00,2025-02-14 23:00:00+01:00,2025,140.03,140.03,140.03
2026-02-15 00:00:00+01:00,2025-02-15 00:00:00+01:00,2025,135.29,135.29,135.29
2026-02-15 01:00:00+01:00,2025-02-15 01:00:00+01:00,2025,130.34,130.34,130.34
2026-02-15 02:00:00+01:00,2025-02-15 02:00:00+01:00,2025,120.0,120.0,120.0
2026-02-15 03:00:00+01:00,2025-02-15 03:00:00+01:00,2025,118.24,118.24,118.24
2026-02-15 04:00:00+01:00,2025-02-15 04:00:00+01:00,2025,118.45,118.45,118.45
2026-02-15 05:00:00+01:00,2025-02-15 05:00:00+01:00,2025,120.37,120.37,120.37
2026-02-15 06:00:00+01:00,2025-02-15 06:00:00+01:00,2025,133.74,133.74,133.74
2026-02-15 07:00:00+01:00,2025-02-15 07:00:00+01:00,2025,148.58,148.58,148.58
2026-02-15 08:00:00+01:00,2025-02-15 08:00:00+01:00,2025,150.67,150.67,150.67
2026-02-15 09:00:00+01:00,2025-02-15 09:00:00+01:00,2025,137.01,137.01,137.01
2026-02-15 10:00:00+01:00,2025-02-15 10:00:00+01:00,2025,124.59,124.59,124.59
2026-02-15 11:00:00+01:00,2025-02-15 11:00:00+01:00,2025,118.36,118.36,118.36
2026-02-15 12:00:00+01:00,2025-02-15 12:00:00+01:00,2025,112.39,112.39,112.39
2026-02-15 13:00:00+01:00,2025-02-15 13:00:00+01:00,2025,110.01,110.01,110.01
2026-02-15 14:00:00+01:00,2025-02-15 14:00:00+01:00,2025,116.15,116.15,116.15
2026-02-15 15:00:00+01:00,2025-02-15 15:00:00+01:00,2025,128.83,128.83,128.83
2026-02-15 16:00:00+01:00,2025-02-15 16:00:00+01:00,2025,145.89,145.89,145.89
2026-02-15 17:00:00+01:00,2025-02-15 17:00:00+01:00,2025,164.54,164.54,164.54
2026-02-15 18:00:00+01:00,2025-02-15 18:00:00+01:00,2025,174.7,174.7,174.7
2026-02-15 19:00:00+01:00,2025-02-15 19:00:00+01:00,2025,164.76,164.76,164.76
2026-02-15 20:00:00+01:00,2025-02-15 20:00:00+01:00,2025,149.65,149.65,149.65
2026-02-15 21:00:00+01:00,2025-02-15 21:00:00+01:00,2025,128.31,128.31,128.31
2026-02-15 22:00:00+01:00,2025-02-15 22:00:00+01:00,2025,132.37,132.37,132.37
2026-02-15 23:00:00+01:00,2025-02-15 23:00:00+01:00,2025,124.54,124.54,124.54
2026-02-16 00:00:00+01:00,2025-02-16 00:00:00+01:00,2025,134.11,134.11,134.11
2026-02-16 01:00:00+01:00,2025-02-16 01:00:00+01:00,2025,128.9,128.9,128.9
2026-02-16 02:00:00+01:00,2025-02-16 02:00:00+01:00,2025,123.57,123.57,123.57
2026-02-16 03:00:00+01:00,2025-02-16 03:00:00+01:00,2025,119.9,119.9,119.9
2026-02-16 04:00:00+01:00,2025-02-16 04:00:00+01:00,2025,119.57,119.57,119.57
2026-02-16 05:00:00+01:00,2025-02-16 05:00:00+01:00,2025,120.18,120.18,120.18
2026-02-16 06:00:00+01:00,2025-02-16 06:00:00+01:00,2025,119.92,119.92,119.92
2026-02-16 07:00:00+01:00,2025-02-16 07:00:00+01:00,2025,127.51,127.51,127.51
2026-02-16 08:00:00+01:00,2025-02-16 08:00:00+01:00,2025,129.6,129.6,129.6
2026-02-16 09:00:00+01:00,2025-02-16 09:00:00+01:00,2025,130.49,130.49,130.49
2026-02-16 10:00:00+01:00,2025-02-16 10:00:00+01:00,2025,127.7,127.7,127.7
2026-02-16 11:00:00+01:00,2025-02-16 11:00:00+01:00,2025,124.03,124.03,124.03
2026-02-16 12:00:00+01:00,2025-02-16 12:00:00+01:00,2025,124.67,124.67,124.67
2026-02-16 13:00:00+01:00,2025-02-16 13:00:00+01:00,2025,118.77,118.77,118.77
2026-02-16 14:00:00+01:00,2025-02-16 14:00:00+01:00,2025,121.02,121.02,121.02
2026-02-16 15:00:00+01:00,2025-02-16 15:00:00+01:00,2025,129.55,129.55,129.55
2026-02-16 16:00:00+01:00,2025-02-16 16:00:00+01:00,2025,137.68,137.68,137.68
2026-02-16 17:00:00+01:00,2025-02-16 17:00:00+01:00,2025,153.98,153.98,153.98
2026-02-16 18:00:00+01:00,2025-02-16 18:00:00+01:00,2025,169.98,169.98,169.98
2026-02-16 19:00:00+01:00,2025-02-16 19:00:00+01:00,2025,160.29,160.29,160.29
2026-02-16 20:00:00+01:00,2025-02-16 20:00:00+01:00,2025,153.72,153.72,153.72
2026-02-16 21:00:00+01:00,2025-02-16 21:00:00+01:00,2025,139.34,139.34,139.34
2026-02-16 22:00:00+01:00,2025-02-16 22:00:00+01:00,2025,137.62,137.62,137.62
2026-02-16 23:00:00+01:00,2025-02-16 23:00:00+01:00,2025,131.51,131.51,131.51
2026-02-17 00:00:00+01:00,2025-02-17 00:00:00+01:00,2025,128.05,128.05,128.05
2026-02-17 01:00:00+01:00,2025-02-17 01:00:00+01:00,2025,121.06,121.06,121.06
2026-02-17 02:00:00+01:00,2025-02-17 02:00:00+01:00,2025,120.34,120.34,120.34
2026-02-17 03:00:00+01:00,2025-02-17 03:00:00+01:00,2025,125.52,125.52,125.52
2026-02-17 04:00:00+01:00,2025-02-17 04:00:00+01:00,2025,128.94,128.94,128.94
2026-02-17 05:00:00+01:00,2025-02-17 05:00:00+01:00,2025,131.54,131.54,131.54
2026-02-17 06:00:00+01:00,2025-02-17 06:00:00+01:00,2025,153.16,153.16,153.16
2026-02-17 07:00:00+01:00,2025-02-17 07:00:00+01:00,2025,204.74,204.74,204.74
2026-02-17 08:00:00+01:00,2025-02-17 08:00:00+01:00,2025,209.79,209.79,209.79
2026-02-17 09:00:00+01:00,2025-02-17 09:00:00+01:00,2025,171.3,171.3,171.3
2026-02-17 10:00:00+01:00,2025-02-17 10:00:00+01:00,2025,139.67,139.67,139.67
2026-02-17 11:00:00+01:00,2025-02-17 11:00:00+01:00,2025,117.19,117.19,117.19
2026-02-17 12:00:00+01:00,2025-02-17 12:00:00+01:00,2025,109.47,109.47,109.47
2026-02-17 13:00:00+01:00,2025-02-17 13:00:00+01:00,2025,106.78,106.78,106.78
2026-02-17 14:00:00+01:00,2025-02-17 14:00:00+01:00,2025,111.89,111.89,111.89
2026-02-17 15:00:00+01:00,2025-02-17 15:00:00+01:00,2025,132.27,132.27,132.27
2026-02-17 16:00:00+01:00,2025-02-17 16:00:00+01:00,2025,158.96,158.96,158.96
2026-02-17 17:00:00+01:00,2025-02-17 17:00:00+01:00,2025,222.92,222.92,222.92
2026-02-17 18:00:00+01:00,2025-02-17 18:00:00+01:00,2025,271.0,271.0,271.0
2026-02-17 19:00:00+01:00,2025-02-17 19:00:00+01:00,2025,215.36,215.36,215.36
2026-02-17 20:00:00+01:00,2025-02-17 20:00:00+01:00,2025,177.86,177.86,177.86
2026-02-17 21:00:00+01:00,2025-02-17 21:00:00+01:00,2025,155.19,155.19,155.19
2026-02-17 22:00:00+01:00,2025-02-17 22:00:00+01:00,2025,139.39,139.39,139.39
2026-02-17 23:00:00+01:00,2025-02-17 23:00:00+01:00,2025,129.57,129.57,129.57
2026-02-18 00:00:00+01:00,2025-02-18 00:00:00+01:00,2025,132.95,132.95,132.95
2026-02-18 01:00:00+01:00,2025-02-18 01:00:00+01:00,2025,125.0,125.0,125.0
2026-02-18 02:00:00+01:00,2025-02-18 02:00:00+01:00,2025,123.56,123.56,123.56
2026-02-18 03:00:00+01:00,2025-02-18 03:00:00+01:00,2025,117.11,117.11,117.11
2026-02-18 04:00:00+01:00,2025-02-18 04:00:00+01:00,2025,115.66,115.66,115.66
2026-02-18 05:00:00+01:00,2025-02-18 05:00:00+01:00,2025,121.93,121.93,121.93
2026-02-18 06:00:00+01:00,2025-02-18 06:00:00+01:00,2025,143.61,143.61,143.61
2026-02-18 07:00:00+01:00,2025-02-18 07:00:00+01:00,2025,190.34,190.34,190.34
2026-02-18 08:00:00+01:00,2025-02-18 08:00:00+01:00,2025,193.8,193.8,193.8
2026-02-18 09:00:00+01:00,2025-02-18 09:00:00+01:00,2025,143.53,143.53,143.53
2026-02-18 10:00:00+01:00,2025-02-18 10:00:00+01:00,2025,124.24,124.24,124.24
2026-02-18 11:00:00+01:00,2025-02-18 11:00:00+01:00,2025,109.71,109.71,109.71
2026-02-18 12:00:00+01:00,2025-02-18 12:00:00+01:00,2025,96.41,96.41,96.41
2026-02-18 13:00:00+01:00,2025-02-18 13:00:00+01:00,2025,88.53,88.53,88.53
2026-02-18 14:00:00+01:00,2025-02-18 14:00:00+01:00,2025,98.35,98.35,98.35
2026-02-18 15:00:00+01:00,2025-02-18 15:00:00+01:00,2025,110.0,110.0,110.0
2026-02-18 16:00:00+01:00,2025-02-18 16:00:00+01:00,2025,128.16,128.16,128.16
2026-02-18 17:00:00+01:00,2025-02-18 17:00:00+01:00,2025,177.61,177.61,177.61
2026-02-18 18:00:00+01:00,2025-02-18 18:00:00+01:00,2025,174.32,174.32,174.32
2026-02-18 19:00:00+01:00,2025-02-18 19:00:00+01:00,2025,155.91,155.91,155.91
2026-02-18 20:00:00+01:00,2025-02-18 20:00:00+01:00,2025,142.42,142.42,142.42
2026-02-18 21:00:00+01:00,2025-02-18 21:00:00+01:00,2025,129.41,129.41,129.41
2026-02-18 22:00:00+01:00,2025-02-18 22:00:00+01:00,2025,121.9,121.9,121.9
2026-02-18 23:00:00+01:00,2025-02-18 23:00:00+01:00,2025,114.45,114.45,114.45
2026-02-19 00:00:00+01:00,2025-02-19 00:00:00+01:00,2025,104.54,104.54,104.54
2026-02-19 01:00:00+01:00,2025-02-19 01:00:00+01:00,2025,99.29,99.29,99.29
2026-02-19 02:00:00+01:00,2025-02-19 02:00:00+01:00,2025,99.6,99.6,99.6
2026-02-19 03:00:00+01:00,2025-02-19 03:00:00+01:00,2025,97.29,97.29,97.29
2026-02-19 04:00:00+01:00,2025-02-19 04:00:00+01:00,2025,94.5,94.5,94.5
2026-02-19 05:00:00+01:00,2025-02-19 05:00:00+01:00,2025,97.48,97.48,97.48
2026-02-19 06:00:00+01:00,2025-02-19 06:00:00+01:00,2025,115.0,115.0,115.0
2026-02-19 07:00:00+01:00,2025-02-19 07:00:00+01:00,2025,149.5,149.5,149.5
2026-02-19 08:00:00+01:00,2025-02-19 08:00:00+01:00,2025,166.37,166.37,166.37
2026-02-19 09:00:00+01:00,2025-02-19 09:00:00+01:00,2025,128.76,128.76,128.76
2026-02-19 10:00:00+01:00,2025-02-19 10:00:00+01:00,2025,107.91,107.91,107.91
2026-02-19 11:00:00+01:00,2025-02-19 11:00:00+01:00,2025,89.28,89.28,89.28
2026-02-19 12:00:00+01:00,2025-02-19 12:00:00+01:00,2025,81.52,81.52,81.52
2026-02-19 13:00:00+01:00,2025-02-19 13:00:00+01:00,2025,82.74,82.74,82.74
2026-02-19 14:00:00+01:00,2025-02-19 14:00:00+01:00,2025,85.2,85.2,85.2
2026-02-19 15:00:00+01:00,2025-02-19 15:00:00+01:00,2025,90.63,90.63,90.63
2026-02-19 16:00:00+01:00,2025-02-19 16:00:00+01:00,2025,110.03,110.03,110.03
2026-02-19 17:00:00+01:00,2025-02-19 17:00:00+01:00,2025,131.28,131.28,131.28
2026-02-19 18:00:00+01:00,2025-02-19 18:00:00+01:00,2025,142.98,142.98,142.98
2026-02-19 19:00:00+01:00,2025-02-19 19:00:00+01:00,2025,144.42,144.42,144.42
2026-02-19 20:00:00+01:00,2025-02-19 20:00:00+01:00,2025,120.9,120.9,120.9
2026-02-19 21:00:00+01:00,2025-02-19 21:00:00+01:00,2025,113.75,113.75,113.75
2026-02-19 22:00:00+01:00,2025-02-19 22:00:00+01:00,2025,107.13,107.13,107.13
2026-02-19 23:00:00+01:00,2025-02-19 23:00:00+01:00,2025,99.81,99.81,99.81
2026-02-20 00:00:00+01:00,2025-02-20 00:00:00+01:00,2025,86.17,86.17,86.17
2026-02-20 01:00:00+01:00,2025-02-20 01:00:00+01:00,2025,85.2,85.2,85.2
2026-02-20 02:00:00+01:00,2025-02-20 02:00:00+01:00,2025,84.56,84.56,84.56
2026-02-20 03:00:00+01:00,2025-02-20 03:00:00+01:00,2025,83.64,83.64,83.64
2026-02-20 04:00:00+01:00,2025-02-20 04:00:00+01:00,2025,82.18,82.18,82.18
2026-02-20 05:00:00+01:00,2025-02-20 05:00:00+01:00,2025,83.84,83.84,83.84
2026-02-20 06:00:00+01:00,2025-02-20 06:00:00+01:00,2025,86.31,86.31,86.31
2026-02-20 07:00:00+01:00,2025-02-20 07:00:00+01:00,2025,110.41,110.41,110.41
2026-02-20 08:00:00+01:00,2025-02-20 08:00:00+01:00,2025,127.98,127.98,127.98
2026-02-20 09:00:00+01:00,2025-02-20 09:00:00+01:00,2025,105.87,105.87,105.87
2026-02-20 10:00:00+01:00,2025-02-20 10:00:00+01:00,2025,93.72,93.72,93.72
2026-02-20 11:00:00+01:00,2025-02-20 11:00:00+01:00,2025,87.23,87.23,87.23
2026-02-20 12:00:00+01:00,2025-02-20 12:00:00+01:00,2025,86.87,86.87,86.87
2026-02-20 13:00:00+01:00,2025-02-20 13:00:00+01:00,2025,84.51,84.51,84.51
2026-02-20 14:00:00+01:00,2025-02-20 14:00:00+01:00,2025,84.78,84.78,84.78
2026-02-20 15:00:00+01:00,2025-02-20 15:00:00+01:00,2025,90.05,90.05,90.05
2026-02-20 16:00:00+01:00,2025-02-20 16:00:00+01:00,2025,98.34,98.34,98.34
2026-02-20 17:00:00+01:00,2025-02-20 17:00:00+01:00,2025,110.13,110.13,110.13
2026-02-20 18:00:00+01:00,2025-02-20 18:00:00+01:00,2025,112.38,112.38,112.38
2026-02-20 19:00:00+01:00,2025-02-20 19:00:00+01:00,2025,122.45,122.45,122.45
2026-02-20 20:00:00+01:00,2025-02-20 20:00:00+01:00,2025,105.91,105.91,105.91
2026-02-20 21:00:00+01:00,2025-02-20 21:00:00+01:00,2025,92.41,92.41,92.41
2026-02-20 22:00:00+01:00,2025-02-20 22:00:00+01:00,2025,90.84,90.84,90.84
2026-02-20 23:00:00+01:00,2025-02-20 23:00:00+01:00,2025,83.0,83.0,83.0
2026-02-21 00:00:00+01:00,2025-02-21 00:00:00+01:00,2025,75.51,75.51,75.51
2026-02-21 01:00:00+01:00,2025-02-21 01:00:00+01:00,2025,74.99,74.99,74.99
2026-02-21 02:00:00+01:00,2025-02-21 02:00:00+01:00,2025,79.8,79.8,79.8
2026-02-21 03:00:00+01:00,2025-02-21 03:00:00+01:00,2025,83.4,83.4,83.4
2026-02-21 04:00:00+01:00,2025-02-21 04:00:00+01:00,2025,82.4,82.4,82.4
2026-02-21 05:00:00+01:00,2025-02-21 05:00:00+01:00,2025,82.03,82.03,82.03
2026-02-21 06:00:00+01:00,2025-02-21 06:00:00+01:00,2025,106.47,106.47,106.47
2026-02-21 07:00:00+01:00,2025-02-21 07:00:00+01:00,2025,152.5,152.5,152.5
2026-02-21 08:00:00+01:00,2025-02-21 08:00:00+01:00,2025,145.21,145.21,145.21
2026-02-21 09:00:00+01:00,2025-02-21 09:00:00+01:00,2025,120.98,120.98,120.98
2026-02-21 10:00:00+01:00,2025-02-21 10:00:00+01:00,2025,98.68,98.68,98.68
2026-02-21 11:00:00+01:00,2025-02-21 11:00:00+01:00,2025,83.4,83.4,83.4
2026-02-21 12:00:00+01:00,2025-02-21 12:00:00+01:00,2025,78.0,78.0,78.0
2026-02-21 13:00:00+01:00,2025-02-21 13:00:00+01:00,2025,76.41,76.41,76.41
2026-02-21 14:00:00+01:00,2025-02-21 14:00:00+01:00,2025,79.52,79.52,79.52
2026-02-21 15:00:00+01:00,2025-02-21 15:00:00+01:00,2025,82.94,82.94,82.94
2026-02-21 16:00:00+01:00,2025-02-21 16:00:00+01:00,2025,103.47,103.47,103.47
2026-02-21 17:00:00+01:00,2025-02-21 17:00:00+01:00,2025,103.45,103.45,103.45
2026-02-21 18:00:00+01:00,2025-02-21 18:00:00+01:00,2025,101.98,101.98,101.98
2026-02-21 19:00:00+01:00,2025-02-21 19:00:00+01:00,2025,81.95,81.95,81.95
2026-02-21 20:00:00+01:00,2025-02-21 20:00:00+01:00,2025,80.25,80.25,80.25
2026-02-21 21:00:00+01:00,2025-02-21 21:00:00+01:00,2025,70.85,70.85,70.85
2026-02-21 22:00:00+01:00,2025-02-21 22:00:00+01:00,2025,70.64,70.64,70.64
2026-02-21 23:00:00+01:00,2025-02-21 23:00:00+01:00,2025,64.33,64.33,64.33
2026-02-22 00:00:00+01:00,2025-02-22 00:00:00+01:00,2025,50.99,50.99,50.99
2026-02-22 01:00:00+01:00,2025-02-22 01:00:00+01:00,2025,48.62,48.62,48.62
2026-02-22 02:00:00+01:00,2025-02-22 02:00:00+01:00,2025,47.96,47.96,47.96
2026-02-22 03:00:00+01:00,2025-02-22 03:00:00+01:00,2025,42.62,42.62,42.62
2026-02-22 04:00:00+01:00,2025-02-22 04:00:00+01:00,2025,41.2,41.2,41.2
2026-02-22 05:00:00+01:00,2025-02-22 05:00:00+01:00,2025,49.15,49.15,49.15
2026-02-22 06:00:00+01:00,2025-02-22 06:00:00+01:00,2025,49.11,49.11,49.11
2026-02-22 07:00:00+01:00,2025-02-22 07:00:00+01:00,2025,61.22,61.22,61.22
2026-02-22 08:00:00+01:00,2025-02-22 08:00:00+01:00,2025,68.25,68.25,68.25
2026-02-22 09:00:00+01:00,2025-02-22 09:00:00+01:00,2025,67.74,67.74,67.74
2026-02-22 10:00:00+01:00,2025-02-22 10:00:00+01:00,2025,53.21,53.21,53.21
2026-02-22 11:00:00+01:00,2025-02-22 11:00:00+01:00,2025,47.13,47.13,47.13
2026-02-22 12:00:00+01:00,2025-02-22 12:00:00+01:00,2025,40.4,40.4,40.4
2026-02-22 13:00:00+01:00,2025-02-22 13:00:00+01:00,2025,52.69,52.69,52.69
2026-02-22 14:00:00+01:00,2025-02-22 14:00:00+01:00,2025,68.0,68.0,68.0
2026-02-22 15:00:00+01:00,2025-02-22 15:00:00+01:00,2025,85.6,85.6,85.6
2026-02-22 16:00:00+01:00,2025-02-22 16:00:00+01:00,2025,100.95,100.95,100.95
2026-02-22 17:00:00+01:00,2025-02-22 17:00:00+01:00,2025,108.38,108.38,108.38
2026-02-22 18:00:00+01:00,2025-02-22 18:00:00+01:00,2025,106.98,106.98,106.98
2026-02-22 19:00:00+01:00,2025-02-22 19:00:00+01:00,2025,115.18,115.18,115.18
2026-02-22 20:00:00+01:00,2025-02-22 20:00:00+01:00,2025,103.0,103.0,103.0
2026-02-22 21:00:00+01:00,2025-02-22 21:00:00+01:00,2025,101.58,101.58,101.58
2026-02-22 22:00:00+01:00,2025-02-22 22:00:00+01:00,2025,94.27,94.27,94.27
2026-02-22 23:00:00+01:00,2025-02-22 23:00:00+01:00,2025,83.51,83.51,83.51
2026-02-23 00:00:00+01:00,2025-02-23 00:00:00+01:00,2025,91.1,91.1,91.1
2026-02-23 01:00:00+01:00,2025-02-23 01:00:00+01:00,2025,84.99,84.99,84.99
2026-02-23 02:00:00+01:00,2025-02-23 02:00:00+01:00,2025,86.21,86.21,86.21
2026-02-23 03:00:00+01:00,2025-02-23 03:00:00+01:00,2025,83.63,83.63,83.63
2026-02-23 04:00:00+01:00,2025-02-23 04:00:00+01:00,2025,85.77,85.77,85.77
2026-02-23 05:00:00+01:00,2025-02-23 05:00:00+01:00,2025,87.33,87.33,87.33
2026-02-23 06:00:00+01:00,2025-02-23 06:00:00+01:00,2025,87.7,87.7,87.7
2026-02-23 07:00:00+01:00,2025-02-23 07:00:00+01:00,2025,108.0,108.0,108.0
2026-02-23 08:00:00+01:00,2025-02-23 08:00:00+01:00,2025,112.24,112.24,112.24
2026-02-23 09:00:00+01:00,2025-02-23 09:00:00+01:00,2025,99.35,99.35,99.35
2026-02-23 10:00:00+01:00,2025-02-23 10:00:00+01:00,2025,83.0,83.0,83.0
2026-02-23 11:00:00+01:00,2025-02-23 11:00:00+01:00,2025,81.5,81.5,81.5
2026-02-23 12:00:00+01:00,2025-02-23 12:00:00+01:00,2025,71.12,71.12,71.12
2026-02-23 13:00:00+01:00,2025-02-23 13:00:00+01:00,2025,69.2,69.2,69.2
2026-02-23 14:00:00+01:00,2025-02-23 14:00:00+01:00,2025,64.75,64.75,64.75
2026-02-23 15:00:00+01:00,2025-02-23 15:00:00+01:00,2025,69.11,69.11,69.11
2026-02-23 16:00:00+01:00,2025-02-23 16:00:00+01:00,2025,84.7,84.7,84.7
2026-02-23 17:00:00+01:00,2025-02-23 17:00:00+01:00,2025,150.45,150.45,150.45
2026-02-23 18:00:00+01:00,2025-02-23 18:00:00+01:00,2025,154.69,154.69,154.69
2026-02-23 19:00:00+01:00,2025-02-23 19:00:00+01:00,2025,117.02,117.02,117.02
2026-02-23 20:00:00+01:00,2025-02-23 20:00:00+01:00,2025,96.03,96.03,96.03
2026-02-23 21:00:00+01:00,2025-02-23 21:00:00+01:00,2025,77.32,77.32,77.32
2026-02-23 22:00:00+01:00,2025-02-23 22:00:00+01:00,2025,73.81,73.81,73.81
2026-02-23 23:00:00+01:00,2025-02-23 23:00:00+01:00,2025,65.99,65.99,65.99
2026-02-24 00:00:00+01:00,2025-02-24 00:00:00+01:00,2025,70.83,70.83,70.83
2026-02-24 01:00:00+01:00,2025-02-24 01:00:00+01:00,2025,67.99,67.99,67.99
2026-02-24 02:00:00+01:00,2025-02-24 02:00:00+01:00,2025,40.98,40.98,40.98
2026-02-24 03:00:00+01:00,2025-02-24 03:00:00+01:00,2025,37.1,37.1,37.1
2026-02-24 04:00:00+01:00,2025-02-24 04:00:00+01:00,2025,65.34,65.34,65.34
2026-02-24 05:00:00+01:00,2025-02-24 05:00:00+01:00,2025,70.03,70.03,70.03
2026-02-24 06:00:00+01:00,2025-02-24 06:00:00+01:00,2025,81.0,81.0,81.0
2026-02-24 07:00:00+01:00,2025-02-24 07:00:00+01:00,2025,84.8,84.8,84.8
2026-02-24 08:00:00+01:00,2025-02-24 08:00:00+01:00,2025,106.68,106.68,106.68
2026-02-24 09:00:00+01:00,2025-02-24 09:00:00+01:00,2025,93.26,93.26,93.26
2026-02-24 10:00:00+01:00,2025-02-24 10:00:00+01:00,2025,79.04,79.04,79.04
2026-02-24 11:00:00+01:00,2025-02-24 11:00:00+01:00,2025,83.44,83.44,83.44
2026-02-24 12:00:00+01:00,2025-02-24 12:00:00+01:00,2025,81.63,81.63,81.63
2026-02-24 13:00:00+01:00,2025-02-24 13:00:00+01:00,2025,83.0,83.0,83.0
2026-02-24 14:00:00+01:00,2025-02-24 14:00:00+01:00,2025,86.4,86.4,86.4
2026-02-24 15:00:00+01:00,2025-02-24 15:00:00+01:00,2025,92.55,92.55,92.55
2026-02-24 16:00:00+01:00,2025-02-24 16:00:00+01:00,2025,100.7,100.7,100.7
2026-02-24 17:00:00+01:00,2025-02-24 17:00:00+01:00,2025,112.94,112.94,112.94
2026-02-24 18:00:00+01:00,2025-02-24 18:00:00+01:00,2025,137.81,137.81,137.81
2026-02-24 19:00:00+01:00,2025-02-24 19:00:00+01:00,2025,148.71,148.71,148.71
2026-02-24 20:00:00+01:00,2025-02-24 20:00:00+01:00,2025,129.27,129.27,129.27
2026-02-24 21:00:00+01:00,2025-02-24 21:00:00+01:00,2025,112.29,112.29,112.29
2026-02-24 22:00:00+01:00,2025-02-24 22:00:00+01:00,2025,112.9,112.9,112.9
2026-02-24 23:00:00+01:00,2025-02-24 23:00:00+01:00,2025,106.48,106.48,106.48
2026-02-25 00:00:00+01:00,2025-02-25 00:00:00+01:00,2025,90.6,90.6,90.6
2026-02-25 01:00:00+01:00,2025-02-25 01:00:00+01:00,2025,89.91,89.91,89.91
2026-02-25 02:00:00+01:00,2025-02-25 02:00:00+01:00,2025,93.39,93.39,93.39
2026-02-25 03:00:00+01:00,2025-02-25 03:00:00+01:00,2025,93.86,93.86,93.86
2026-02-25 04:00:00+01:00,2025-02-25 04:00:00+01:00,2025,97.43,97.43,97.43
2026-02-25 05:00:00+01:00,2025-02-25 05:00:00+01:00,2025,105.78,105.78,105.78
2026-02-25 06:00:00+01:00,2025-02-25 06:00:00+01:00,2025,144.87,144.87,144.87
2026-02-25 07:00:00+01:00,2025-02-25 07:00:00+01:00,2025,167.16,167.16,167.16
2026-02-25 08:00:00+01:00,2025-02-25 08:00:00+01:00,2025,173.34,173.34,173.34
2026-02-25 09:00:00+01:00,2025-02-25 09:00:00+01:00,2025,153.73,153.73,153.73
2026-02-25 10:00:00+01:00,2025-02-25 10:00:00+01:00,2025,140.36,140.36,140.36
2026-02-25 11:00:00+01:00,2025-02-25 11:00:00+01:00,2025,126.75,126.75,126.75
2026-02-25 12:00:00+01:00,2025-02-25 12:00:00+01:00,2025,124.63,124.63,124.63
2026-02-25 13:00:00+01:00,2025-02-25 13:00:00+01:00,2025,125.81,125.81,125.81
2026-02-25 14:00:00+01:00,2025-02-25 14:00:00+01:00,2025,134.38,134.38,134.38
2026-02-25 15:00:00+01:00,2025-02-25 15:00:00+01:00,2025,148.34,148.34,148.34
2026-02-25 16:00:00+01:00,2025-02-25 16:00:00+01:00,2025,170.68,170.68,170.68
2026-02-25 17:00:00+01:00,2025-02-25 17:00:00+01:00,2025,207.97,207.97,207.97
2026-02-25 18:00:00+01:00,2025-02-25 18:00:00+01:00,2025,233.05,233.05,233.05
2026-02-25 19:00:00+01:00,2025-02-25 19:00:00+01:00,2025,188.09,188.09,188.09
2026-02-25 20:00:00+01:00,2025-02-25 20:00:00+01:00,2025,156.96,156.96,156.96
2026-02-25 21:00:00+01:00,2025-02-25 21:00:00+01:00,2025,142.47,142.47,142.47
2026-02-25 22:00:00+01:00,2025-02-25 22:00:00+01:00,2025,129.46,129.46,129.46
2026-02-25 23:00:00+01:00,2025-02-25 23:00:00+01:00,2025,115.13,115.13,115.13
2026-02-26 00:00:00+01:00,2025-02-26 00:00:00+01:00,2025,122.99,122.99,122.99
2026-02-26 01:00:00+01:00,2025-02-26 01:00:00+01:00,2025,119.82,119.82,119.82
2026-02-26 02:00:00+01:00,2025-02-26 02:00:00+01:00,2025,116.94,116.94,116.94
2026-02-26 03:00:00+01:00,2025-02-26 03:00:00+01:00,2025,115.98,115.98,115.98
2026-02-26 04:00:00+01:00,2025-02-26 04:00:00+01:00,2025,116.56,116.56,116.56
2026-02-26 05:00:00+01:00,2025-02-26 05:00:00+01:00,2025,117.27,117.27,117.27
2026-02-26 06:00:00+01:00,2025-02-26 06:00:00+01:00,2025,132.65,132.65,132.65
2026-02-26 07:00:00+01:00,2025-02-26 07:00:00+01:00,2025,159.93,159.93,159.93
2026-02-26 08:00:00+01:00,2025-02-26 08:00:00+01:00,2025,175.19,175.19,175.19
2026-02-26 09:00:00+01:00,2025-02-26 09:00:00+01:00,2025,160.22,160.22,160.22
2026-02-26 10:00:00+01:00,2025-02-26 10:00:00+01:00,2025,141.37,141.37,141.37
2026-02-26 11:00:00+01:00,2025-02-26 11:00:00+01:00,2025,129.95,129.95,129.95
2026-02-26 12:00:00+01:00,2025-02-26 12:00:00+01:00,2025,120.53,120.53,120.53
2026-02-26 13:00:00+01:00,2025-02-26 13:00:00+01:00,2025,119.89,119.89,119.89
2026-02-26 14:00:00+01:00,2025-02-26 14:00:00+01:00,2025,125.12,125.12,125.12
2026-02-26 15:00:00+01:00,2025-02-26 15:00:00+01:00,2025,132.9,132.9,132.9
2026-02-26 16:00:00+01:00,2025-02-26 16:00:00+01:00,2025,149.75,149.75,149.75
2026-02-26 17:00:00+01:00,2025-02-26 17:00:00+01:00,2025,165.01,165.01,165.01
2026-02-26 18:00:00+01:00,2025-02-26 18:00:00+01:00,2025,172.57,172.57,172.57
2026-02-26 19:00:00+01:00,2025-02-26 19:00:00+01:00,2025,162.82,162.82,162.82
2026-02-26 20:00:00+01:00,2025-02-26 20:00:00+01:00,2025,147.38,147.38,147.38
2026-02-26 21:00:00+01:00,2025-02-26 21:00:00+01:00,2025,118.44,118.44,118.44
2026-02-26 22:00:00+01:00,2025-02-26 22:00:00+01:00,2025,120.94,120.94,120.94
2026-02-26 23:00:00+01:00,2025-02-26 23:00:00+01:00,2025,112.46,112.46,112.46
2026-02-27 00:00:00+01:00,2025-02-27 00:00:00+01:00,2025,101.48,101.48,101.48
2026-02-27 01:00:00+01:00,2025-02-27 01:00:00+01:00,2025,103.81,103.81,103.81
2026-02-27 02:00:00+01:00,2025-02-27 02:00:00+01:00,2025,101.24,101.24,101.24
2026-02-27 03:00:00+01:00,2025-02-27 03:00:00+01:00,2025,99.6,99.6,99.6
2026-02-27 04:00:00+01:00,2025-02-27 04:00:00+01:00,2025,100.43,100.43,100.43
2026-02-27 05:00:00+01:00,2025-02-27 05:00:00+01:00,2025,105.87,105.87,105.87
2026-02-27 06:00:00+01:00,2025-02-27 06:00:00+01:00,2025,115.18,115.18,115.18
2026-02-27 07:00:00+01:00,2025-02-27 07:00:00+01:00,2025,152.32,152.32,152.32
2026-02-27 08:00:00+01:00,2025-02-27 08:00:00+01:00,2025,159.05,159.05,159.05
2026-02-27 09:00:00+01:00,2025-02-27 09:00:00+01:00,2025,142.58,142.58,142.58
2026-02-27 10:00:00+01:00,2025-02-27 10:00:00+01:00,2025,129.94,129.94,129.94
2026-02-27 11:00:00+01:00,2025-02-27 11:00:00+01:00,2025,110.0,110.0,110.0
2026-02-27 12:00:00+01:00,2025-02-27 12:00:00+01:00,2025,101.1,101.1,101.1
2026-02-27 13:00:00+01:00,2025-02-27 13:00:00+01:00,2025,109.25,109.25,109.25
2026-02-27 14:00:00+01:00,2025-02-27 14:00:00+01:00,2025,110.0,110.0,110.0
2026-02-27 15:00:00+01:00,2025-02-27 15:00:00+01:00,2025,123.0,123.0,123.0
2026-02-27 16:00:00+01:00,2025-02-27 16:00:00+01:00,2025,142.62,142.62,142.62
2026-02-27 17:00:00+01:00,2025-02-27 17:00:00+01:00,2025,158.69,158.69,158.69
2026-02-27 18:00:00+01:00,2025-02-27 18:00:00+01:00,2025,174.71,174.71,174.71
2026-02-27 19:00:00+01:00,2025-02-27 19:00:00+01:00,2025,163.17,163.17,163.17
2026-02-27 20:00:00+01:00,2025-02-27 20:00:00+01:00,2025,144.61,144.61,144.61
2026-02-27 21:00:00+01:00,2025-02-27 21:00:00+01:00,2025,136.54,136.54,136.54
2026-02-27 22:00:00+01:00,2025-02-27 22:00:00+01:00,2025,124.69,124.69,124.69
2026-02-27 23:00:00+01:00,2025-02-27 23:00:00+01:00,2025,114.89,114.89,114.89
2026-02-28 00:00:00+01:00,2025-02-28 00:00:00+01:00,2025,115.47,115.47,115.47
2026-02-28 01:00:00+01:00,2025-02-28 01:00:00+01:00,2025,110.54,110.54,110.54
2026-02-28 02:00:00+01:00,2025-02-28 02:00:00+01:00,2025,109.38,109.38,109.38
2026-02-28 03:00:00+01:00,2025-02-28 03:00:00+01:00,2025,106.93,106.93,106.93
2026-02-28 04:00:00+01:00,2025-02-28 04:00:00+01:00,2025,112.03,112.03,112.03
2026-02-28 05:00:00+01:00,2025-02-28 05:00:00+01:00,2025,112.63,112.63,112.63
2026-02-28 06:00:00+01:00,2025-02-28 06:00:00+01:00,2025,135.99,135.99,135.99
2026-02-28 07:00:00+01:00,2025-02-28 07:00:00+01:00,2025,150.0,150.0,150.0
2026-02-28 08:00:00+01:00,2025-02-28 08:00:00+01:00,2025,161.82,161.82,161.82
2026-02-28 09:00:00+01:00,2025-02-28 09:00:00+01:00,2025,145.5,145.5,145.5
2026-02-28 10:00:00+01:00,2025-02-28 10:00:00+01:00,2025,127.7,127.7,127.7
2026-02-28 11:00:00+01:00,2025-02-28 11:00:00+01:00,2025,115.97,115.97,115.97
2026-02-28 12:00:00+01:00,2025-02-28 12:00:00+01:00,2025,109.51,109.51,109.51
2026-02-28 13:00:00+01:00,2025-02-28 13:00:00+01:00,2025,108.57,108.57,108.57
2026-02-28 14:00:00+01:00,2025-02-28 14:00:00+01:00,2025,111.58,111.58,111.58
2026-02-28 15:00:00+01:00,2025-02-28 15:00:00+01:00,2025,125.57,125.57,125.57
2026-02-28 16:00:00+01:00,2025-02-28 16:00:00+01:00,2025,135.05,135.05,135.05
2026-02-28 17:00:00+01:00,2025-02-28 17:00:00+01:00,2025,152.85,152.85,152.85
2026-02-28 18:00:00+01:00,2025-02-28 18:00:00+01:00,2025,161.24,161.24,161.24
2026-02-28 19:00:00+01:00,2025-02-28 19:00:00+01:00,2025,158.86,158.86,158.86
2026-02-28 20:00:00+01:00,2025-02-28 20:00:00+01:00,2025,143.96,143.96,143.96
2026-02-28 21:00:00+01:00,2025-02-28 21:00:00+01:00,2025,132.94,132.94,132.94
2026-02-28 22:00:00+01:00,2025-02-28 22:00:00+01:00,2025,127.43,127.43,127.43
2026-02-28 23:00:00+01:00,2025-02-28 23:00:00+01:00,2025,119.03,119.03,119.03
2026-03-01 00:00:00+01:00,2025-03-01 00:00:00+01:00,2025,128.19,128.19,128.19
2026-03-01 01:00:00+01:00,2025-03-01 01:00:00+01:00,2025,120.38,120.38,120.38
2026-03-01 02:00:00+01:00,2025-03-01 02:00:00+01:00,2025,117.09,117.09,117.09
2026-03-01 03:00:00+01:00,2025-03-01 03:00:00+01:00,2025,112.15,112.15,112.15
2026-03-01 04:00:00+01:00,2025-03-01 04:00:00+01:00,2025,109.75,109.75,109.75
2026-03-01 05:00:00+01:00,2025-03-01 05:00:00+01:00,2025,114.38,114.38,114.38
2026-03-01 06:00:00+01:00,2025-03-01 06:00:00+01:00,2025,118.86,118.86,118.86
2026-03-01 07:00:00+01:00,2025-03-01 07:00:00+01:00,2025,135.79,135.79,135.79
2026-03-01 08:00:00+01:00,2025-03-01 08:00:00+01:00,2025,138.79,138.79,138.79
2026-03-01 09:00:00+01:00,2025-03-01 09:00:00+01:00,2025,137.74,137.74,137.74
2026-03-01 10:00:00+01:00,2025-03-01 10:00:00+01:00,2025,125.08,125.08,125.08
2026-03-01 11:00:00+01:00,2025-03-01 11:00:00+01:00,2025,112.11,112.11,112.11
2026-03-01 12:00:00+01:00,2025-03-01 12:00:00+01:00,2025,102.21,102.21,102.21
2026-03-01 13:00:00+01:00,2025-03-01 13:00:00+01:00,2025,97.27,97.27,97.27
2026-03-01 14:00:00+01:00,2025-03-01 14:00:00+01:00,2025,99.39,99.39,99.39
2026-03-01 15:00:00+01:00,2025-03-01 15:00:00+01:00,2025,109.23,109.23,109.23
2026-03-01 16:00:00+01:00,2025-03-01 16:00:00+01:00,2025,125.41,125.41,125.41
2026-03-01 17:00:00+01:00,2025-03-01 17:00:00+01:00,2025,145.0,145.0,145.0
2026-03-01 18:00:00+01:00,2025-03-01 18:00:00+01:00,2025,158.55,158.55,158.55
2026-03-01 19:00:00+01:00,2025-03-01 19:00:00+01:00,2025,150.78,150.78,150.78
2026-03-01 20:00:00+01:00,2025-03-01 20:00:00+01:00,2025,137.29,137.29,137.29
2026-03-01 21:00:00+01:00,2025-03-01 21:00:00+01:00,2025,128.6,128.6,128.6
2026-03-01 22:00:00+01:00,2025-03-01 22:00:00+01:00,2025,123.57,123.57,123.57
2026-03-01 23:00:00+01:00,2025-03-01 23:00:00+01:00,2025,119.92,119.92,119.92
2026-03-02 00:00:00+01:00,2025-03-02 00:00:00+01:00,2025,123.94,123.94,123.94
2026-03-02 01:00:00+01:00,2025-03-02 01:00:00+01:00,2025,107.54,107.54,107.54
2026-03-02 02:00:00+01:00,2025-03-02 02:00:00+01:00,2025,99.32,99.32,99.32
2026-03-02 03:00:00+01:00,2025-03-02 03:00:00+01:00,2025,93.01,93.01,93.01
2026-03-02 04:00:00+01:00,2025-03-02 04:00:00+01:00,2025,94.23,94.23,94.23
2026-03-02 05:00:00+01:00,2025-03-02 05:00:00+01:00,2025,93.98,93.98,93.98
2026-03-02 06:00:00+01:00,2025-03-02 06:00:00+01:00,2025,95.89,95.89,95.89
2026-03-02 07:00:00+01:00,2025-03-02 07:00:00+01:00,2025,102.6,102.6,102.6
2026-03-02 08:00:00+01:00,2025-03-02 08:00:00+01:00,2025,103.11,103.11,103.11
2026-03-02 09:00:00+01:00,2025-03-02 09:00:00+01:00,2025,89.0,89.0,89.0
2026-03-02 10:00:00+01:00,2025-03-02 10:00:00+01:00,2025,68.3,68.3,68.3
2026-03-02 11:00:00+01:00,2025-03-02 11:00:00+01:00,2025,49.0,49.0,49.0
2026-03-02 12:00:00+01:00,2025-03-02 12:00:00+01:00,2025,27.5,27.5,27.5
2026-03-02 13:00:00+01:00,2025-03-02 13:00:00+01:00,2025,3.13,3.13,3.13
2026-03-02 14:00:00+01:00,2025-03-02 14:00:00+01:00,2025,2.84,2.84,2.84
2026-03-02 15:00:00+01:00,2025-03-02 15:00:00+01:00,2025,50.73,50.73,50.73
2026-03-02 16:00:00+01:00,2025-03-02 16:00:00+01:00,2025,80.43,80.43,80.43
2026-03-02 17:00:00+01:00,2025-03-02 17:00:00+01:00,2025,126.55,126.55,126.55
2026-03-02 18:00:00+01:00,2025-03-02 18:00:00+01:00,2025,143.09,143.09,143.09
2026-03-02 19:00:00+01:00,2025-03-02 19:00:00+01:00,2025,146.1,146.1,146.1
2026-03-02 20:00:00+01:00,2025-03-02 20:00:00+01:00,2025,132.98,132.98,132.98
2026-03-02 21:00:00+01:00,2025-03-02 21:00:00+01:00,2025,120.0,120.0,120.0
2026-03-02 22:00:00+01:00,2025-03-02 22:00:00+01:00,2025,120.79,120.79,120.79
2026-03-02 23:00:00+01:00,2025-03-02 23:00:00+01:00,2025,112.78,112.78,112.78
2026-03-03 00:00:00+01:00,2025-03-03 00:00:00+01:00,2025,108.01,108.01,108.01
2026-03-03 01:00:00+01:00,2025-03-03 01:00:00+01:00,2025,103.69,103.69,103.69
2026-03-03 02:00:00+01:00,2025-03-03 02:00:00+01:00,2025,102.79,102.79,102.79
2026-03-03 03:00:00+01:00,2025-03-03 03:00:00+01:00,2025,99.7,99.7,99.7
2026-03-03 04:00:00+01:00,2025-03-03 04:00:00+01:00,2025,103.37,103.37,103.37
2026-03-03 05:00:00+01:00,2025-03-03 05:00:00+01:00,2025,116.7,116.7,116.7
2026-03-03 06:00:00+01:00,2025-03-03 06:00:00+01:00,2025,137.51,137.51,137.51
2026-03-03 07:00:00+01:00,2025-03-03 07:00:00+01:00,2025,163.0,163.0,163.0
2026-03-03 08:00:00+01:00,2025-03-03 08:00:00+01:00,2025,147.52,147.52,147.52
2026-03-03 09:00:00+01:00,2025-03-03 09:00:00+01:00,2025,106.74,106.74,106.74
2026-03-03 10:00:00+01:00,2025-03-03 10:00:00+01:00,2025,72.39,72.39,72.39
2026-03-03 11:00:00+01:00,2025-03-03 11:00:00+01:00,2025,6.4,6.4,6.4
2026-03-03 12:00:00+01:00,2025-03-03 12:00:00+01:00,2025,0.33,0.33,0.33
2026-03-03 13:00:00+01:00,2025-03-03 13:00:00+01:00,2025,0.01,0.01,0.01
2026-03-03 14:00:00+01:00,2025-03-03 14:00:00+01:00,2025,61.4,61.4,61.4
2026-03-03 15:00:00+01:00,2025-03-03 15:00:00+01:00,2025,84.1,84.1,84.1
2026-03-03 16:00:00+01:00,2025-03-03 16:00:00+01:00,2025,106.36,106.36,106.36
2026-03-03 17:00:00+01:00,2025-03-03 17:00:00+01:00,2025,148.79,148.79,148.79
2026-03-03 18:00:00+01:00,2025-03-03 18:00:00+01:00,2025,183.95,183.95,183.95
2026-03-03 19:00:00+01:00,2025-03-03 19:00:00+01:00,2025,175.93,175.93,175.93
2026-03-03 20:00:00+01:00,2025-03-03 20:00:00+01:00,2025,150.49,150.49,150.49
2026-03-03 21:00:00+01:00,2025-03-03 21:00:00+01:00,2025,128.21,128.21,128.21
2026-03-03 22:00:00+01:00,2025-03-03 22:00:00+01:00,2025,124.93,124.93,124.93
2026-03-03 23:00:00+01:00,2025-03-03 23:00:00+01:00,2025,122.46,122.46,122.46
2026-03-04 00:00:00+01:00,2025-03-04 00:00:00+01:00,2025,121.0,121.0,121.0
2026-03-04 01:00:00+01:00,2025-03-04 01:00:00+01:00,2025,109.44,109.44,109.44
2026-03-04 02:00:00+01:00,2025-03-04 02:00:00+01:00,2025,103.79,103.79,103.79
2026-03-04 03:00:00+01:00,2025-03-04 03:00:00+01:00,2025,104.82,104.82,104.82
2026-03-04 04:00:00+01:00,2025-03-04 04:00:00+01:00,2025,100.28,100.28,100.28
2026-03-04 05:00:00+01:00,2025-03-04 05:00:00+01:00,2025,111.51,111.51,111.51
2026-03-04 06:00:00+01:00,2025-03-04 06:00:00+01:00,2025,141.86,141.86,141.86
2026-03-04 07:00:00+01:00,2025-03-04 07:00:00+01:00,2025,169.61,169.61,169.61
2026-03-04 08:00:00+01:00,2025-03-04 08:00:00+01:00,2025,141.95,141.95,141.95
2026-03-04 09:00:00+01:00,2025-03-04 09:00:00+01:00,2025,110.98,110.98,110.98
2026-03-04 10:00:00+01:00,2025-03-04 10:00:00+01:00,2025,80.02,80.02,80.02
2026-03-04 11:00:00+01:00,2025-03-04 11:00:00+01:00,2025,48.58,48.58,48.58
2026-03-04 12:00:00+01:00,2025-03-04 12:00:00+01:00,2025,20.53,20.53,20.53
2026-03-04 13:00:00+01:00,2025-03-04 13:00:00+01:00,2025,14.34,14.34,14.34
2026-03-04 14:00:00+01:00,2025-03-04 14:00:00+01:00,2025,52.31,52.31,52.31
2026-03-04 15:00:00+01:00,2025-03-04 15:00:00+01:00,2025,81.29,81.29,81.29
2026-03-04 16:00:00+01:00,2025-03-04 16:00:00+01:00,2025,111.15,111.15,111.15
2026-03-04 17:00:00+01:00,2025-03-04 17:00:00+01:00,2025,148.61,148.61,148.61
2026-03-04 18:00:00+01:00,2025-03-04 18:00:00+01:00,2025,180.92,180.92,180.92
2026-03-04 19:00:00+01:00,2025-03-04 19:00:00+01:00,2025,163.67,163.67,163.67
2026-03-04 20:00:00+01:00,2025-03-04 20:00:00+01:00,2025,134.13,134.13,134.13
2026-03-04 21:00:00+01:00,2025-03-04 21:00:00+01:00,2025,114.38,114.38,114.38
2026-03-04 22:00:00+01:00,2025-03-04 22:00:00+01:00,2025,114.41,114.41,114.41
2026-03-04 23:00:00+01:00,2025-03-04 23:00:00+01:00,2025,106.81,106.81,106.81
2026-03-05 00:00:00+01:00,2025-03-05 00:00:00+01:00,2025,90.05,90.05,90.05
2026-03-05 01:00:00+01:00,2025-03-05 01:00:00+01:00,2025,83.07,83.07,83.07
2026-03-05 02:00:00+01:00,2025-03-05 02:00:00+01:00,2025,83.01,83.01,83.01
2026-03-05 03:00:00+01:00,2025-03-05 03:00:00+01:00,2025,79.71,79.71,79.71
2026-03-05 04:00:00+01:00,2025-03-05 04:00:00+01:00,2025,81.63,81.63,81.63
2026-03-05 05:00:00+01:00,2025-03-05 05:00:00+01:00,2025,91.94,91.94,91.94
2026-03-05 06:00:00+01:00,2025-03-05 06:00:00+01:00,2025,115.57,115.57,115.57
2026-03-05 07:00:00+01:00,2025-03-05 07:00:00+01:00,2025,140.16,140.16,140.16
2026-03-05 08:00:00+01:00,2025-03-05 08:00:00+01:00,2025,85.64,85.64,85.64
2026-03-05 09:00:00+01:00,2025-03-05 09:00:00+01:00,2025,41.63,41.63,41.63
2026-03-05 10:00:00+01:00,2025-03-05 10:00:00+01:00,2025,0.02,0.02,0.02
2026-03-05 11:00:00+01:00,2025-03-05 11:00:00+01:00,2025,-0.07,-0.07,-0.07
2026-03-05 12:00:00+01:00,2025-03-05 12:00:00+01:00,2025,-4.28,-4.28,-4.28
2026-03-05 13:00:00+01:00,2025-03-05 13:00:00+01:00,2025,-3.7,-3.7,-3.7
2026-03-05 14:00:00+01:00,2025-03-05 14:00:00+01:00,2025,0.05,0.05,0.05
2026-03-05 15:00:00+01:00,2025-03-05 15:00:00+01:00,2025,48.5,48.5,48.5
2026-03-05 16:00:00+01:00,2025-03-05 16:00:00+01:00,2025,89.89,89.89,89.89
2026-03-05 17:00:00+01:00,2025-03-05 17:00:00+01:00,2025,133.13,133.13,133.13
2026-03-05 18:00:00+01:00,2025-03-05 18:00:00+01:00,2025,146.23,146.23,146.23
2026-03-05 19:00:00+01:00,2025-03-05 19:00:00+01:00,2025,145.89,145.89,145.89
2026-03-05 20:00:00+01:00,2025-03-05 20:00:00+01:00,2025,123.0,123.0,123.0
2026-03-05 21:00:00+01:00,2025-03-05 21:00:00+01:00,2025,108.12,108.12,108.12
2026-03-05 22:00:00+01:00,2025-03-05 22:00:00+01:00,2025,109.12,109.12,109.12
2026-03-05 23:00:00+01:00,2025-03-05 23:00:00+01:00,2025,96.98,96.98,96.98
2026-03-06 00:00:00+01:00,2025-03-06 00:00:00+01:00,2025,83.9,83.9,83.9
2026-03-06 01:00:00+01:00,2025-03-06 01:00:00+01:00,2025,84.84,84.84,84.84
2026-03-06 02:00:00+01:00,2025-03-06 02:00:00+01:00,2025,87.0,87.0,87.0
2026-03-06 03:00:00+01:00,2025-03-06 03:00:00+01:00,2025,88.12,88.12,88.12
2026-03-06 04:00:00+01:00,2025-03-06 04:00:00+01:00,2025,94.56,94.56,94.56
2026-03-06 05:00:00+01:00,2025-03-06 05:00:00+01:00,2025,95.91,95.91,95.91
2026-03-06 06:00:00+01:00,2025-03-06 06:00:00+01:00,2025,139.28,139.28,139.28
2026-03-06 07:00:00+01:00,2025-03-06 07:00:00+01:00,2025,151.32,151.32,151.32
2026-03-06 08:00:00+01:00,2025-03-06 08:00:00+01:00,2025,108.5,108.5,108.5
2026-03-06 09:00:00+01:00,2025-03-06 09:00:00+01:00,2025,78.7,78.7,78.7
2026-03-06 10:00:00+01:00,2025-03-06 10:00:00+01:00,2025,50.47,50.47,50.47
2026-03-06 11:00:00+01:00,2025-03-06 11:00:00+01:00,2025,4.02,4.02,4.02
2026-03-06 12:00:00+01:00,2025-03-06 12:00:00+01:00,2025,0.08,0.08,0.08
2026-03-06 13:00:00+01:00,2025-03-06 13:00:00+01:00,2025,0.02,0.02,0.02
2026-03-06 14:00:00+01:00,2025-03-06 14:00:00+01:00,2025,13.16,13.16,13.16
2026-03-06 15:00:00+01:00,2025-03-06 15:00:00+01:00,2025,71.0,71.0,71.0
2026-03-06 16:00:00+01:00,2025-03-06 16:00:00+01:00,2025,116.52,116.52,116.52
2026-03-06 17:00:00+01:00,2025-03-06 17:00:00+01:00,2025,148.95,148.95,148.95
2026-03-06 18:00:00+01:00,2025-03-06 18:00:00+01:00,2025,165.36,165.36,165.36
2026-03-06 19:00:00+01:00,2025-03-06 19:00:00+01:00,2025,149.1,149.1,149.1
2026-03-06 20:00:00+01:00,2025-03-06 20:00:00+01:00,2025,125.64,125.64,125.64
2026-03-06 21:00:00+01:00,2025-03-06 21:00:00+01:00,2025,106.63,106.63,106.63
2026-03-06 22:00:00+01:00,2025-03-06 22:00:00+01:00,2025,101.47,101.47,101.47
2026-03-06 23:00:00+01:00,2025-03-06 23:00:00+01:00,2025,91.11,91.11,91.11
2026-03-07 00:00:00+01:00,2025-03-07 00:00:00+01:00,2025,90.27,90.27,90.27
2026-03-07 01:00:00+01:00,2025-03-07 01:00:00+01:00,2025,90.27,90.27,90.27
2026-03-07 02:00:00+01:00,2025-03-07 02:00:00+01:00,2025,91.38,91.38,91.38
2026-03-07 03:00:00+01:00,2025-03-07 03:00:00+01:00,2025,91.69,91.69,91.69
2026-03-07 04:00:00+01:00,2025-03-07 04:00:00+01:00,2025,99.0,99.0,99.0
2026-03-07 05:00:00+01:00,2025-03-07 05:00:00+01:00,2025,115.17,115.17,115.17
2026-03-07 06:00:00+01:00,2025-03-07 06:00:00+01:00,2025,135.67,135.67,135.67
2026-03-07 07:00:00+01:00,2025-03-07 07:00:00+01:00,2025,147.7,147.7,147.7
2026-03-07 08:00:00+01:00,2025-03-07 08:00:00+01:00,2025,122.23,122.23,122.23
2026-03-07 09:00:00+01:00,2025-03-07 09:00:00+01:00,2025,83.0,83.0,83.0
2026-03-07 10:00:00+01:00,2025-03-07 10:00:00+01:00,2025,65.3,65.3,65.3
2026-03-07 11:00:00+01:00,2025-03-07 11:00:00+01:00,2025,31.81,31.81,31.81
2026-03-07 12:00:00+01:00,2025-03-07 12:00:00+01:00,2025,12.79,12.79,12.79
2026-03-07 13:00:00+01:00,2025-03-07 13:00:00+01:00,2025,8.08,8.08,8.08
2026-03-07 14:00:00+01:00,2025-03-07 14:00:00+01:00,2025,37.06,37.06,37.06
2026-03-07 15:00:00+01:00,2025-03-07 15:00:00+01:00,2025,90.15,90.15,90.15
2026-03-07 16:00:00+01:00,2025-03-07 16:00:00+01:00,2025,126.99,126.99,126.99
2026-03-07 17:00:00+01:00,2025-03-07 17:00:00+01:00,2025,149.91,149.91,149.91
2026-03-07 18:00:00+01:00,2025-03-07 18:00:00+01:00,2025,216.64,216.64,216.64
2026-03-07 19:00:00+01:00,2025-03-07 19:00:00+01:00,2025,178.68,178.68,178.68
2026-03-07 20:00:00+01:00,2025-03-07 20:00:00+01:00,2025,148.7,148.7,148.7
2026-03-07 21:00:00+01:00,2025-03-07 21:00:00+01:00,2025,132.4,132.4,132.4
2026-03-07 22:00:00+01:00,2025-03-07 22:00:00+01:00,2025,119.11,119.11,119.11
2026-03-07 23:00:00+01:00,2025-03-07 23:00:00+01:00,2025,111.83,111.83,111.83
2026-03-08 00:00:00+01:00,2025-03-08 00:00:00+01:00,2025,124.97,124.97,124.97
2026-03-08 01:00:00+01:00,2025-03-08 01:00:00+01:00,2025,113.94,113.94,113.94
2026-03-08 02:00:00+01:00,2025-03-08 02:00:00+01:00,2025,117.22,117.22,117.22
2026-03-08 03:00:00+01:00,2025-03-08 03:00:00+01:00,2025,116.76,116.76,116.76
2026-03-08 04:00:00+01:00,2025-03-08 04:00:00+01:00,2025,118.42,118.42,118.42
2026-03-08 05:00:00+01:00,2025-03-08 05:00:00+01:00,2025,121.3,121.3,121.3
2026-03-08 06:00:00+01:00,2025-03-08 06:00:00+01:00,2025,127.82,127.82,127.82
2026-03-08 07:00:00+01:00,2025-03-08 07:00:00+01:00,2025,120.59,120.59,120.59
2026-03-08 08:00:00+01:00,2025-03-08 08:00:00+01:00,2025,98.04,98.04,98.04
2026-03-08 09:00:00+01:00,2025-03-08 09:00:00+01:00,2025,72.54,72.54,72.54
2026-03-08 10:00:00+01:00,2025-03-08 10:00:00+01:00,2025,18.05,18.05,18.05
2026-03-08 11:00:00+01:00,2025-03-08 11:00:00+01:00,2025,2.07,2.07,2.07
2026-03-08 12:00:00+01:00,2025-03-08 12:00:00+01:00,2025,-0.34,-0.34,-0.34
2026-03-08 13:00:00+01:00,2025-03-08 13:00:00+01:00,2025,-0.1,-0.1,-0.1
2026-03-08 14:00:00+01:00,2025-03-08 14:00:00+01:00,2025,0.07,0.07,0.07
2026-03-08 15:00:00+01:00,2025-03-08 15:00:00+01:00,2025,56.2,56.2,56.2
2026-03-08 16:00:00+01:00,2025-03-08 16:00:00+01:00,2025,100.86,100.86,100.86
2026-03-08 17:00:00+01:00,2025-03-08 17:00:00+01:00,2025,145.58,145.58,145.58
2026-03-08 18:00:00+01:00,2025-03-08 18:00:00+01:00,2025,174.05,174.05,174.05
2026-03-08 19:00:00+01:00,2025-03-08 19:00:00+01:00,2025,140.03,140.03,140.03
2026-03-08 20:00:00+01:00,2025-03-08 20:00:00+01:00,2025,111.21,111.21,111.21
2026-03-08 21:00:00+01:00,2025-03-08 21:00:00+01:00,2025,100.0,100.0,100.0
2026-03-08 22:00:00+01:00,2025-03-08 22:00:00+01:00,2025,99.24,99.24,99.24
2026-03-08 23:00:00+01:00,2025-03-08 23:00:00+01:00,2025,97.94,97.94,97.94
2026-03-09 00:00:00+01:00,2025-03-09 00:00:00+01:00,2025,95.19,95.19,95.19
2026-03-09 01:00:00+01:00,2025-03-09 01:00:00+01:00,2025,94.81,94.81,94.81
2026-03-09 02:00:00+01:00,2025-03-09 02:00:00+01:00,2025,94.44,94.44,94.44
2026-03-09 03:00:00+01:00,2025-03-09 03:00:00+01:00,2025,96.51,96.51,96.51
2026-03-09 04:00:00+01:00,2025-03-09 04:00:00+01:00,2025,98.67,98.67,98.67
2026-03-09 05:00:00+01:00,2025-03-09 05:00:00+01:00,2025,101.51,101.51,101.51
2026-03-09 06:00:00+01:00,2025-03-09 06:00:00+01:00,2025,100.0,100.0,100.0
2026-03-09 07:00:00+01:00,2025-03-09 07:00:00+01:00,2025,93.01,93.01,93.01
2026-03-09 08:00:00+01:00,2025-03-09 08:00:00+01:00,2025,65.4,65.4,65.4
2026-03-09 09:00:00+01:00,2025-03-09 09:00:00+01:00,2025,29.27,29.27,29.27
2026-03-09 10:00:00+01:00,2025-03-09 10:00:00+01:00,2025,10.1,10.1,10.1
2026-03-09 11:00:00+01:00,2025-03-09 11:00:00+01:00,2025,0.03,0.03,0.03
2026-03-09 12:00:00+01:00,2025-03-09 12:00:00+01:00,2025,-2.26,-2.26,-2.26
2026-03-09 13:00:00+01:00,2025-03-09 13:00:00+01:00,2025,-2.04,-2.04,-2.04
2026-03-09 14:00:00+01:00,2025-03-09 14:00:00+01:00,2025,0.09,0.09,0.09
2026-03-09 15:00:00+01:00,2025-03-09 15:00:00+01:00,2025,17.39,17.39,17.39
2026-03-09 16:00:00+01:00,2025-03-09 16:00:00+01:00,2025,90.56,90.56,90.56
2026-03-09 17:00:00+01:00,2025-03-09 17:00:00+01:00,2025,125.74,125.74,125.74
2026-03-09 18:00:00+01:00,2025-03-09 18:00:00+01:00,2025,135.37,135.37,135.37
2026-03-09 19:00:00+01:00,2025-03-09 19:00:00+01:00,2025,136.7,136.7,136.7
2026-03-09 20:00:00+01:00,2025-03-09 20:00:00+01:00,2025,130.2,130.2,130.2
2026-03-09 21:00:00+01:00,2025-03-09 21:00:00+01:00,2025,122.7,122.7,122.7
2026-03-09 22:00:00+01:00,2025-03-09 22:00:00+01:00,2025,112.8,112.8,112.8
2026-03-09 23:00:00+01:00,2025-03-09 23:00:00+01:00,2025,106.83,106.83,106.83
2026-03-10 00:00:00+01:00,2025-03-10 00:00:00+01:00,2025,96.83,96.83,96.83
2026-03-10 01:00:00+01:00,2025-03-10 01:00:00+01:00,2025,94.92,94.92,94.92
2026-03-10 02:00:00+01:00,2025-03-10 02:00:00+01:00,2025,96.7,96.7,96.7
2026-03-10 03:00:00+01:00,2025-03-10 03:00:00+01:00,2025,96.87,96.87,96.87
2026-03-10 04:00:00+01:00,2025-03-10 04:00:00+01:00,2025,94.65,94.65,94.65
2026-03-10 05:00:00+01:00,2025-03-10 05:00:00+01:00,2025,106.37,106.37,106.37
2026-03-10 06:00:00+01:00,2025-03-10 06:00:00+01:00,2025,148.49,148.49,148.49
2026-03-10 07:00:00+01:00,2025-03-10 07:00:00+01:00,2025,159.75,159.75,159.75
2026-03-10 08:00:00+01:00,2025-03-10 08:00:00+01:00,2025,133.96,133.96,133.96
2026-03-10 09:00:00+01:00,2025-03-10 09:00:00+01:00,2025,98.88,98.88,98.88
2026-03-10 10:00:00+01:00,2025-03-10 10:00:00+01:00,2025,84.38,84.38,84.38
2026-03-10 11:00:00+01:00,2025-03-10 11:00:00+01:00,2025,77.88,77.88,77.88
2026-03-10 12:00:00+01:00,2025-03-10 12:00:00+01:00,2025,76.02,76.02,76.02
2026-03-10 13:00:00+01:00,2025-03-10 13:00:00+01:00,2025,77.32,77.32,77.32
2026-03-10 14:00:00+01:00,2025-03-10 14:00:00+01:00,2025,83.91,83.91,83.91
2026-03-10 15:00:00+01:00,2025-03-10 15:00:00+01:00,2025,97.47,97.47,97.47
2026-03-10 16:00:00+01:00,2025-03-10 16:00:00+01:00,2025,127.47,127.47,127.47
2026-03-10 17:00:00+01:00,2025-03-10 17:00:00+01:00,2025,147.97,147.97,147.97
2026-03-10 18:00:00+01:00,2025-03-10 18:00:00+01:00,2025,174.92,174.92,174.92
2026-03-10 19:00:00+01:00,2025-03-10 19:00:00+01:00,2025,160.24,160.24,160.24
2026-03-10 20:00:00+01:00,2025-03-10 20:00:00+01:00,2025,142.14,142.14,142.14
2026-03-10 21:00:00+01:00,2025-03-10 21:00:00+01:00,2025,126.59,126.59,126.59
2026-03-10 22:00:00+01:00,2025-03-10 22:00:00+01:00,2025,106.88,106.88,106.88
2026-03-10 23:00:00+01:00,2025-03-10 23:00:00+01:00,2025,97.97,97.97,97.97
2026-03-11 00:00:00+01:00,2025-03-11 00:00:00+01:00,2025,104.39,104.39,104.39
2026-03-11 01:00:00+01:00,2025-03-11 01:00:00+01:00,2025,101.8,101.8,101.8
2026-03-11 02:00:00+01:00,2025-03-11 02:00:00+01:00,2025,99.73,99.73,99.73
2026-03-11 03:00:00+01:00,2025-03-11 03:00:00+01:00,2025,100.5,100.5,100.5
2026-03-11 04:00:00+01:00,2025-03-11 04:00:00+01:00,2025,102.53,102.53,102.53
2026-03-11 05:00:00+01:00,2025-03-11 05:00:00+01:00,2025,110.86,110.86,110.86
2026-03-11 06:00:00+01:00,2025-03-11 06:00:00+01:00,2025,148.04,148.04,148.04
2026-03-11 07:00:00+01:00,2025-03-11 07:00:00+01:00,2025,152.98,152.98,152.98
2026-03-11 08:00:00+01:00,2025-03-11 08:00:00+01:00,2025,146.49,146.49,146.49
2026-03-11 09:00:00+01:00,2025-03-11 09:00:00+01:00,2025,128.53,128.53,128.53
2026-03-11 10:00:00+01:00,2025-03-11 10:00:00+01:00,2025,102.0,102.0,102.0
2026-03-11 11:00:00+01:00,2025-03-11 11:00:00+01:00,2025,97.48,97.48,97.48
2026-03-11 12:00:00+01:00,2025-03-11 12:00:00+01:00,2025,96.44,96.44,96.44
2026-03-11 13:00:00+01:00,2025-03-11 13:00:00+01:00,2025,98.38,98.38,98.38
2026-03-11 14:00:00+01:00,2025-03-11 14:00:00+01:00,2025,102.35,102.35,102.35
2026-03-11 15:00:00+01:00,2025-03-11 15:00:00+01:00,2025,112.84,112.84,112.84
2026-03-11 16:00:00+01:00,2025-03-11 16:00:00+01:00,2025,132.86,132.86,132.86
2026-03-11 17:00:00+01:00,2025-03-11 17:00:00+01:00,2025,171.95,171.95,171.95
2026-03-11 18:00:00+01:00,2025-03-11 18:00:00+01:00,2025,205.02,205.02,205.02
2026-03-11 19:00:00+01:00,2025-03-11 19:00:00+01:00,2025,180.95,180.95,180.95
2026-03-11 20:00:00+01:00,2025-03-11 20:00:00+01:00,2025,149.43,149.43,149.43
2026-03-11 21:00:00+01:00,2025-03-11 21:00:00+01:00,2025,133.0,133.0,133.0
2026-03-11 22:00:00+01:00,2025-03-11 22:00:00+01:00,2025,121.25,121.25,121.25
2026-03-11 23:00:00+01:00,2025-03-11 23:00:00+01:00,2025,107.34,107.34,107.34
2026-03-12 00:00:00+01:00,2025-03-12 00:00:00+01:00,2025,101.73,101.73,101.73
2026-03-12 01:00:00+01:00,2025-03-12 01:00:00+01:00,2025,100.09,100.09,100.09
2026-03-12 02:00:00+01:00,2025-03-12 02:00:00+01:00,2025,97.79,97.79,97.79
2026-03-12 03:00:00+01:00,2025-03-12 03:00:00+01:00,2025,97.38,97.38,97.38
2026-03-12 04:00:00+01:00,2025-03-12 04:00:00+01:00,2025,101.8,101.8,101.8
2026-03-12 05:00:00+01:00,2025-03-12 05:00:00+01:00,2025,110.31,110.31,110.31
2026-03-12 06:00:00+01:00,2025-03-12 06:00:00+01:00,2025,144.54,144.54,144.54
2026-03-12 07:00:00+01:00,2025-03-12 07:00:00+01:00,2025,161.64,161.64,161.64
2026-03-12 08:00:00+01:00,2025-03-12 08:00:00+01:00,2025,148.41,148.41,148.41
2026-03-12 09:00:00+01:00,2025-03-12 09:00:00+01:00,2025,125.0,125.0,125.0
2026-03-12 10:00:00+01:00,2025-03-12 10:00:00+01:00,2025,102.62,102.62,102.62
2026-03-12 11:00:00+01:00,2025-03-12 11:00:00+01:00,2025,99.69,99.69,99.69
2026-03-12 12:00:00+01:00,2025-03-12 12:00:00+01:00,2025,98.07,98.07,98.07
2026-03-12 13:00:00+01:00,2025-03-12 13:00:00+01:00,2025,99.91,99.91,99.91
2026-03-12 14:00:00+01:00,2025-03-12 14:00:00+01:00,2025,101.65,101.65,101.65
2026-03-12 15:00:00+01:00,2025-03-12 15:00:00+01:00,2025,117.74,117.74,117.74
2026-03-12 16:00:00+01:00,2025-03-12 16:00:00+01:00,2025,142.1,142.1,142.1
2026-03-12 17:00:00+01:00,2025-03-12 17:00:00+01:00,2025,157.03,157.03,157.03
2026-03-12 18:00:00+01:00,2025-03-12 18:00:00+01:00,2025,199.75,199.75,199.75
2026-03-12 19:00:00+01:00,2025-03-12 19:00:00+01:00,2025,179.49,179.49,179.49
2026-03-12 20:00:00+01:00,2025-03-12 20:00:00+01:00,2025,148.05,148.05,148.05
2026-03-12 21:00:00+01:00,2025-03-12 21:00:00+01:00,2025,132.2,132.2,132.2
2026-03-12 22:00:00+01:00,2025-03-12 22:00:00+01:00,2025,120.0,120.0,120.0
2026-03-12 23:00:00+01:00,2025-03-12 23:00:00+01:00,2025,109.91,109.91,109.91
2026-03-13 00:00:00+01:00,2025-03-13 00:00:00+01:00,2025,108.52,108.52,108.52
2026-03-13 01:00:00+01:00,2025-03-13 01:00:00+01:00,2025,102.25,102.25,102.25
2026-03-13 02:00:00+01:00,2025-03-13 02:00:00+01:00,2025,98.98,98.98,98.98
2026-03-13 03:00:00+01:00,2025-03-13 03:00:00+01:00,2025,96.71,96.71,96.71
2026-03-13 04:00:00+01:00,2025-03-13 04:00:00+01:00,2025,98.35,98.35,98.35
2026-03-13 05:00:00+01:00,2025-03-13 05:00:00+01:00,2025,105.88,105.88,105.88
2026-03-13 06:00:00+01:00,2025-03-13 06:00:00+01:00,2025,132.99,132.99,132.99
2026-03-13 07:00:00+01:00,2025-03-13 07:00:00+01:00,2025,159.87,159.87,159.87
2026-03-13 08:00:00+01:00,2025-03-13 08:00:00+01:00,2025,158.03,158.03,158.03
2026-03-13 09:00:00+01:00,2025-03-13 09:00:00+01:00,2025,148.13,148.13,148.13
2026-03-13 10:00:00+01:00,2025-03-13 10:00:00+01:00,2025,123.77,123.77,123.77
2026-03-13 11:00:00+01:00,2025-03-13 11:00:00+01:00,2025,110.7,110.7,110.7
2026-03-13 12:00:00+01:00,2025-03-13 12:00:00+01:00,2025,110.01,110.01,110.01
2026-03-13 13:00:00+01:00,2025-03-13 13:00:00+01:00,2025,108.22,108.22,108.22
2026-03-13 14:00:00+01:00,2025-03-13 14:00:00+01:00,2025,107.54,107.54,107.54
2026-03-13 15:00:00+01:00,2025-03-13 15:00:00+01:00,2025,109.99,109.99,109.99
2026-03-13 16:00:00+01:00,2025-03-13 16:00:00+01:00,2025,121.47,121.47,121.47
2026-03-13 17:00:00+01:00,2025-03-13 17:00:00+01:00,2025,142.65,142.65,142.65
2026-03-13 18:00:00+01:00,2025-03-13 18:00:00+01:00,2025,166.05,166.05,166.05
2026-03-13 19:00:00+01:00,2025-03-13 19:00:00+01:00,2025,173.47,173.47,173.47
2026-03-13 20:00:00+01:00,2025-03-13 20:00:00+01:00,2025,149.0,149.0,149.0
2026-03-13 21:00:00+01:00,2025-03-13 21:00:00+01:00,2025,135.69,135.69,135.69
2026-03-13 22:00:00+01:00,2025-03-13 22:00:00+01:00,2025,123.48,123.48,123.48
2026-03-13 23:00:00+01:00,2025-03-13 23:00:00+01:00,2025,111.63,111.63,111.63
2026-03-14 00:00:00+01:00,2025-03-14 00:00:00+01:00,2025,109.09,109.09,109.09
2026-03-14 01:00:00+01:00,2025-03-14 01:00:00+01:00,2025,106.0,106.0,106.0
2026-03-14 02:00:00+01:00,2025-03-14 02:00:00+01:00,2025,105.9,105.9,105.9
2026-03-14 03:00:00+01:00,2025-03-14 03:00:00+01:00,2025,103.83,103.83,103.83
2026-03-14 04:00:00+01:00,2025-03-14 04:00:00+01:00,2025,105.3,105.3,105.3
2026-03-14 05:00:00+01:00,2025-03-14 05:00:00+01:00,2025,113.99,113.99,113.99
2026-03-14 06:00:00+01:00,2025-03-14 06:00:00+01:00,2025,143.02,143.02,143.02
2026-03-14 07:00:00+01:00,2025-03-14 07:00:00+01:00,2025,155.11,155.11,155.11
2026-03-14 08:00:00+01:00,2025-03-14 08:00:00+01:00,2025,155.0,155.0,155.0
2026-03-14 09:00:00+01:00,2025-03-14 09:00:00+01:00,2025,132.09,132.09,132.09
2026-03-14 10:00:00+01:00,2025-03-14 10:00:00+01:00,2025,112.0,112.0,112.0
2026-03-14 11:00:00+01:00,2025-03-14 11:00:00+01:00,2025,106.35,106.35,106.35
2026-03-14 12:00:00+01:00,2025-03-14 12:00:00+01:00,2025,104.5,104.5,104.5
2026-03-14 13:00:00+01:00,2025-03-14 13:00:00+01:00,2025,104.59,104.59,104.59
2026-03-14 14:00:00+01:00,2025-03-14 14:00:00+01:00,2025,105.38,105.38,105.38
2026-03-14 15:00:00+01:00,2025-03-14 15:00:00+01:00,2025,109.39,109.39,109.39
2026-03-14 16:00:00+01:00,2025-03-14 16:00:00+01:00,2025,124.84,124.84,124.84
2026-03-14 17:00:00+01:00,2025-03-14 17:00:00+01:00,2025,146.44,146.44,146.44
2026-03-14 18:00:00+01:00,2025-03-14 18:00:00+01:00,2025,155.33,155.33,155.33
2026-03-14 19:00:00+01:00,2025-03-14 19:00:00+01:00,2025,150.91,150.91,150.91
2026-03-14 20:00:00+01:00,2025-03-14 20:00:00+01:00,2025,130.01,130.01,130.01
2026-03-14 21:00:00+01:00,2025-03-14 21:00:00+01:00,2025,111.39,111.39,111.39
2026-03-14 22:00:00+01:00,2025-03-14 22:00:00+01:00,2025,114.0,114.0,114.0
2026-03-14 23:00:00+01:00,2025-03-14 23:00:00+01:00,2025,105.17,105.17,105.17
2026-03-15 00:00:00+01:00,2025-03-15 00:00:00+01:00,2025,112.15,112.15,112.15
2026-03-15 01:00:00+01:00,2025-03-15 01:00:00+01:00,2025,103.14,103.14,103.14
2026-03-15 02:00:00+01:00,2025-03-15 02:00:00+01:00,2025,96.0,96.0,96.0
2026-03-15 03:00:00+01:00,2025-03-15 03:00:00+01:00,2025,89.9,89.9,89.9
2026-03-15 04:00:00+01:00,2025-03-15 04:00:00+01:00,2025,86.9,86.9,86.9
2026-03-15 05:00:00+01:00,2025-03-15 05:00:00+01:00,2025,90.55,90.55,90.55
2026-03-15 06:00:00+01:00,2025-03-15 06:00:00+01:00,2025,97.01,97.01,97.01
2026-03-15 07:00:00+01:00,2025-03-15 07:00:00+01:00,2025,99.42,99.42,99.42
2026-03-15 08:00:00+01:00,2025-03-15 08:00:00+01:00,2025,98.77,98.77,98.77
2026-03-15 09:00:00+01:00,2025-03-15 09:00:00+01:00,2025,86.4,86.4,86.4
2026-03-15 10:00:00+01:00,2025-03-15 10:00:00+01:00,2025,72.39,72.39,72.39
2026-03-15 11:00:00+01:00,2025-03-15 11:00:00+01:00,2025,67.16,67.16,67.16
2026-03-15 12:00:00+01:00,2025-03-15 12:00:00+01:00,2025,57.32,57.32,57.32
2026-03-15 13:00:00+01:00,2025-03-15 13:00:00+01:00,2025,48.0,48.0,48.0
2026-03-15 14:00:00+01:00,2025-03-15 14:00:00+01:00,2025,54.51,54.51,54.51
2026-03-15 15:00:00+01:00,2025-03-15 15:00:00+01:00,2025,70.8,70.8,70.8
2026-03-15 16:00:00+01:00,2025-03-15 16:00:00+01:00,2025,84.24,84.24,84.24
2026-03-15 17:00:00+01:00,2025-03-15 17:00:00+01:00,2025,121.91,121.91,121.91
2026-03-15 18:00:00+01:00,2025-03-15 18:00:00+01:00,2025,130.3,130.3,130.3
2026-03-15 19:00:00+01:00,2025-03-15 19:00:00+01:00,2025,132.96,132.96,132.96
2026-03-15 20:00:00+01:00,2025-03-15 20:00:00+01:00,2025,121.46,121.46,121.46
2026-03-15 21:00:00+01:00,2025-03-15 21:00:00+01:00,2025,108.5,108.5,108.5
2026-03-15 22:00:00+01:00,2025-03-15 22:00:00+01:00,2025,105.02,105.02,105.02
2026-03-15 23:00:00+01:00,2025-03-15 23:00:00+01:00,2025,95.25,95.25,95.25
2026-03-16 00:00:00+01:00,2025-03-16 00:00:00+01:00,2025,90.01,90.01,90.01
2026-03-16 01:00:00+01:00,2025-03-16 01:00:00+01:00,2025,85.79,85.79,85.79
2026-03-16 02:00:00+01:00,2025-03-16 02:00:00+01:00,2025,79.62,79.62,79.62
2026-03-16 03:00:00+01:00,2025-03-16 03:00:00+01:00,2025,78.18,78.18,78.18
2026-03-16 04:00:00+01:00,2025-03-16 04:00:00+01:00,2025,78.6,78.6,78.6
2026-03-16 05:00:00+01:00,2025-03-16 05:00:00+01:00,2025,80.51,80.51,80.51
2026-03-16 06:00:00+01:00,2025-03-16 06:00:00+01:00,2025,85.14,85.14,85.14
2026-03-16 07:00:00+01:00,2025-03-16 07:00:00+01:00,2025,82.07,82.07,82.07
2026-03-16 08:00:00+01:00,2025-03-16 08:00:00+01:00,2025,77.95,77.95,77.95
2026-03-16 09:00:00+01:00,2025-03-16 09:00:00+01:00,2025,56.9,56.9,56.9
2026-03-16 10:00:00+01:00,2025-03-16 10:00:00+01:00,2025,24.09,24.09,24.09
2026-03-16 11:00:00+01:00,2025-03-16 11:00:00+01:00,2025,2.9,2.9,2.9
2026-03-16 12:00:00+01:00,2025-03-16 12:00:00+01:00,2025,1.01,1.01,1.01
2026-03-16 13:00:00+01:00,2025-03-16 13:00:00+01:00,2025,0.19,0.19,0.19
2026-03-16 14:00:00+01:00,2025-03-16 14:00:00+01:00,2025,2.53,2.53,2.53
2026-03-16 15:00:00+01:00,2025-03-16 15:00:00+01:00,2025,31.0,31.0,31.0
2026-03-16 16:00:00+01:00,2025-03-16 16:00:00+01:00,2025,71.11,71.11,71.11
2026-03-16 17:00:00+01:00,2025-03-16 17:00:00+01:00,2025,116.81,116.81,116.81
2026-03-16 18:00:00+01:00,2025-03-16 18:00:00+01:00,2025,130.84,130.84,130.84
2026-03-16 19:00:00+01:00,2025-03-16 19:00:00+01:00,2025,140.0,140.0,140.0
2026-03-16 20:00:00+01:00,2025-03-16 20:00:00+01:00,2025,125.28,125.28,125.28
2026-03-16 21:00:00+01:00,2025-03-16 21:00:00+01:00,2025,107.73,107.73,107.73
2026-03-16 22:00:00+01:00,2025-03-16 22:00:00+01:00,2025,100.8,100.8,100.8
2026-03-16 23:00:00+01:00,2025-03-16 23:00:00+01:00,2025,79.71,79.71,79.71
2026-03-17 00:00:00+01:00,2025-03-17 00:00:00+01:00,2025,78.1,78.1,78.1
2026-03-17 01:00:00+01:00,2025-03-17 01:00:00+01:00,2025,79.01,79.01,79.01
2026-03-17 02:00:00+01:00,2025-03-17 02:00:00+01:00,2025,78.79,78.79,78.79
2026-03-17 03:00:00+01:00,2025-03-17 03:00:00+01:00,2025,80.91,80.91,80.91
2026-03-17 04:00:00+01:00,2025-03-17 04:00:00+01:00,2025,85.85,85.85,85.85
2026-03-17 05:00:00+01:00,2025-03-17 05:00:00+01:00,2025,103.3,103.3,103.3
2026-03-17 06:00:00+01:00,2025-03-17 06:00:00+01:00,2025,135.18,135.18,135.18
2026-03-17 07:00:00+01:00,2025-03-17 07:00:00+01:00,2025,152.87,152.87,152.87
2026-03-17 08:00:00+01:00,2025-03-17 08:00:00+01:00,2025,135.24,135.24,135.24
2026-03-17 09:00:00+01:00,2025-03-17 09:00:00+01:00,2025,100.73,100.73,100.73
2026-03-17 10:00:00+01:00,2025-03-17 10:00:00+01:00,2025,68.21,68.21,68.21
2026-03-17 11:00:00+01:00,2025-03-17 11:00:00+01:00,2025,50.56,50.56,50.56
2026-03-17 12:00:00+01:00,2025-03-17 12:00:00+01:00,2025,31.17,31.17,31.17
2026-03-17 13:00:00+01:00,2025-03-17 13:00:00+01:00,2025,27.95,27.95,27.95
2026-03-17 14:00:00+01:00,2025-03-17 14:00:00+01:00,2025,50.14,50.14,50.14
2026-03-17 15:00:00+01:00,2025-03-17 15:00:00+01:00,2025,70.01,70.01,70.01
2026-03-17 16:00:00+01:00,2025-03-17 16:00:00+01:00,2025,98.55,98.55,98.55
2026-03-17 17:00:00+01:00,2025-03-17 17:00:00+01:00,2025,143.05,143.05,143.05
2026-03-17 18:00:00+01:00,2025-03-17 18:00:00+01:00,2025,177.33,177.33,177.33
2026-03-17 19:00:00+01:00,2025-03-17 19:00:00+01:00,2025,170.0,170.0,170.0
2026-03-17 20:00:00+01:00,2025-03-17 20:00:00+01:00,2025,141.5,141.5,141.5
2026-03-17 21:00:00+01:00,2025-03-17 21:00:00+01:00,2025,118.85,118.85,118.85
2026-03-17 22:00:00+01:00,2025-03-17 22:00:00+01:00,2025,107.86,107.86,107.86
2026-03-17 23:00:00+01:00,2025-03-17 23:00:00+01:00,2025,93.5,93.5,93.5
2026-03-18 00:00:00+01:00,2025-03-18 00:00:00+01:00,2025,92.2,92.2,92.2
2026-03-18 01:00:00+01:00,2025-03-18 01:00:00+01:00,2025,89.99,89.99,89.99
2026-03-18 02:00:00+01:00,2025-03-18 02:00:00+01:00,2025,92.37,92.37,92.37
2026-03-18 03:00:00+01:00,2025-03-18 03:00:00+01:00,2025,89.2,89.2,89.2
2026-03-18 04:00:00+01:00,2025-03-18 04:00:00+01:00,2025,95.25,95.25,95.25
2026-03-18 05:00:00+01:00,2025-03-18 05:00:00+01:00,2025,110.74,110.74,110.74
2026-03-18 06:00:00+01:00,2025-03-18 06:00:00+01:00,2025,138.9,138.9,138.9
2026-03-18 07:00:00+01:00,2025-03-18 07:00:00+01:00,2025,136.68,136.68,136.68
2026-03-18 08:00:00+01:00,2025-03-18 08:00:00+01:00,2025,106.52,106.52,106.52
2026-03-18 09:00:00+01:00,2025-03-18 09:00:00+01:00,2025,71.53,71.53,71.53
2026-03-18 10:00:00+01:00,2025-03-18 10:00:00+01:00,2025,25.27,25.27,25.27
2026-03-18 11:00:00+01:00,2025-03-18 11:00:00+01:00,2025,0.68,0.68,0.68
2026-03-18 12:00:00+01:00,2025-03-18 12:00:00+01:00,2025,-1.46,-1.46,-1.46
2026-03-18 13:00:00+01:00,2025-03-18 13:00:00+01:00,2025,-0.3,-0.3,-0.3
2026-03-18 14:00:00+01:00,2025-03-18 14:00:00+01:00,2025,5.72,5.72,5.72
2026-03-18 15:00:00+01:00,2025-03-18 15:00:00+01:00,2025,50.28,50.28,50.28
2026-03-18 16:00:00+01:00,2025-03-18 16:00:00+01:00,2025,95.94,95.94,95.94
2026-03-18 17:00:00+01:00,2025-03-18 17:00:00+01:00,2025,140.9,140.9,140.9
2026-03-18 18:00:00+01:00,2025-03-18 18:00:00+01:00,2025,170.91,170.91,170.91
2026-03-18 19:00:00+01:00,2025-03-18 19:00:00+01:00,2025,167.46,167.46,167.46
2026-03-18 20:00:00+01:00,2025-03-18 20:00:00+01:00,2025,142.39,142.39,142.39
2026-03-18 21:00:00+01:00,2025-03-18 21:00:00+01:00,2025,123.04,123.04,123.04
2026-03-18 22:00:00+01:00,2025-03-18 22:00:00+01:00,2025,115.97,115.97,115.97
2026-03-18 23:00:00+01:00,2025-03-18 23:00:00+01:00,2025,103.29,103.29,103.29
2026-03-19 00:00:00+01:00,2025-03-19 00:00:00+01:00,2025,107.29,107.29,107.29
2026-03-19 01:00:00+01:00,2025-03-19 01:00:00+01:00,2025,102.4,102.4,102.4
2026-03-19 02:00:00+01:00,2025-03-19 02:00:00+01:00,2025,101.19,101.19,101.19
2026-03-19 03:00:00+01:00,2025-03-19 03:00:00+01:00,2025,102.0,102.0,102.0
2026-03-19 04:00:00+01:00,2025-03-19 04:00:00+01:00,2025,106.59,106.59,106.59
2026-03-19 05:00:00+01:00,2025-03-19 05:00:00+01:00,2025,122.52,122.52,122.52
2026-03-19 06:00:00+01:00,2025-03-19 06:00:00+01:00,2025,158.05,158.05,158.05
2026-03-19 07:00:00+01:00,2025-03-19 07:00:00+01:00,2025,147.74,147.74,147.74
2026-03-19 08:00:00+01:00,2025-03-19 08:00:00+01:00,2025,108.23,108.23,108.23
2026-03-19 09:00:00+01:00,2025-03-19 09:00:00+01:00,2025,79.5,79.5,79.5
2026-03-19 10:00:00+01:00,2025-03-19 10:00:00+01:00,2025,26.52,26.52,26.52
2026-03-19 11:00:00+01:00,2025-03-19 11:00:00+01:00,2025,-0.04,-0.04,-0.04
2026-03-19 12:00:00+01:00,2025-03-19 12:00:00+01:00,2025,-0.56,-0.56,-0.56
2026-03-19 13:00:00+01:00,2025-03-19 13:00:00+01:00,2025,-0.25,-0.25,-0.25
2026-03-19 14:00:00+01:00,2025-03-19 14:00:00+01:00,2025,0.99,0.99,0.99
2026-03-19 15:00:00+01:00,2025-03-19 15:00:00+01:00,2025,66.73,66.73,66.73
2026-03-19 16:00:00+01:00,2025-03-19 16:00:00+01:00,2025,109.85,109.85,109.85
2026-03-19 17:00:00+01:00,2025-03-19 17:00:00+01:00,2025,147.56,147.56,147.56
2026-03-19 18:00:00+01:00,2025-03-19 18:00:00+01:00,2025,248.18,248.18,248.18
2026-03-19 19:00:00+01:00,2025-03-19 19:00:00+01:00,2025,220.3,220.3,220.3
2026-03-19 20:00:00+01:00,2025-03-19 20:00:00+01:00,2025,176.68,176.68,176.68
2026-03-19 21:00:00+01:00,2025-03-19 21:00:00+01:00,2025,138.24,138.24,138.24
2026-03-19 22:00:00+01:00,2025-03-19 22:00:00+01:00,2025,124.45,124.45,124.45
2026-03-19 23:00:00+01:00,2025-03-19 23:00:00+01:00,2025,111.14,111.14,111.14
2026-03-20 00:00:00+01:00,2025-03-20 00:00:00+01:00,2025,117.17,117.17,117.17
2026-03-20 01:00:00+01:00,2025-03-20 01:00:00+01:00,2025,102.86,102.86,102.86
2026-03-20 02:00:00+01:00,2025-03-20 02:00:00+01:00,2025,99.56,99.56,99.56
2026-03-20 03:00:00+01:00,2025-03-20 03:00:00+01:00,2025,100.08,100.08,100.08
2026-03-20 04:00:00+01:00,2025-03-20 04:00:00+01:00,2025,102.83,102.83,102.83
2026-03-20 05:00:00+01:00,2025-03-20 05:00:00+01:00,2025,119.7,119.7,119.7
2026-03-20 06:00:00+01:00,2025-03-20 06:00:00+01:00,2025,144.84,144.84,144.84
2026-03-20 07:00:00+01:00,2025-03-20 07:00:00+01:00,2025,141.21,141.21,141.21
2026-03-20 08:00:00+01:00,2025-03-20 08:00:00+01:00,2025,99.87,99.87,99.87
2026-03-20 09:00:00+01:00,2025-03-20 09:00:00+01:00,2025,79.45,79.45,79.45
2026-03-20 10:00:00+01:00,2025-03-20 10:00:00+01:00,2025,37.51,37.51,37.51
2026-03-20 11:00:00+01:00,2025-03-20 11:00:00+01:00,2025,3.42,3.42,3.42
2026-03-20 12:00:00+01:00,2025-03-20 12:00:00+01:00,2025,0.43,0.43,0.43
2026-03-20 13:00:00+01:00,2025-03-20 13:00:00+01:00,2025,0.65,0.65,0.65
2026-03-20 14:00:00+01:00,2025-03-20 14:00:00+01:00,2025,16.6,16.6,16.6
2026-03-20 15:00:00+01:00,2025-03-20 15:00:00+01:00,2025,79.42,79.42,79.42
2026-03-20 16:00:00+01:00,2025-03-20 16:00:00+01:00,2025,120.76,120.76,120.76
2026-03-20 17:00:00+01:00,2025-03-20 17:00:00+01:00,2025,155.14,155.14,155.14
2026-03-20 18:00:00+01:00,2025-03-20 18:00:00+01:00,2025,280.07,280.07,280.07
2026-03-20 19:00:00+01:00,2025-03-20 19:00:00+01:00,2025,253.85,253.85,253.85
2026-03-20 20:00:00+01:00,2025-03-20 20:00:00+01:00,2025,164.0,164.0,164.0
2026-03-20 21:00:00+01:00,2025-03-20 21:00:00+01:00,2025,136.82,136.82,136.82
2026-03-20 22:00:00+01:00,2025-03-20 22:00:00+01:00,2025,125.03,125.03,125.03
2026-03-20 23:00:00+01:00,2025-03-20 23:00:00+01:00,2025,117.91,117.91,117.91
2026-03-21 00:00:00+01:00,2025-03-21 00:00:00+01:00,2025,125.07,125.07,125.07
2026-03-21 01:00:00+01:00,2025-03-21 01:00:00+01:00,2025,116.41,116.41,116.41
2026-03-21 02:00:00+01:00,2025-03-21 02:00:00+01:00,2025,112.74,112.74,112.74
2026-03-21 03:00:00+01:00,2025-03-21 03:00:00+01:00,2025,105.81,105.81,105.81
2026-03-21 04:00:00+01:00,2025-03-21 04:00:00+01:00,2025,109.1,109.1,109.1
2026-03-21 05:00:00+01:00,2025-03-21 05:00:00+01:00,2025,127.49,127.49,127.49
2026-03-21 06:00:00+01:00,2025-03-21 06:00:00+01:00,2025,156.0,156.0,156.0
2026-03-21 07:00:00+01:00,2025-03-21 07:00:00+01:00,2025,148.27,148.27,148.27
2026-03-21 08:00:00+01:00,2025-03-21 08:00:00+01:00,2025,110.73,110.73,110.73
2026-03-21 09:00:00+01:00,2025-03-21 09:00:00+01:00,2025,73.31,73.31,73.31
2026-03-21 10:00:00+01:00,2025-03-21 10:00:00+01:00,2025,43.25,43.25,43.25
2026-03-21 11:00:00+01:00,2025-03-21 11:00:00+01:00,2025,7.35,7.35,7.35
2026-03-21 12:00:00+01:00,2025-03-21 12:00:00+01:00,2025,0.81,0.81,0.81
2026-03-21 13:00:00+01:00,2025-03-21 13:00:00+01:00,2025,0.0,0.0,0.0
2026-03-21 14:00:00+01:00,2025-03-21 14:00:00+01:00,2025,2.49,2.49,2.49
2026-03-21 15:00:00+01:00,2025-03-21 15:00:00+01:00,2025,12.36,12.36,12.36
2026-03-21 16:00:00+01:00,2025-03-21 16:00:00+01:00,2025,46.22,46.22,46.22
2026-03-21 17:00:00+01:00,2025-03-21 17:00:00+01:00,2025,100.24,100.24,100.24
2026-03-21 18:00:00+01:00,2025-03-21 18:00:00+01:00,2025,120.65,120.65,120.65
2026-03-21 19:00:00+01:00,2025-03-21 19:00:00+01:00,2025,83.5,83.5,83.5
2026-03-21 20:00:00+01:00,2025-03-21 20:00:00+01:00,2025,70.0,70.0,70.0
2026-03-21 21:00:00+01:00,2025-03-21 21:00:00+01:00,2025,47.19,47.19,47.19
2026-03-21 22:00:00+01:00,2025-03-21 22:00:00+01:00,2025,27.13,27.13,27.13
2026-03-21 23:00:00+01:00,2025-03-21 23:00:00+01:00,2025,18.45,18.45,18.45
2026-03-22 00:00:00+01:00,2025-03-22 00:00:00+01:00,2025,26.93,26.93,26.93
2026-03-22 01:00:00+01:00,2025-03-22 01:00:00+01:00,2025,12.57,12.57,12.57
2026-03-22 02:00:00+01:00,2025-03-22 02:00:00+01:00,2025,9.07,9.07,9.07
2026-03-22 03:00:00+01:00,2025-03-22 03:00:00+01:00,2025,6.88,6.88,6.88
2026-03-22 04:00:00+01:00,2025-03-22 04:00:00+01:00,2025,10.12,10.12,10.12
2026-03-22 05:00:00+01:00,2025-03-22 05:00:00+01:00,2025,12.95,12.95,12.95
2026-03-22 06:00:00+01:00,2025-03-22 06:00:00+01:00,2025,13.01,13.01,13.01
2026-03-22 07:00:00+01:00,2025-03-22 07:00:00+01:00,2025,13.04,13.04,13.04
2026-03-22 08:00:00+01:00,2025-03-22 08:00:00+01:00,2025,3.11,3.11,3.11
2026-03-22 09:00:00+01:00,2025-03-22 09:00:00+01:00,2025,0.0,0.0,0.0
2026-03-22 10:00:00+01:00,2025-03-22 10:00:00+01:00,2025,-1.86,-1.86,-1.86
2026-03-22 11:00:00+01:00,2025-03-22 11:00:00+01:00,2025,-6.31,-6.31,-6.31
2026-03-22 12:00:00+01:00,2025-03-22 12:00:00+01:00,2025,-15.18,-15.18,-15.18
2026-03-22 13:00:00+01:00,2025-03-22 13:00:00+01:00,2025,-15.04,-15.04,-15.04
2026-03-22 14:00:00+01:00,2025-03-22 14:00:00+01:00,2025,-6.79,-6.79,-6.79
2026-03-22 15:00:00+01:00,2025-03-22 15:00:00+01:00,2025,-1.51,-1.51,-1.51
2026-03-22 16:00:00+01:00,2025-03-22 16:00:00+01:00,2025,1.01,1.01,1.01
2026-03-22 17:00:00+01:00,2025-03-22 17:00:00+01:00,2025,34.99,34.99,34.99
2026-03-22 18:00:00+01:00,2025-03-22 18:00:00+01:00,2025,60.03,60.03,60.03
2026-03-22 19:00:00+01:00,2025-03-22 19:00:00+01:00,2025,50.95,50.95,50.95
2026-03-22 20:00:00+01:00,2025-03-22 20:00:00+01:00,2025,42.15,42.15,42.15
2026-03-22 21:00:00+01:00,2025-03-22 21:00:00+01:00,2025,36.12,36.12,36.12
2026-03-22 22:00:00+01:00,2025-03-22 22:00:00+01:00,2025,37.14,37.14,37.14
2026-03-22 23:00:00+01:00,2025-03-22 23:00:00+01:00,2025,35.69,35.69,35.69
2026-03-23 00:00:00+01:00,2025-03-23 00:00:00+01:00,2025,13.69,13.69,13.69
2026-03-23 01:00:00+01:00,2025-03-23 01:00:00+01:00,2025,19.01,19.01,19.01
2026-03-23 02:00:00+01:00,2025-03-23 02:00:00+01:00,2025,23.65,23.65,23.65
2026-03-23 03:00:00+01:00,2025-03-23 03:00:00+01:00,2025,23.49,23.49,23.49
2026-03-23 04:00:00+01:00,2025-03-23 04:00:00+01:00,2025,24.82,24.82,24.82
2026-03-23 05:00:00+01:00,2025-03-23 05:00:00+01:00,2025,25.01,25.01,25.01
2026-03-23 06:00:00+01:00,2025-03-23 06:00:00+01:00,2025,24.84,24.84,24.84
2026-03-23 07:00:00+01:00,2025-03-23 07:00:00+01:00,2025,24.26,24.26,24.26
2026-03-23 08:00:00+01:00,2025-03-23 08:00:00+01:00,2025,18.99,18.99,18.99
2026-03-23 09:00:00+01:00,2025-03-23 09:00:00+01:00,2025,23.09,23.09,23.09
2026-03-23 10:00:00+01:00,2025-03-23 10:00:00+01:00,2025,13.78,13.78,13.78
2026-03-23 11:00:00+01:00,2025-03-23 11:00:00+01:00,2025,9.6,9.6,9.6
2026-03-23 12:00:00+01:00,2025-03-23 12:00:00+01:00,2025,13.49,13.49,13.49
2026-03-23 13:00:00+01:00,2025-03-23 13:00:00+01:00,2025,5.01,5.01,5.01
2026-03-23 14:00:00+01:00,2025-03-23 14:00:00+01:00,2025,11.46,11.46,11.46
2026-03-23 15:00:00+01:00,2025-03-23 15:00:00+01:00,2025,42.5,42.5,42.5
2026-03-23 16:00:00+01:00,2025-03-23 16:00:00+01:00,2025,84.42,84.42,84.42
2026-03-23 17:00:00+01:00,2025-03-23 17:00:00+01:00,2025,124.23,124.23,124.23
2026-03-23 18:00:00+01:00,2025-03-23 18:00:00+01:00,2025,140.0,140.0,140.0
2026-03-23 19:00:00+01:00,2025-03-23 19:00:00+01:00,2025,142.51,142.51,142.51
2026-03-23 20:00:00+01:00,2025-03-23 20:00:00+01:00,2025,140.58,140.58,140.58
2026-03-23 21:00:00+01:00,2025-03-23 21:00:00+01:00,2025,130.0,130.0,130.0
2026-03-23 22:00:00+01:00,2025-03-23 22:00:00+01:00,2025,126.47,126.47,126.47
2026-03-23 23:00:00+01:00,2025-03-23 23:00:00+01:00,2025,114.24,114.24,114.24
2026-03-24 00:00:00+01:00,2025-03-24 00:00:00+01:00,2025,110.45,110.45,110.45
2026-03-24 01:00:00+01:00,2025-03-24 01:00:00+01:00,2025,107.29,107.29,107.29
2026-03-24 02:00:00+01:00,2025-03-24 02:00:00+01:00,2025,101.91,101.91,101.91
2026-03-24 03:00:00+01:00,2025-03-24 03:00:00+01:00,2025,98.94,98.94,98.94
2026-03-24 04:00:00+01:00,2025-03-24 04:00:00+01:00,2025,101.99,101.99,101.99
2026-03-24 05:00:00+01:00,2025-03-24 05:00:00+01:00,2025,119.82,119.82,119.82
2026-03-24 06:00:00+01:00,2025-03-24 06:00:00+01:00,2025,141.5,141.5,141.5
2026-03-24 07:00:00+01:00,2025-03-24 07:00:00+01:00,2025,164.28,164.28,164.28
2026-03-24 08:00:00+01:00,2025-03-24 08:00:00+01:00,2025,161.86,161.86,161.86
2026-03-24 09:00:00+01:00,2025-03-24 09:00:00+01:00,2025,135.38,135.38,135.38
2026-03-24 10:00:00+01:00,2025-03-24 10:00:00+01:00,2025,111.16,111.16,111.16
2026-03-24 11:00:00+01:00,2025-03-24 11:00:00+01:00,2025,107.36,107.36,107.36
2026-03-24 12:00:00+01:00,2025-03-24 12:00:00+01:00,2025,100.75,100.75,100.75
2026-03-24 13:00:00+01:00,2025-03-24 13:00:00+01:00,2025,100.87,100.87,100.87
2026-03-24 14:00:00+01:00,2025-03-24 14:00:00+01:00,2025,106.57,106.57,106.57
2026-03-24 15:00:00+01:00,2025-03-24 15:00:00+01:00,2025,115.85,115.85,115.85
2026-03-24 16:00:00+01:00,2025-03-24 16:00:00+01:00,2025,130.95,130.95,130.95
2026-03-24 17:00:00+01:00,2025-03-24 17:00:00+01:00,2025,154.15,154.15,154.15
2026-03-24 18:00:00+01:00,2025-03-24 18:00:00+01:00,2025,211.99,211.99,211.99
2026-03-24 19:00:00+01:00,2025-03-24 19:00:00+01:00,2025,193.0,193.0,193.0
2026-03-24 20:00:00+01:00,2025-03-24 20:00:00+01:00,2025,161.84,161.84,161.84
2026-03-24 21:00:00+01:00,2025-03-24 21:00:00+01:00,2025,138.55,138.55,138.55
2026-03-24 22:00:00+01:00,2025-03-24 22:00:00+01:00,2025,125.58,125.58,125.58
2026-03-24 23:00:00+01:00,2025-03-24 23:00:00+01:00,2025,115.16,115.16,115.16
2026-03-25 00:00:00+01:00,2025-03-25 00:00:00+01:00,2025,102.07,102.07,102.07
2026-03-25 01:00:00+01:00,2025-03-25 01:00:00+01:00,2025,101.76,101.76,101.76
2026-03-25 02:00:00+01:00,2025-03-25 02:00:00+01:00,2025,100.2,100.2,100.2
2026-03-25 03:00:00+01:00,2025-03-25 03:00:00+01:00,2025,102.67,102.67,102.67
2026-03-25 04:00:00+01:00,2025-03-25 04:00:00+01:00,2025,101.96,101.96,101.96
2026-03-25 05:00:00+01:00,2025-03-25 05:00:00+01:00,2025,107.39,107.39,107.39
2026-03-25 06:00:00+01:00,2025-03-25 06:00:00+01:00,2025,136.05,136.05,136.05
2026-03-25 07:00:00+01:00,2025-03-25 07:00:00+01:00,2025,142.13,142.13,142.13
2026-03-25 08:00:00+01:00,2025-03-25 08:00:00+01:00,2025,133.36,133.36,133.36
2026-03-25 09:00:00+01:00,2025-03-25 09:00:00+01:00,2025,106.41,106.41,106.41
2026-03-25 10:00:00+01:00,2025-03-25 10:00:00+01:00,2025,92.03,92.03,92.03
2026-03-25 11:00:00+01:00,2025-03-25 11:00:00+01:00,2025,78.8,78.8,78.8
2026-03-25 12:00:00+01:00,2025-03-25 12:00:00+01:00,2025,68.45,68.45,68.45
2026-03-25 13:00:00+01:00,2025-03-25 13:00:00+01:00,2025,69.23,69.23,69.23
2026-03-25 14:00:00+01:00,2025-03-25 14:00:00+01:00,2025,81.7,81.7,81.7
2026-03-25 15:00:00+01:00,2025-03-25 15:00:00+01:00,2025,95.52,95.52,95.52
2026-03-25 16:00:00+01:00,2025-03-25 16:00:00+01:00,2025,108.84,108.84,108.84
2026-03-25 17:00:00+01:00,2025-03-25 17:00:00+01:00,2025,138.81,138.81,138.81
2026-03-25 18:00:00+01:00,2025-03-25 18:00:00+01:00,2025,161.14,161.14,161.14
2026-03-25 19:00:00+01:00,2025-03-25 19:00:00+01:00,2025,166.36,166.36,166.36
2026-03-25 20:00:00+01:00,2025-03-25 20:00:00+01:00,2025,148.6,148.6,148.6
2026-03-25 21:00:00+01:00,2025-03-25 21:00:00+01:00,2025,122.36,122.36,122.36
2026-03-25 22:00:00+01:00,2025-03-25 22:00:00+01:00,2025,114.83,114.83,114.83
2026-03-25 23:00:00+01:00,2025-03-25 23:00:00+01:00,2025,102.05,102.05,102.05
2026-03-26 00:00:00+01:00,2025-03-26 00:00:00+01:00,2025,101.02,101.02,101.02
2026-03-26 01:00:00+01:00,2025-03-26 01:00:00+01:00,2025,97.96,97.96,97.96
2026-03-26 02:00:00+01:00,2025-03-26 02:00:00+01:00,2025,97.36,97.36,97.36
2026-03-26 03:00:00+01:00,2025-03-26 03:00:00+01:00,2025,97.39,97.39,97.39
2026-03-26 04:00:00+01:00,2025-03-26 04:00:00+01:00,2025,95.72,95.72,95.72
2026-03-26 05:00:00+01:00,2025-03-26 05:00:00+01:00,2025,98.85,98.85,98.85
2026-03-26 06:00:00+01:00,2025-03-26 06:00:00+01:00,2025,128.76,128.76,128.76
2026-03-26 07:00:00+01:00,2025-03-26 07:00:00+01:00,2025,141.95,141.95,141.95
2026-03-26 08:00:00+01:00,2025-03-26 08:00:00+01:00,2025,137.09,137.09,137.09
2026-03-26 09:00:00+01:00,2025-03-26 09:00:00+01:00,2025,111.86,111.86,111.86
2026-03-26 10:00:00+01:00,2025-03-26 10:00:00+01:00,2025,100.0,100.0,100.0
2026-03-26 11:00:00+01:00,2025-03-26 11:00:00+01:00,2025,96.39,96.39,96.39
2026-03-26 12:00:00+01:00,2025-03-26 12:00:00+01:00,2025,94.81,94.81,94.81
2026-03-26 13:00:00+01:00,2025-03-26 13:00:00+01:00,2025,84.5,84.5,84.5
2026-03-26 14:00:00+01:00,2025-03-26 14:00:00+01:00,2025,90.79,90.79,90.79
2026-03-26 15:00:00+01:00,2025-03-26 15:00:00+01:00,2025,94.36,94.36,94.36
2026-03-26 16:00:00+01:00,2025-03-26 16:00:00+01:00,2025,101.45,101.45,101.45
2026-03-26 17:00:00+01:00,2025-03-26 17:00:00+01:00,2025,135.16,135.16,135.16
2026-03-26 18:00:00+01:00,2025-03-26 18:00:00+01:00,2025,162.0,162.0,162.0
2026-03-26 19:00:00+01:00,2025-03-26 19:00:00+01:00,2025,169.54,169.54,169.54
2026-03-26 20:00:00+01:00,2025-03-26 20:00:00+01:00,2025,153.27,153.27,153.27
2026-03-26 21:00:00+01:00,2025-03-26 21:00:00+01:00,2025,129.4,129.4,129.4
2026-03-26 22:00:00+01:00,2025-03-26 22:00:00+01:00,2025,120.27,120.27,120.27
2026-03-26 23:00:00+01:00,2025-03-26 23:00:00+01:00,2025,108.91,108.91,108.91
2026-03-27 00:00:00+01:00,2025-03-27 00:00:00+01:00,2025,104.93,104.93,104.93
2026-03-27 01:00:00+01:00,2025-03-27 01:00:00+01:00,2025,98.98,98.98,98.98
2026-03-27 02:00:00+01:00,2025-03-27 02:00:00+01:00,2025,97.8,97.8,97.8
2026-03-27 03:00:00+01:00,2025-03-27 03:00:00+01:00,2025,98.85,98.85,98.85
2026-03-27 04:00:00+01:00,2025-03-27 04:00:00+01:00,2025,97.07,97.07,97.07
2026-03-27 05:00:00+01:00,2025-03-27 05:00:00+01:00,2025,104.9,104.9,104.9
2026-03-27 06:00:00+01:00,2025-03-27 06:00:00+01:00,2025,129.83,129.83,129.83
2026-03-27 07:00:00+01:00,2025-03-27 07:00:00+01:00,2025,140.0,140.0,140.0
2026-03-27 08:00:00+01:00,2025-03-27 08:00:00+01:00,2025,123.5,123.5,123.5
2026-03-27 09:00:00+01:00,2025-03-27 09:00:00+01:00,2025,89.92,89.92,89.92
2026-03-27 10:00:00+01:00,2025-03-27 10:00:00+01:00,2025,77.61,77.61,77.61
2026-03-27 11:00:00+01:00,2025-03-27 11:00:00+01:00,2025,45.48,45.48,45.48
2026-03-27 12:00:00+01:00,2025-03-27 12:00:00+01:00,2025,24.81,24.81,24.81
2026-03-27 13:00:00+01:00,2025-03-27 13:00:00+01:00,2025,6.67,6.67,6.67
2026-03-27 14:00:00+01:00,2025-03-27 14:00:00+01:00,2025,30.34,30.34,30.34
2026-03-27 15:00:00+01:00,2025-03-27 15:00:00+01:00,2025,74.93,74.93,74.93
2026-03-27 16:00:00+01:00,2025-03-27 16:00:00+01:00,2025,93.74,93.74,93.74
2026-03-27 17:00:00+01:00,2025-03-27 17:00:00+01:00,2025,127.25,127.25,127.25
2026-03-27 18:00:00+01:00,2025-03-27 18:00:00+01:00,2025,157.9,157.9,157.9
2026-03-27 19:00:00+01:00,2025-03-27 19:00:00+01:00,2025,170.7,170.7,170.7
2026-03-27 20:00:00+01:00,2025-03-27 20:00:00+01:00,2025,141.61,141.61,141.61
2026-03-27 21:00:00+01:00,2025-03-27 21:00:00+01:00,2025,124.42,124.42,124.42
2026-03-27 22:00:00+01:00,2025-03-27 22:00:00+01:00,2025,113.1,113.1,113.1
2026-03-27 23:00:00+01:00,2025-03-27 23:00:00+01:00,2025,100.91,100.91,100.91
2026-03-28 00:00:00+01:00,2025-03-28 00:00:00+01:00,2025,90.0,90.0,90.0
2026-03-28 01:00:00+01:00,2025-03-28 01:00:00+01:00,2025,79.38,79.38,79.38
2026-03-28 02:00:00+01:00,2025-03-28 02:00:00+01:00,2025,79.02,79.02,79.02
2026-03-28 03:00:00+01:00,2025-03-28 03:00:00+01:00,2025,79.38,79.38,79.38
2026-03-28 04:00:00+01:00,2025-03-28 04:00:00+01:00,2025,79.84,79.84,79.84
2026-03-28 05:00:00+01:00,2025-03-28 05:00:00+01:00,2025,103.51,103.51,103.51
2026-03-28 06:00:00+01:00,2025-03-28 06:00:00+01:00,2025,128.52,128.52,128.52
2026-03-28 07:00:00+01:00,2025-03-28 07:00:00+01:00,2025,122.2,122.2,122.2
2026-03-28 08:00:00+01:00,2025-03-28 08:00:00+01:00,2025,102.08,102.08,102.08
2026-03-28 09:00:00+01:00,2025-03-28 09:00:00+01:00,2025,75.57,75.57,75.57
2026-03-28 10:00:00+01:00,2025-03-28 10:00:00+01:00,2025,25.77,25.77,25.77
2026-03-28 11:00:00+01:00,2025-03-28 11:00:00+01:00,2025,1.68,1.68,1.68
2026-03-28 12:00:00+01:00,2025-03-28 12:00:00+01:00,2025,-0.01,-0.01,-0.01
2026-03-28 13:00:00+01:00,2025-03-28 13:00:00+01:00,2025,-0.03,-0.03,-0.03
2026-03-28 14:00:00+01:00,2025-03-28 14:00:00+01:00,2025,14.48,14.48,14.48
2026-03-28 15:00:00+01:00,2025-03-28 15:00:00+01:00,2025,70.1,70.1,70.1
2026-03-28 16:00:00+01:00,2025-03-28 16:00:00+01:00,2025,104.19,104.19,104.19
2026-03-28 17:00:00+01:00,2025-03-28 17:00:00+01:00,2025,132.0,132.0,132.0
2026-03-28 18:00:00+01:00,2025-03-28 18:00:00+01:00,2025,165.99,165.99,165.99
2026-03-28 19:00:00+01:00,2025-03-28 19:00:00+01:00,2025,165.9,165.9,165.9
2026-03-28 20:00:00+01:00,2025-03-28 20:00:00+01:00,2025,148.03,148.03,148.03
2026-03-28 21:00:00+01:00,2025-03-28 21:00:00+01:00,2025,124.56,124.56,124.56
2026-03-28 22:00:00+01:00,2025-03-28 22:00:00+01:00,2025,117.94,117.94,117.94
2026-03-28 23:00:00+01:00,2025-03-28 23:00:00+01:00,2025,110.12,110.12,110.12
2026-03-29 00:00:00+01:00,2025-03-29 00:00:00+01:00,2025,113.62,113.62,113.62
2026-03-29 01:00:00+01:00,2025-03-29 01:00:00+01:00,2025,103.91,103.91,103.91
2026-03-29 03:00:00+02:00,2025-03-29 02:00:00+01:00,2025,96.54,96.54,96.54
2026-03-29 04:00:00+02:00,2025-03-29 03:00:00+01:00,2025,96.22,96.22,96.22
2026-03-29 05:00:00+02:00,2025-03-29 04:00:00+01:00,2025,96.5,96.5,96.5
2026-03-29 06:00:00+02:00,2025-03-29 05:00:00+01:00,2025,92.74,92.74,92.74
2026-03-29 07:00:00+02:00,2025-03-29 06:00:00+01:00,2025,96.73,96.73,96.73
2026-03-29 08:00:00+02:00,2025-03-29 07:00:00+01:00,2025,98.44,98.44,98.44
2026-03-29 09:00:00+02:00,2025-03-29 08:00:00+01:00,2025,91.86,91.86,91.86
2026-03-29 10:00:00+02:00,2025-03-29 09:00:00+01:00,2025,76.14,76.14,76.14
2026-03-29 11:00:00+02:00,2025-03-29 10:00:00+01:00,2025,65.67,65.67,65.67
2026-03-29 12:00:00+02:00,2025-03-29 11:00:00+01:00,2025,65.34,65.34,65.34
2026-03-29 13:00:00+02:00,2025-03-29 12:00:00+01:00,2025,65.33,65.33,65.33
2026-03-29 14:00:00+02:00,2025-03-29 13:00:00+01:00,2025,2.06,2.06,2.06
2026-03-29 15:00:00+02:00,2025-03-29 14:00:00+01:00,2025,3.94,3.94,3.94
2026-03-29 16:00:00+02:00,2025-03-29 15:00:00+01:00,2025,25.27,25.27,25.27
2026-03-29 17:00:00+02:00,2025-03-29 16:00:00+01:00,2025,66.26,66.26,66.26
2026-03-29 18:00:00+02:00,2025-03-29 17:00:00+01:00,2025,100.1,100.1,100.1
2026-03-29 19:00:00+02:00,2025-03-29 18:00:00+01:00,2025,146.91,146.91,146.91
2026-03-29 20:00:00+02:00,2025-03-29 19:00:00+01:00,2025,152.22,152.22,152.22
2026-03-29 21:00:00+02:00,2025-03-29 20:00:00+01:00,2025,121.07,121.07,121.07
2026-03-29 22:00:00+02:00,2025-03-29 21:00:00+01:00,2025,100.42,100.42,100.42
2026-03-29 23:00:00+02:00,2025-03-29 22:00:00+01:00,2025,82.75,82.75,82.75
2026-03-30 00:00:00+02:00,2025-03-29 23:00:00+01:00,2025,68.27,68.27,68.27
2026-03-30 01:00:00+02:00,2025-03-30 00:00:00+01:00,2025,46.31,46.31,46.31
2026-03-30 02:00:00+02:00,2025-03-30 01:00:00+01:00,2025,15.89,15.89,15.89
2026-03-30 03:00:00+02:00,2025-03-30 03:00:00+02:00,2025,5.1,5.1,5.1
2026-03-30 04:00:00+02:00,2025-03-30 04:00:00+02:00,2025,1.2,1.2,1.2
2026-03-30 05:00:00+02:00,2025-03-30 05:00:00+02:00,2025,0.09,0.09,0.09
2026-03-30 06:00:00+02:00,2025-03-30 06:00:00+02:00,2025,0.03,0.03,0.03
2026-03-30 07:00:00+02:00,2025-03-30 07:00:00+02:00,2025,0.0,0.0,0.0
2026-03-30 08:00:00+02:00,2025-03-30 08:00:00+02:00,2025,-0.01,-0.01,-0.01
2026-03-30 09:00:00+02:00,2025-03-30 09:00:00+02:00,2025,-0.04,-0.04,-0.04
2026-03-30 10:00:00+02:00,2025-03-30 10:00:00+02:00,2025,-3.47,-3.47,-3.47
2026-03-30 11:00:00+02:00,2025-03-30 11:00:00+02:00,2025,-11.34,-11.34,-11.34
2026-03-30 12:00:00+02:00,2025-03-30 12:00:00+02:00,2025,-18.5,-18.5,-18.5
2026-03-30 13:00:00+02:00,2025-03-30 13:00:00+02:00,2025,-25.76,-25.76,-25.76
2026-03-30 14:00:00+02:00,2025-03-30 14:00:00+02:00,2025,-26.07,-26.07,-26.07
2026-03-30 15:00:00+02:00,2025-03-30 15:00:00+02:00,2025,-12.96,-12.96,-12.96
2026-03-30 16:00:00+02:00,2025-03-30 16:00:00+02:00,2025,-4.01,-4.01,-4.01
2026-03-30 17:00:00+02:00,2025-03-30 17:00:00+02:00,2025,-0.01,-0.01,-0.01
2026-03-30 18:00:00+02:00,2025-03-30 18:00:00+02:00,2025,14.41,14.41,14.41
2026-03-30 19:00:00+02:00,2025-03-30 19:00:00+02:00,2025,60.83,60.83,60.83
2026-03-30 20:00:00+02:00,2025-03-30 20:00:00+02:00,2025,58.86,58.86,58.86
2026-03-30 21:00:00+02:00,2025-03-30 21:00:00+02:00,2025,50.01,50.01,50.01
2026-03-30 22:00:00+02:00,2025-03-30 22:00:00+02:00,2025,61.71,61.71,61.71
2026-03-30 23:00:00+02:00,2025-03-30 23:00:00+02:00,2025,56.44,56.44,56.44
2026-03-31 00:00:00+02:00,2025-03-31 00:00:00+02:00,2025,65.57,65.57,65.57
2026-03-31 01:00:00+02:00,2025-03-31 01:00:00+02:00,2025,63.25,63.25,63.25
2026-03-31 02:00:00+02:00,2025-03-31 02:00:00+02:00,2025,64.41,64.41,64.41
2026-03-31 03:00:00+02:00,2025-03-31 03:00:00+02:00,2025,67.22,67.22,67.22
2026-03-31 04:00:00+02:00,2025-03-31 04:00:00+02:00,2025,68.97,68.97,68.97
2026-03-31 05:00:00+02:00,2025-03-31 05:00:00+02:00,2025,88.0,88.0,88.0
2026-03-31 06:00:00+02:00,2025-03-31 06:00:00+02:00,2025,109.27,109.27,109.27
2026-03-31 07:00:00+02:00,2025-03-31 07:00:00+02:00,2025,143.54,143.54,143.54
2026-03-31 08:00:00+02:00,2025-03-31 08:00:00+02:00,2025,174.23,174.23,174.23
2026-03-31 09:00:00+02:00,2025-03-31 09:00:00+02:00,2025,133.17,133.17,133.17
2026-03-31 10:00:00+02:00,2025-03-31 10:00:00+02:00,2025,110.27,110.27,110.27
2026-03-31 11:00:00+02:00,2025-03-31 11:00:00+02:00,2025,99.04,99.04,99.04
2026-03-31 12:00:00+02:00,2025-03-31 12:00:00+02:00,2025,83.54,83.54,83.54
2026-03-31 13:00:00+02:00,2025-03-31 13:00:00+02:00,2025,74.1,74.1,74.1
2026-03-31 14:00:00+02:00,2025-03-31 14:00:00+02:00,2025,73.58,73.58,73.58
2026-03-31 15:00:00+02:00,2025-03-31 15:00:00+02:00,2025,69.55,69.55,69.55
2026-03-31 16:00:00+02:00,2025-03-31 16:00:00+02:00,2025,76.24,76.24,76.24
2026-03-31 17:00:00+02:00,2025-03-31 17:00:00+02:00,2025,100.83,100.83,100.83
2026-03-31 18:00:00+02:00,2025-03-31 18:00:00+02:00,2025,131.57,131.57,131.57
2026-03-31 19:00:00+02:00,2025-03-31 19:00:00+02:00,2025,183.96,183.96,183.96
2026-03-31 20:00:00+02:00,2025-03-31 20:00:00+02:00,2025,172.73,172.73,172.73
2026-03-31 21:00:00+02:00,2025-03-31 21:00:00+02:00,2025,135.03,135.03,135.03
2026-03-31 22:00:00+02:00,2025-03-31 22:00:00+02:00,2025,115.25,115.25,115.25
2026-03-31 23:00:00+02:00,2025-03-31 23:00:00+02:00,2025,102.34,102.34,102.34
2026-04-01 00:00:00+02:00,2025-04-01 00:00:00+02:00,2025,101.56,101.56,101.56
2026-04-01 01:00:00+02:00,2025-04-01 01:00:00+02:00,2025,95.02,95.02,95.02
2026-04-01 02:00:00+02:00,2025-04-01 02:00:00+02:00,2025,92.91,92.91,92.91
2026-04-01 03:00:00+02:00,2025-04-01 03:00:00+02:00,2025,93.5,93.5,93.5
2026-04-01 04:00:00+02:00,2025-04-01 04:00:00+02:00,2025,91.43,91.43,91.43
2026-04-01 05:00:00+02:00,2025-04-01 05:00:00+02:00,2025,100.71,100.71,100.71
2026-04-01 06:00:00+02:00,2025-04-01 06:00:00+02:00,2025,129.46,129.46,129.46
2026-04-01 07:00:00+02:00,2025-04-01 07:00:00+02:00,2025,179.96,179.96,179.96
2026-04-01 08:00:00+02:00,2025-04-01 08:00:00+02:00,2025,159.37,159.37,159.37
2026-04-01 09:00:00+02:00,2025-04-01 09:00:00+02:00,2025,108.47,108.47,108.47
2026-04-01 10:00:00+02:00,2025-04-01 10:00:00+02:00,2025,86.17,86.17,86.17
2026-04-01 11:00:00+02:00,2025-04-01 11:00:00+02:00,2025,70.26,70.26,70.26
2026-04-01 12:00:00+02:00,2025-04-01 12:00:00+02:00,2025,53.15,53.15,53.15
2026-04-01 13:00:00+02:00,2025-04-01 13:00:00+02:00,2025,11.57,11.57,11.57
2026-04-01 14:00:00+02:00,2025-04-01 14:00:00+02:00,2025,10.89,10.89,10.89
2026-04-01 15:00:00+02:00,2025-04-01 15:00:00+02:00,2025,26.7,26.7,26.7
2026-04-01 16:00:00+02:00,2025-04-01 16:00:00+02:00,2025,65.23,65.23,65.23
2026-04-01 17:00:00+02:00,2025-04-01 17:00:00+02:00,2025,82.8,82.8,82.8
2026-04-01 18:00:00+02:00,2025-04-01 18:00:00+02:00,2025,122.39,122.39,122.39
2026-04-01 19:00:00+02:00,2025-04-01 19:00:00+02:00,2025,155.72,155.72,155.72
2026-04-01 20:00:00+02:00,2025-04-01 20:00:00+02:00,2025,138.0,138.0,138.0
2026-04-01 21:00:00+02:00,2025-04-01 21:00:00+02:00,2025,110.9,110.9,110.9
2026-04-01 22:00:00+02:00,2025-04-01 22:00:00+02:00,2025,95.64,95.64,95.64
2026-04-01 23:00:00+02:00,2025-04-01 23:00:00+02:00,2025,79.45,79.45,79.45
2026-04-02 00:00:00+02:00,2025-04-02 00:00:00+02:00,2025,68.06,68.06,68.06
2026-04-02 01:00:00+02:00,2025-04-02 01:00:00+02:00,2025,66.93,66.93,66.93
2026-04-02 02:00:00+02:00,2025-04-02 02:00:00+02:00,2025,66.8,66.8,66.8
2026-04-02 03:00:00+02:00,2025-04-02 03:00:00+02:00,2025,67.97,67.97,67.97
2026-04-02 04:00:00+02:00,2025-04-02 04:00:00+02:00,2025,68.9,68.9,68.9
2026-04-02 05:00:00+02:00,2025-04-02 05:00:00+02:00,2025,82.18,82.18,82.18
2026-04-02 06:00:00+02:00,2025-04-02 06:00:00+02:00,2025,113.84,113.84,113.84
2026-04-02 07:00:00+02:00,2025-04-02 07:00:00+02:00,2025,150.31,150.31,150.31
2026-04-02 08:00:00+02:00,2025-04-02 08:00:00+02:00,2025,124.7,124.7,124.7
2026-04-02 09:00:00+02:00,2025-04-02 09:00:00+02:00,2025,84.74,84.74,84.74
2026-04-02 10:00:00+02:00,2025-04-02 10:00:00+02:00,2025,48.38,48.38,48.38
2026-04-02 11:00:00+02:00,2025-04-02 11:00:00+02:00,2025,0.0,0.0,0.0
2026-04-02 12:00:00+02:00,2025-04-02 12:00:00+02:00,2025,-4.92,-4.92,-4.92
2026-04-02 13:00:00+02:00,2025-04-02 13:00:00+02:00,2025,-20.06,-20.06,-20.06
2026-04-02 14:00:00+02:00,2025-04-02 14:00:00+02:00,2025,-21.02,-21.02,-21.02
2026-04-02 15:00:00+02:00,2025-04-02 15:00:00+02:00,2025,-10.0,-10.0,-10.0
2026-04-02 16:00:00+02:00,2025-04-02 16:00:00+02:00,2025,-1.73,-1.73,-1.73
2026-04-02 17:00:00+02:00,2025-04-02 17:00:00+02:00,2025,15.37,15.37,15.37
2026-04-02 18:00:00+02:00,2025-04-02 18:00:00+02:00,2025,88.84,88.84,88.84
2026-04-02 19:00:00+02:00,2025-04-02 19:00:00+02:00,2025,125.35,125.35,125.35
2026-04-02 20:00:00+02:00,2025-04-02 20:00:00+02:00,2025,114.0,114.0,114.0
2026-04-02 21:00:00+02:00,2025-04-02 21:00:00+02:00,2025,96.07,96.07,96.07
2026-04-02 22:00:00+02:00,2025-04-02 22:00:00+02:00,2025,82.63,82.63,82.63
2026-04-02 23:00:00+02:00,2025-04-02 23:00:00+02:00,2025,71.43,71.43,71.43
2026-04-03 00:00:00+02:00,2025-04-03 00:00:00+02:00,2025,67.0,67.0,67.0
2026-04-03 01:00:00+02:00,2025-04-03 01:00:00+02:00,2025,67.0,67.0,67.0
2026-04-03 02:00:00+02:00,2025-04-03 02:00:00+02:00,2025,67.0,67.0,67.0
2026-04-03 03:00:00+02:00,2025-04-03 03:00:00+02:00,2025,68.95,68.95,68.95
2026-04-03 04:00:00+02:00,2025-04-03 04:00:00+02:00,2025,71.0,71.0,71.0
2026-04-03 05:00:00+02:00,2025-04-03 05:00:00+02:00,2025,86.22,86.22,86.22
2026-04-03 06:00:00+02:00,2025-04-03 06:00:00+02:00,2025,129.71,129.71,129.71
2026-04-03 07:00:00+02:00,2025-04-03 07:00:00+02:00,2025,162.77,162.77,162.77
2026-04-03 08:00:00+02:00,2025-04-03 08:00:00+02:00,2025,133.3,133.3,133.3
2026-04-03 09:00:00+02:00,2025-04-03 09:00:00+02:00,2025,79.11,79.11,79.11
2026-04-03 10:00:00+02:00,2025-04-03 10:00:00+02:00,2025,40.47,40.47,40.47
2026-04-03 11:00:00+02:00,2025-04-03 11:00:00+02:00,2025,-0.16,-0.16,-0.16
2026-04-03 12:00:00+02:00,2025-04-03 12:00:00+02:00,2025,-1.19,-1.19,-1.19
2026-04-03 13:00:00+02:00,2025-04-03 13:00:00+02:00,2025,-8.4,-8.4,-8.4
2026-04-03 14:00:00+02:00,2025-04-03 14:00:00+02:00,2025,-5.85,-5.85,-5.85
2026-04-03 15:00:00+02:00,2025-04-03 15:00:00+02:00,2025,-0.27,-0.27,-0.27
2026-04-03 16:00:00+02:00,2025-04-03 16:00:00+02:00,2025,16.09,16.09,16.09
2026-04-03 17:00:00+02:00,2025-04-03 17:00:00+02:00,2025,75.0,75.0,75.0
2026-04-03 18:00:00+02:00,2025-04-03 18:00:00+02:00,2025,138.0,138.0,138.0
2026-04-03 19:00:00+02:00,2025-04-03 19:00:00+02:00,2025,163.48,163.48,163.48
2026-04-03 20:00:00+02:00,2025-04-03 20:00:00+02:00,2025,155.88,155.88,155.88
2026-04-03 21:00:00+02:00,2025-04-03 21:00:00+02:00,2025,137.03,137.03,137.03
2026-04-03 22:00:00+02:00,2025-04-03 22:00:00+02:00,2025,113.21,113.21,113.21
2026-04-03 23:00:00+02:00,2025-04-03 23:00:00+02:00,2025,104.63,104.63,104.63
2026-04-04 00:00:00+02:00,2025-04-04 00:00:00+02:00,2025,108.34,108.34,108.34
2026-04-04 01:00:00+02:00,2025-04-04 01:00:00+02:00,2025,103.04,103.04,103.04
2026-04-04 02:00:00+02:00,2025-04-04 02:00:00+02:00,2025,102.89,102.89,102.89
2026-04-04 03:00:00+02:00,2025-04-04 03:00:00+02:00,2025,103.61,103.61,103.61
2026-04-04 04:00:00+02:00,2025-04-04 04:00:00+02:00,2025,105.95,105.95,105.95
2026-04-04 05:00:00+02:00,2025-04-04 05:00:00+02:00,2025,112.55,112.55,112.55
2026-04-04 06:00:00+02:00,2025-04-04 06:00:00+02:00,2025,152.67,152.67,152.67
2026-04-04 07:00:00+02:00,2025-04-04 07:00:00+02:00,2025,180.17,180.17,180.17
2026-04-04 08:00:00+02:00,2025-04-04 08:00:00+02:00,2025,139.4,139.4,139.4
2026-04-04 09:00:00+02:00,2025-04-04 09:00:00+02:00,2025,95.68,95.68,95.68
2026-04-04 10:00:00+02:00,2025-04-04 10:00:00+02:00,2025,65.0,65.0,65.0
2026-04-04 11:00:00+02:00,2025-04-04 11:00:00+02:00,2025,7.82,7.82,7.82
2026-04-04 12:00:00+02:00,2025-04-04 12:00:00+02:00,2025,0.0,0.0,0.0
2026-04-04 13:00:00+02:00,2025-04-04 13:00:00+02:00,2025,-1.31,-1.31,-1.31
2026-04-04 14:00:00+02:00,2025-04-04 14:00:00+02:00,2025,-1.21,-1.21,-1.21
2026-04-04 15:00:00+02:00,2025-04-04 15:00:00+02:00,2025,-0.13,-0.13,-0.13
2026-04-04 16:00:00+02:00,2025-04-04 16:00:00+02:00,2025,29.7,29.7,29.7
2026-04-04 17:00:00+02:00,2025-04-04 17:00:00+02:00,2025,79.87,79.87,79.87
2026-04-04 18:00:00+02:00,2025-04-04 18:00:00+02:00,2025,126.35,126.35,126.35
2026-04-04 19:00:00+02:00,2025-04-04 19:00:00+02:00,2025,167.64,167.64,167.64
2026-04-04 20:00:00+02:00,2025-04-04 20:00:00+02:00,2025,155.99,155.99,155.99
2026-04-04 21:00:00+02:00,2025-04-04 21:00:00+02:00,2025,120.67,120.67,120.67
2026-04-04 22:00:00+02:00,2025-04-04 22:00:00+02:00,2025,106.15,106.15,106.15
2026-04-04 23:00:00+02:00,2025-04-04 23:00:00+02:00,2025,96.97,96.97,96.97
2026-04-05 00:00:00+02:00,2025-04-05 00:00:00+02:00,2025,109.23,109.23,109.23
2026-04-05 01:00:00+02:00,2025-04-05 01:00:00+02:00,2025,102.76,102.76,102.76
2026-04-05 02:00:00+02:00,2025-04-05 02:00:00+02:00,2025,99.39,99.39,99.39
2026-04-05 03:00:00+02:00,2025-04-05 03:00:00+02:00,2025,99.4,99.4,99.4
2026-04-05 04:00:00+02:00,2025-04-05 04:00:00+02:00,2025,98.31,98.31,98.31
2026-04-05 05:00:00+02:00,2025-04-05 05:00:00+02:00,2025,97.5,97.5,97.5
2026-04-05 06:00:00+02:00,2025-04-05 06:00:00+02:00,2025,102.98,102.98,102.98
2026-04-05 07:00:00+02:00,2025-04-05 07:00:00+02:00,2025,105.9,105.9,105.9
2026-04-05 08:00:00+02:00,2025-04-05 08:00:00+02:00,2025,98.3,98.3,98.3
2026-04-05 09:00:00+02:00,2025-04-05 09:00:00+02:00,2025,57.16,57.16,57.16
2026-04-05 10:00:00+02:00,2025-04-05 10:00:00+02:00,2025,0.66,0.66,0.66
2026-04-05 11:00:00+02:00,2025-04-05 11:00:00+02:00,2025,-0.94,-0.94,-0.94
2026-04-05 12:00:00+02:00,2025-04-05 12:00:00+02:00,2025,-24.09,-24.09,-24.09
2026-04-05 13:00:00+02:00,2025-04-05 13:00:00+02:00,2025,-47.73,-47.73,-47.73
2026-04-05 14:00:00+02:00,2025-04-05 14:00:00+02:00,2025,-49.1,-49.1,-49.1
2026-04-05 15:00:00+02:00,2025-04-05 15:00:00+02:00,2025,-29.91,-29.91,-29.91
2026-04-05 16:00:00+02:00,2025-04-05 16:00:00+02:00,2025,-4.3,-4.3,-4.3
2026-04-05 17:00:00+02:00,2025-04-05 17:00:00+02:00,2025,0.0,0.0,0.0
2026-04-05 18:00:00+02:00,2025-04-05 18:00:00+02:00,2025,70.0,70.0,70.0
2026-04-05 19:00:00+02:00,2025-04-05 19:00:00+02:00,2025,99.4,99.4,99.4
2026-04-05 20:00:00+02:00,2025-04-05 20:00:00+02:00,2025,98.9,98.9,98.9
2026-04-05 21:00:00+02:00,2025-04-05 21:00:00+02:00,2025,84.25,84.25,84.25
2026-04-05 22:00:00+02:00,2025-04-05 22:00:00+02:00,2025,78.99,78.99,78.99
2026-04-05 23:00:00+02:00,2025-04-05 23:00:00+02:00,2025,68.75,68.75,68.75
2026-04-06 00:00:00+02:00,2025-04-06 00:00:00+02:00,2025,70.45,70.45,70.45
2026-04-06 01:00:00+02:00,2025-04-06 01:00:00+02:00,2025,61.0,61.0,61.0
2026-04-06 02:00:00+02:00,2025-04-06 02:00:00+02:00,2025,62.72,62.72,62.72
2026-04-06 03:00:00+02:00,2025-04-06 03:00:00+02:00,2025,68.28,68.28,68.28
2026-04-06 04:00:00+02:00,2025-04-06 04:00:00+02:00,2025,69.95,69.95,69.95
2026-04-06 05:00:00+02:00,2025-04-06 05:00:00+02:00,2025,77.43,77.43,77.43
2026-04-06 06:00:00+02:00,2025-04-06 06:00:00+02:00,2025,76.54,76.54,76.54
2026-04-06 07:00:00+02:00,2025-04-06 07:00:00+02:00,2025,78.11,78.11,78.11
2026-04-06 08:00:00+02:00,2025-04-06 08:00:00+02:00,2025,41.79,41.79,41.79
2026-04-06 09:00:00+02:00,2025-04-06 09:00:00+02:00,2025,0.1,0.1,0.1
2026-04-06 10:00:00+02:00,2025-04-06 10:00:00+02:00,2025,-2.0,-2.0,-2.0
2026-04-06 11:00:00+02:00,2025-04-06 11:00:00+02:00,2025,-27.56,-27.56,-27.56
2026-04-06 12:00:00+02:00,2025-04-06 12:00:00+02:00,2025,-60.01,-60.01,-60.01
2026-04-06 13:00:00+02:00,2025-04-06 13:00:00+02:00,2025,-106.31,-106.31,-106.31
2026-04-06 14:00:00+02:00,2025-04-06 14:00:00+02:00,2025,-114.57,-114.57,-114.57
2026-04-06 15:00:00+02:00,2025-04-06 15:00:00+02:00,2025,-70.0,-70.0,-70.0
2026-04-06 16:00:00+02:00,2025-04-06 16:00:00+02:00,2025,-18.95,-18.95,-18.95
2026-04-06 17:00:00+02:00,2025-04-06 17:00:00+02:00,2025,1.76,1.76,1.76
2026-04-06 18:00:00+02:00,2025-04-06 18:00:00+02:00,2025,112.41,112.41,112.41
2026-04-06 19:00:00+02:00,2025-04-06 19:00:00+02:00,2025,131.56,131.56,131.56
2026-04-06 20:00:00+02:00,2025-04-06 20:00:00+02:00,2025,132.9,132.9,132.9
2026-04-06 21:00:00+02:00,2025-04-06 21:00:00+02:00,2025,121.38,121.38,121.38
2026-04-06 22:00:00+02:00,2025-04-06 22:00:00+02:00,2025,111.84,111.84,111.84
2026-04-06 23:00:00+02:00,2025-04-06 23:00:00+02:00,2025,100.03,100.03,100.03
2026-04-07 00:00:00+02:00,2025-04-07 00:00:00+02:00,2025,86.71,86.71,86.71
2026-04-07 01:00:00+02:00,2025-04-07 01:00:00+02:00,2025,85.0,85.0,85.0
2026-04-07 02:00:00+02:00,2025-04-07 02:00:00+02:00,2025,81.73,81.73,81.73
2026-04-07 03:00:00+02:00,2025-04-07 03:00:00+02:00,2025,83.53,83.53,83.53
2026-04-07 04:00:00+02:00,2025-04-07 04:00:00+02:00,2025,85.45,85.45,85.45
2026-04-07 05:00:00+02:00,2025-04-07 05:00:00+02:00,2025,98.74,98.74,98.74
2026-04-07 06:00:00+02:00,2025-04-07 06:00:00+02:00,2025,131.1,131.1,131.1
2026-04-07 07:00:00+02:00,2025-04-07 07:00:00+02:00,2025,175.97,175.97,175.97
2026-04-07 08:00:00+02:00,2025-04-07 08:00:00+02:00,2025,144.61,144.61,144.61
2026-04-07 09:00:00+02:00,2025-04-07 09:00:00+02:00,2025,107.1,107.1,107.1
2026-04-07 10:00:00+02:00,2025-04-07 10:00:00+02:00,2025,83.37,83.37,83.37
2026-04-07 11:00:00+02:00,2025-04-07 11:00:00+02:00,2025,65.0,65.0,65.0
2026-04-07 12:00:00+02:00,2025-04-07 12:00:00+02:00,2025,11.8,11.8,11.8
2026-04-07 13:00:00+02:00,2025-04-07 13:00:00+02:00,2025,2.19,2.19,2.19
2026-04-07 14:00:00+02:00,2025-04-07 14:00:00+02:00,2025,3.94,3.94,3.94
2026-04-07 15:00:00+02:00,2025-04-07 15:00:00+02:00,2025,60.98,60.98,60.98
2026-04-07 16:00:00+02:00,2025-04-07 16:00:00+02:00,2025,72.0,72.0,72.0
2026-04-07 17:00:00+02:00,2025-04-07 17:00:00+02:00,2025,102.43,102.43,102.43
2026-04-07 18:00:00+02:00,2025-04-07 18:00:00+02:00,2025,127.6,127.6,127.6
2026-04-07 19:00:00+02:00,2025-04-07 19:00:00+02:00,2025,168.45,168.45,168.45
2026-04-07 20:00:00+02:00,2025-04-07 20:00:00+02:00,2025,165.05,165.05,165.05
2026-04-07 21:00:00+02:00,2025-04-07 21:00:00+02:00,2025,138.2,138.2,138.2
2026-04-07 22:00:00+02:00,2025-04-07 22:00:00+02:00,2025,121.02,121.02,121.02
2026-04-07 23:00:00+02:00,2025-04-07 23:00:00+02:00,2025,105.21,105.21,105.21
2026-04-08 00:00:00+02:00,2025-04-08 00:00:00+02:00,2025,94.93,94.93,94.93
2026-04-08 01:00:00+02:00,2025-04-08 01:00:00+02:00,2025,87.83,87.83,87.83
2026-04-08 02:00:00+02:00,2025-04-08 02:00:00+02:00,2025,89.06,89.06,89.06
2026-04-08 03:00:00+02:00,2025-04-08 03:00:00+02:00,2025,89.9,89.9,89.9
2026-04-08 04:00:00+02:00,2025-04-08 04:00:00+02:00,2025,91.62,91.62,91.62
2026-04-08 05:00:00+02:00,2025-04-08 05:00:00+02:00,2025,105.73,105.73,105.73
2026-04-08 06:00:00+02:00,2025-04-08 06:00:00+02:00,2025,142.97,142.97,142.97
2026-04-08 07:00:00+02:00,2025-04-08 07:00:00+02:00,2025,180.55,180.55,180.55
2026-04-08 08:00:00+02:00,2025-04-08 08:00:00+02:00,2025,136.77,136.77,136.77
2026-04-08 09:00:00+02:00,2025-04-08 09:00:00+02:00,2025,91.3,91.3,91.3
2026-04-08 10:00:00+02:00,2025-04-08 10:00:00+02:00,2025,76.47,76.47,76.47
2026-04-08 11:00:00+02:00,2025-04-08 11:00:00+02:00,2025,61.09,61.09,61.09
2026-04-08 12:00:00+02:00,2025-04-08 12:00:00+02:00,2025,19.57,19.57,19.57
2026-04-08 13:00:00+02:00,2025-04-08 13:00:00+02:00,2025,16.83,16.83,16.83
2026-04-08 14:00:00+02:00,2025-04-08 14:00:00+02:00,2025,28.59,28.59,28.59
2026-04-08 15:00:00+02:00,2025-04-08 15:00:00+02:00,2025,57.47,57.47,57.47
2026-04-08 16:00:00+02:00,2025-04-08 16:00:00+02:00,2025,73.33,73.33,73.33
2026-04-08 17:00:00+02:00,2025-04-08 17:00:00+02:00,2025,90.34,90.34,90.34
2026-04-08 18:00:00+02:00,2025-04-08 18:00:00+02:00,2025,118.26,118.26,118.26
2026-04-08 19:00:00+02:00,2025-04-08 19:00:00+02:00,2025,180.4,180.4,180.4
2026-04-08 20:00:00+02:00,2025-04-08 20:00:00+02:00,2025,171.31,171.31,171.31
2026-04-08 21:00:00+02:00,2025-04-08 21:00:00+02:00,2025,140.0,140.0,140.0
2026-04-08 22:00:00+02:00,2025-04-08 22:00:00+02:00,2025,120.47,120.47,120.47
2026-04-08 23:00:00+02:00,2025-04-08 23:00:00+02:00,2025,105.12,105.12,105.12
2026-04-09 00:00:00+02:00,2025-04-09 00:00:00+02:00,2025,104.99,104.99,104.99
2026-04-09 01:00:00+02:00,2025-04-09 01:00:00+02:00,2025,95.99,95.99,95.99
2026-04-09 02:00:00+02:00,2025-04-09 02:00:00+02:00,2025,94.67,94.67,94.67
2026-04-09 03:00:00+02:00,2025-04-09 03:00:00+02:00,2025,94.45,94.45,94.45
2026-04-09 04:00:00+02:00,2025-04-09 04:00:00+02:00,2025,95.79,95.79,95.79
2026-04-09 05:00:00+02:00,2025-04-09 05:00:00+02:00,2025,109.45,109.45,109.45
2026-04-09 06:00:00+02:00,2025-04-09 06:00:00+02:00,2025,152.68,152.68,152.68
2026-04-09 07:00:00+02:00,2025-04-09 07:00:00+02:00,2025,175.56,175.56,175.56
2026-04-09 08:00:00+02:00,2025-04-09 08:00:00+02:00,2025,131.56,131.56,131.56
2026-04-09 09:00:00+02:00,2025-04-09 09:00:00+02:00,2025,99.51,99.51,99.51
2026-04-09 10:00:00+02:00,2025-04-09 10:00:00+02:00,2025,82.71,82.71,82.71
2026-04-09 11:00:00+02:00,2025-04-09 11:00:00+02:00,2025,59.69,59.69,59.69
2026-04-09 12:00:00+02:00,2025-04-09 12:00:00+02:00,2025,13.61,13.61,13.61
2026-04-09 13:00:00+02:00,2025-04-09 13:00:00+02:00,2025,6.72,6.72,6.72
2026-04-09 14:00:00+02:00,2025-04-09 14:00:00+02:00,2025,13.27,13.27,13.27
2026-04-09 15:00:00+02:00,2025-04-09 15:00:00+02:00,2025,34.87,34.87,34.87
2026-04-09 16:00:00+02:00,2025-04-09 16:00:00+02:00,2025,62.98,62.98,62.98
2026-04-09 17:00:00+02:00,2025-04-09 17:00:00+02:00,2025,83.5,83.5,83.5
2026-04-09 18:00:00+02:00,2025-04-09 18:00:00+02:00,2025,103.48,103.48,103.48
2026-04-09 19:00:00+02:00,2025-04-09 19:00:00+02:00,2025,131.57,131.57,131.57
2026-04-09 20:00:00+02:00,2025-04-09 20:00:00+02:00,2025,138.73,138.73,138.73
2026-04-09 21:00:00+02:00,2025-04-09 21:00:00+02:00,2025,111.23,111.23,111.23
2026-04-09 22:00:00+02:00,2025-04-09 22:00:00+02:00,2025,101.94,101.94,101.94
2026-04-09 23:00:00+02:00,2025-04-09 23:00:00+02:00,2025,98.51,98.51,98.51
2026-04-10 00:00:00+02:00,2025-04-10 00:00:00+02:00,2025,92.9,92.9,92.9
2026-04-10 01:00:00+02:00,2025-04-10 01:00:00+02:00,2025,89.55,89.55,89.55
2026-04-10 02:00:00+02:00,2025-04-10 02:00:00+02:00,2025,88.9,88.9,88.9
2026-04-10 03:00:00+02:00,2025-04-10 03:00:00+02:00,2025,87.92,87.92,87.92
2026-04-10 04:00:00+02:00,2025-04-10 04:00:00+02:00,2025,90.0,90.0,90.0
2026-04-10 05:00:00+02:00,2025-04-10 05:00:00+02:00,2025,97.54,97.54,97.54
2026-04-10 06:00:00+02:00,2025-04-10 06:00:00+02:00,2025,132.44,132.44,132.44
2026-04-10 07:00:00+02:00,2025-04-10 07:00:00+02:00,2025,170.59,170.59,170.59
2026-04-10 08:00:00+02:00,2025-04-10 08:00:00+02:00,2025,135.44,135.44,135.44
2026-04-10 09:00:00+02:00,2025-04-10 09:00:00+02:00,2025,102.4,102.4,102.4
2026-04-10 10:00:00+02:00,2025-04-10 10:00:00+02:00,2025,85.71,85.71,85.71
2026-04-10 11:00:00+02:00,2025-04-10 11:00:00+02:00,2025,66.34,66.34,66.34
2026-04-10 12:00:00+02:00,2025-04-10 12:00:00+02:00,2025,34.95,34.95,34.95
2026-04-10 13:00:00+02:00,2025-04-10 13:00:00+02:00,2025,2.18,2.18,2.18
2026-04-10 14:00:00+02:00,2025-04-10 14:00:00+02:00,2025,0.08,0.08,0.08
2026-04-10 15:00:00+02:00,2025-04-10 15:00:00+02:00,2025,1.18,1.18,1.18
2026-04-10 16:00:00+02:00,2025-04-10 16:00:00+02:00,2025,54.44,54.44,54.44
2026-04-10 17:00:00+02:00,2025-04-10 17:00:00+02:00,2025,70.0,70.0,70.0
2026-04-10 18:00:00+02:00,2025-04-10 18:00:00+02:00,2025,101.68,101.68,101.68
2026-04-10 19:00:00+02:00,2025-04-10 19:00:00+02:00,2025,140.42,140.42,140.42
2026-04-10 20:00:00+02:00,2025-04-10 20:00:00+02:00,2025,137.17,137.17,137.17
2026-04-10 21:00:00+02:00,2025-04-10 21:00:00+02:00,2025,97.56,97.56,97.56
2026-04-10 22:00:00+02:00,2025-04-10 22:00:00+02:00,2025,92.05,92.05,92.05
2026-04-10 23:00:00+02:00,2025-04-10 23:00:00+02:00,2025,81.11,81.11,81.11
2026-04-11 00:00:00+02:00,2025-04-11 00:00:00+02:00,2025,65.32,65.32,65.32
2026-04-11 01:00:00+02:00,2025-04-11 01:00:00+02:00,2025,60.75,60.75,60.75
2026-04-11 02:00:00+02:00,2025-04-11 02:00:00+02:00,2025,58.44,58.44,58.44
2026-04-11 03:00:00+02:00,2025-04-11 03:00:00+02:00,2025,58.43,58.43,58.43
2026-04-11 04:00:00+02:00,2025-04-11 04:00:00+02:00,2025,61.93,61.93,61.93
2026-04-11 05:00:00+02:00,2025-04-11 05:00:00+02:00,2025,71.99,71.99,71.99
2026-04-11 06:00:00+02:00,2025-04-11 06:00:00+02:00,2025,94.2,94.2,94.2
2026-04-11 07:00:00+02:00,2025-04-11 07:00:00+02:00,2025,111.4,111.4,111.4
2026-04-11 08:00:00+02:00,2025-04-11 08:00:00+02:00,2025,85.9,85.9,85.9
2026-04-11 09:00:00+02:00,2025-04-11 09:00:00+02:00,2025,58.89,58.89,58.89
2026-04-11 10:00:00+02:00,2025-04-11 10:00:00+02:00,2025,11.31,11.31,11.31
2026-04-11 11:00:00+02:00,2025-04-11 11:00:00+02:00,2025,0.0,0.0,0.0
2026-04-11 12:00:00+02:00,2025-04-11 12:00:00+02:00,2025,-3.0,-3.0,-3.0
2026-04-11 13:00:00+02:00,2025-04-11 13:00:00+02:00,2025,-4.99,-4.99,-4.99
2026-04-11 14:00:00+02:00,2025-04-11 14:00:00+02:00,2025,-3.61,-3.61,-3.61
2026-04-11 15:00:00+02:00,2025-04-11 15:00:00+02:00,2025,-0.1,-0.1,-0.1
2026-04-11 16:00:00+02:00,2025-04-11 16:00:00+02:00,2025,0.0,0.0,0.0
2026-04-11 17:00:00+02:00,2025-04-11 17:00:00+02:00,2025,70.15,70.15,70.15
2026-04-11 18:00:00+02:00,2025-04-11 18:00:00+02:00,2025,110.69,110.69,110.69
2026-04-11 19:00:00+02:00,2025-04-11 19:00:00+02:00,2025,133.4,133.4,133.4
2026-04-11 20:00:00+02:00,2025-04-11 20:00:00+02:00,2025,155.0,155.0,155.0
2026-04-11 21:00:00+02:00,2025-04-11 21:00:00+02:00,2025,130.46,130.46,130.46
2026-04-11 22:00:00+02:00,2025-04-11 22:00:00+02:00,2025,119.1,119.1,119.1
2026-04-11 23:00:00+02:00,2025-04-11 23:00:00+02:00,2025,105.49,105.49,105.49
2026-04-12 00:00:00+02:00,2025-04-12 00:00:00+02:00,2025,107.84,107.84,107.84
2026-04-12 01:00:00+02:00,2025-04-12 01:00:00+02:00,2025,104.41,104.41,104.41
2026-04-12 02:00:00+02:00,2025-04-12 02:00:00+02:00,2025,100.93,100.93,100.93
2026-04-12 03:00:00+02:00,2025-04-12 03:00:00+02:00,2025,98.15,98.15,98.15
2026-04-12 04:00:00+02:00,2025-04-12 04:00:00+02:00,2025,98.99,98.99,98.99
2026-04-12 05:00:00+02:00,2025-04-12 05:00:00+02:00,2025,99.08,99.08,99.08
2026-04-12 06:00:00+02:00,2025-04-12 06:00:00+02:00,2025,104.42,104.42,104.42
2026-04-12 07:00:00+02:00,2025-04-12 07:00:00+02:00,2025,99.74,99.74,99.74
2026-04-12 08:00:00+02:00,2025-04-12 08:00:00+02:00,2025,95.49,95.49,95.49
2026-04-12 09:00:00+02:00,2025-04-12 09:00:00+02:00,2025,67.26,67.26,67.26
2026-04-12 10:00:00+02:00,2025-04-12 10:00:00+02:00,2025,20.19,20.19,20.19
2026-04-12 11:00:00+02:00,2025-04-12 11:00:00+02:00,2025,0.0,0.0,0.0
2026-04-12 12:00:00+02:00,2025-04-12 12:00:00+02:00,2025,-9.23,-9.23,-9.23
2026-04-12 13:00:00+02:00,2025-04-12 13:00:00+02:00,2025,-40.04,-40.04,-40.04
2026-04-12 14:00:00+02:00,2025-04-12 14:00:00+02:00,2025,-42.01,-42.01,-42.01
2026-04-12 15:00:00+02:00,2025-04-12 15:00:00+02:00,2025,-18.68,-18.68,-18.68
2026-04-12 16:00:00+02:00,2025-04-12 16:00:00+02:00,2025,-0.08,-0.08,-0.08
2026-04-12 17:00:00+02:00,2025-04-12 17:00:00+02:00,2025,59.47,59.47,59.47
2026-04-12 18:00:00+02:00,2025-04-12 18:00:00+02:00,2025,111.31,111.31,111.31
2026-04-12 19:00:00+02:00,2025-04-12 19:00:00+02:00,2025,150.06,150.06,150.06
2026-04-12 20:00:00+02:00,2025-04-12 20:00:00+02:00,2025,120.89,120.89,120.89
2026-04-12 21:00:00+02:00,2025-04-12 21:00:00+02:00,2025,91.0,91.0,91.0
2026-04-12 22:00:00+02:00,2025-04-12 22:00:00+02:00,2025,86.27,86.27,86.27
2026-04-12 23:00:00+02:00,2025-04-12 23:00:00+02:00,2025,64.27,64.27,64.27
2026-04-13 00:00:00+02:00,2025-04-13 00:00:00+02:00,2025,63.99,63.99,63.99
2026-04-13 01:00:00+02:00,2025-04-13 01:00:00+02:00,2025,56.0,56.0,56.0
2026-04-13 02:00:00+02:00,2025-04-13 02:00:00+02:00,2025,42.36,42.36,42.36
2026-04-13 03:00:00+02:00,2025-04-13 03:00:00+02:00,2025,29.5,29.5,29.5
2026-04-13 04:00:00+02:00,2025-04-13 04:00:00+02:00,2025,32.06,32.06,32.06
2026-04-13 05:00:00+02:00,2025-04-13 05:00:00+02:00,2025,34.48,34.48,34.48
2026-04-13 06:00:00+02:00,2025-04-13 06:00:00+02:00,2025,29.41,29.41,29.41
2026-04-13 07:00:00+02:00,2025-04-13 07:00:00+02:00,2025,27.75,27.75,27.75
2026-04-13 08:00:00+02:00,2025-04-13 08:00:00+02:00,2025,12.87,12.87,12.87
2026-04-13 09:00:00+02:00,2025-04-13 09:00:00+02:00,2025,8.43,8.43,8.43
2026-04-13 10:00:00+02:00,2025-04-13 10:00:00+02:00,2025,0.0,0.0,0.0
2026-04-13 11:00:00+02:00,2025-04-13 11:00:00+02:00,2025,-0.02,-0.02,-0.02
2026-04-13 12:00:00+02:00,2025-04-13 12:00:00+02:00,2025,-3.02,-3.02,-3.02
2026-04-13 13:00:00+02:00,2025-04-13 13:00:00+02:00,2025,-18.84,-18.84,-18.84
2026-04-13 14:00:00+02:00,2025-04-13 14:00:00+02:00,2025,-25.38,-25.38,-25.38
2026-04-13 15:00:00+02:00,2025-04-13 15:00:00+02:00,2025,-9.93,-9.93,-9.93
2026-04-13 16:00:00+02:00,2025-04-13 16:00:00+02:00,2025,-0.01,-0.01,-0.01
2026-04-13 17:00:00+02:00,2025-04-13 17:00:00+02:00,2025,17.56,17.56,17.56
2026-04-13 18:00:00+02:00,2025-04-13 18:00:00+02:00,2025,98.63,98.63,98.63
2026-04-13 19:00:00+02:00,2025-04-13 19:00:00+02:00,2025,120.65,120.65,120.65
2026-04-13 20:00:00+02:00,2025-04-13 20:00:00+02:00,2025,118.01,118.01,118.01
2026-04-13 21:00:00+02:00,2025-04-13 21:00:00+02:00,2025,108.06,108.06,108.06
2026-04-13 22:00:00+02:00,2025-04-13 22:00:00+02:00,2025,103.35,103.35,103.35
2026-04-13 23:00:00+02:00,2025-04-13 23:00:00+02:00,2025,94.98,94.98,94.98
2026-04-14 00:00:00+02:00,2025-04-14 00:00:00+02:00,2025,87.56,87.56,87.56
2026-04-14 01:00:00+02:00,2025-04-14 01:00:00+02:00,2025,82.69,82.69,82.69
2026-04-14 02:00:00+02:00,2025-04-14 02:00:00+02:00,2025,82.11,82.11,82.11
2026-04-14 03:00:00+02:00,2025-04-14 03:00:00+02:00,2025,82.29,82.29,82.29
2026-04-14 04:00:00+02:00,2025-04-14 04:00:00+02:00,2025,84.52,84.52,84.52
2026-04-14 05:00:00+02:00,2025-04-14 05:00:00+02:00,2025,97.1,97.1,97.1
2026-04-14 06:00:00+02:00,2025-04-14 06:00:00+02:00,2025,124.34,124.34,124.34
2026-04-14 07:00:00+02:00,2025-04-14 07:00:00+02:00,2025,152.03,152.03,152.03
2026-04-14 08:00:00+02:00,2025-04-14 08:00:00+02:00,2025,143.7,143.7,143.7
2026-04-14 09:00:00+02:00,2025-04-14 09:00:00+02:00,2025,104.7,104.7,104.7
2026-04-14 10:00:00+02:00,2025-04-14 10:00:00+02:00,2025,91.02,91.02,91.02
2026-04-14 11:00:00+02:00,2025-04-14 11:00:00+02:00,2025,77.07,77.07,77.07
2026-04-14 12:00:00+02:00,2025-04-14 12:00:00+02:00,2025,62.35,62.35,62.35
2026-04-14 13:00:00+02:00,2025-04-14 13:00:00+02:00,2025,61.64,61.64,61.64
2026-04-14 14:00:00+02:00,2025-04-14 14:00:00+02:00,2025,64.36,64.36,64.36
2026-04-14 15:00:00+02:00,2025-04-14 15:00:00+02:00,2025,75.29,75.29,75.29
2026-04-14 16:00:00+02:00,2025-04-14 16:00:00+02:00,2025,84.6,84.6,84.6
2026-04-14 17:00:00+02:00,2025-04-14 17:00:00+02:00,2025,97.02,97.02,97.02
2026-04-14 18:00:00+02:00,2025-04-14 18:00:00+02:00,2025,119.35,119.35,119.35
2026-04-14 19:00:00+02:00,2025-04-14 19:00:00+02:00,2025,180.0,180.0,180.0
2026-04-14 20:00:00+02:00,2025-04-14 20:00:00+02:00,2025,140.61,140.61,140.61
2026-04-14 21:00:00+02:00,2025-04-14 21:00:00+02:00,2025,102.83,102.83,102.83
2026-04-14 22:00:00+02:00,2025-04-14 22:00:00+02:00,2025,82.59,82.59,82.59
2026-04-14 23:00:00+02:00,2025-04-14 23:00:00+02:00,2025,76.0,76.0,76.0
2026-04-15 00:00:00+02:00,2025-04-15 00:00:00+02:00,2025,72.93,72.93,72.93
2026-04-15 01:00:00+02:00,2025-04-15 01:00:00+02:00,2025,73.2,73.2,73.2
2026-04-15 02:00:00+02:00,2025-04-15 02:00:00+02:00,2025,67.38,67.38,67.38
2026-04-15 03:00:00+02:00,2025-04-15 03:00:00+02:00,2025,64.29,64.29,64.29
2026-04-15 04:00:00+02:00,2025-04-15 04:00:00+02:00,2025,66.3,66.3,66.3
2026-04-15 05:00:00+02:00,2025-04-15 05:00:00+02:00,2025,70.42,70.42,70.42
2026-04-15 06:00:00+02:00,2025-04-15 06:00:00+02:00,2025,83.03,83.03,83.03
2026-04-15 07:00:00+02:00,2025-04-15 07:00:00+02:00,2025,96.99,96.99,96.99
2026-04-15 08:00:00+02:00,2025-04-15 08:00:00+02:00,2025,98.56,98.56,98.56
2026-04-15 09:00:00+02:00,2025-04-15 09:00:00+02:00,2025,65.0,65.0,65.0
2026-04-15 10:00:00+02:00,2025-04-15 10:00:00+02:00,2025,48.93,48.93,48.93
2026-04-15 11:00:00+02:00,2025-04-15 11:00:00+02:00,2025,2.92,2.92,2.92
2026-04-15 12:00:00+02:00,2025-04-15 12:00:00+02:00,2025,0.08,0.08,0.08
2026-04-15 13:00:00+02:00,2025-04-15 13:00:00+02:00,2025,0.0,0.0,0.0
2026-04-15 14:00:00+02:00,2025-04-15 14:00:00+02:00,2025,0.1,0.1,0.1
2026-04-15 15:00:00+02:00,2025-04-15 15:00:00+02:00,2025,29.27,29.27,29.27
2026-04-15 16:00:00+02:00,2025-04-15 16:00:00+02:00,2025,68.08,68.08,68.08
2026-04-15 17:00:00+02:00,2025-04-15 17:00:00+02:00,2025,86.57,86.57,86.57
2026-04-15 18:00:00+02:00,2025-04-15 18:00:00+02:00,2025,105.28,105.28,105.28
2026-04-15 19:00:00+02:00,2025-04-15 19:00:00+02:00,2025,133.58,133.58,133.58
2026-04-15 20:00:00+02:00,2025-04-15 20:00:00+02:00,2025,141.54,141.54,141.54
2026-04-15 21:00:00+02:00,2025-04-15 21:00:00+02:00,2025,110.58,110.58,110.58
2026-04-15 22:00:00+02:00,2025-04-15 22:00:00+02:00,2025,102.21,102.21,102.21
2026-04-15 23:00:00+02:00,2025-04-15 23:00:00+02:00,2025,93.76,93.76,93.76
2026-04-16 00:00:00+02:00,2025-04-16 00:00:00+02:00,2025,88.01,88.01,88.01
2026-04-16 01:00:00+02:00,2025-04-16 01:00:00+02:00,2025,82.04,82.04,82.04
2026-04-16 02:00:00+02:00,2025-04-16 02:00:00+02:00,2025,82.2,82.2,82.2
2026-04-16 03:00:00+02:00,2025-04-16 03:00:00+02:00,2025,81.4,81.4,81.4
2026-04-16 04:00:00+02:00,2025-04-16 04:00:00+02:00,2025,82.99,82.99,82.99
2026-04-16 05:00:00+02:00,2025-04-16 05:00:00+02:00,2025,99.4,99.4,99.4
2026-04-16 06:00:00+02:00,2025-04-16 06:00:00+02:00,2025,121.0,121.0,121.0
2026-04-16 07:00:00+02:00,2025-04-16 07:00:00+02:00,2025,135.14,135.14,135.14
2026-04-16 08:00:00+02:00,2025-04-16 08:00:00+02:00,2025,109.94,109.94,109.94
2026-04-16 09:00:00+02:00,2025-04-16 09:00:00+02:00,2025,94.82,94.82,94.82
2026-04-16 10:00:00+02:00,2025-04-16 10:00:00+02:00,2025,79.75,79.75,79.75
2026-04-16 11:00:00+02:00,2025-04-16 11:00:00+02:00,2025,64.08,64.08,64.08
2026-04-16 12:00:00+02:00,2025-04-16 12:00:00+02:00,2025,35.3,35.3,35.3
2026-04-16 13:00:00+02:00,2025-04-16 13:00:00+02:00,2025,22.4,22.4,22.4
2026-04-16 14:00:00+02:00,2025-04-16 14:00:00+02:00,2025,24.94,24.94,24.94
2026-04-16 15:00:00+02:00,2025-04-16 15:00:00+02:00,2025,55.0,55.0,55.0
2026-04-16 16:00:00+02:00,2025-04-16 16:00:00+02:00,2025,68.0,68.0,68.0
2026-04-16 17:00:00+02:00,2025-04-16 17:00:00+02:00,2025,93.16,93.16,93.16
2026-04-16 18:00:00+02:00,2025-04-16 18:00:00+02:00,2025,118.0,118.0,118.0
2026-04-16 19:00:00+02:00,2025-04-16 19:00:00+02:00,2025,146.52,146.52,146.52
2026-04-16 20:00:00+02:00,2025-04-16 20:00:00+02:00,2025,136.48,136.48,136.48
2026-04-16 21:00:00+02:00,2025-04-16 21:00:00+02:00,2025,121.0,121.0,121.0
2026-04-16 22:00:00+02:00,2025-04-16 22:00:00+02:00,2025,109.69,109.69,109.69
2026-04-16 23:00:00+02:00,2025-04-16 23:00:00+02:00,2025,98.59,98.59,98.59
2026-04-17 00:00:00+02:00,2025-04-17 00:00:00+02:00,2025,88.99,88.99,88.99
2026-04-17 01:00:00+02:00,2025-04-17 01:00:00+02:00,2025,83.99,83.99,83.99
2026-04-17 02:00:00+02:00,2025-04-17 02:00:00+02:00,2025,81.67,81.67,81.67
2026-04-17 03:00:00+02:00,2025-04-17 03:00:00+02:00,2025,80.07,80.07,80.07
2026-04-17 04:00:00+02:00,2025-04-17 04:00:00+02:00,2025,81.28,81.28,81.28
2026-04-17 05:00:00+02:00,2025-04-17 05:00:00+02:00,2025,87.43,87.43,87.43
2026-04-17 06:00:00+02:00,2025-04-17 06:00:00+02:00,2025,108.02,108.02,108.02
2026-04-17 07:00:00+02:00,2025-04-17 07:00:00+02:00,2025,122.8,122.8,122.8
2026-04-17 08:00:00+02:00,2025-04-17 08:00:00+02:00,2025,130.0,130.0,130.0
2026-04-17 09:00:00+02:00,2025-04-17 09:00:00+02:00,2025,121.0,121.0,121.0
2026-04-17 10:00:00+02:00,2025-04-17 10:00:00+02:00,2025,110.0,110.0,110.0
2026-04-17 11:00:00+02:00,2025-04-17 11:00:00+02:00,2025,95.03,95.03,95.03
2026-04-17 12:00:00+02:00,2025-04-17 12:00:00+02:00,2025,80.84,80.84,80.84
2026-04-17 13:00:00+02:00,2025-04-17 13:00:00+02:00,2025,81.04,81.04,81.04
2026-04-17 14:00:00+02:00,2025-04-17 14:00:00+02:00,2025,77.75,77.75,77.75
2026-04-17 15:00:00+02:00,2025-04-17 15:00:00+02:00,2025,77.65,77.65,77.65
2026-04-17 16:00:00+02:00,2025-04-17 16:00:00+02:00,2025,83.87,83.87,83.87
2026-04-17 17:00:00+02:00,2025-04-17 17:00:00+02:00,2025,97.63,97.63,97.63
2026-04-17 18:00:00+02:00,2025-04-17 18:00:00+02:00,2025,112.65,112.65,112.65
2026-04-17 19:00:00+02:00,2025-04-17 19:00:00+02:00,2025,129.0,129.0,129.0
2026-04-17 20:00:00+02:00,2025-04-17 20:00:00+02:00,2025,122.79,122.79,122.79
2026-04-17 21:00:00+02:00,2025-04-17 21:00:00+02:00,2025,114.76,114.76,114.76
2026-04-17 22:00:00+02:00,2025-04-17 22:00:00+02:00,2025,98.9,98.9,98.9
2026-04-17 23:00:00+02:00,2025-04-17 23:00:00+02:00,2025,96.52,96.52,96.52
2026-04-18 00:00:00+02:00,2025-04-18 00:00:00+02:00,2025,91.0,91.0,91.0
2026-04-18 01:00:00+02:00,2025-04-18 01:00:00+02:00,2025,81.3,81.3,81.3
2026-04-18 02:00:00+02:00,2025-04-18 02:00:00+02:00,2025,79.12,79.12,79.12
2026-04-18 03:00:00+02:00,2025-04-18 03:00:00+02:00,2025,77.94,77.94,77.94
2026-04-18 04:00:00+02:00,2025-04-18 04:00:00+02:00,2025,76.34,76.34,76.34
2026-04-18 05:00:00+02:00,2025-04-18 05:00:00+02:00,2025,76.35,76.35,76.35
2026-04-18 06:00:00+02:00,2025-04-18 06:00:00+02:00,2025,79.39,79.39,79.39
2026-04-18 07:00:00+02:00,2025-04-18 07:00:00+02:00,2025,87.98,87.98,87.98
2026-04-18 08:00:00+02:00,2025-04-18 08:00:00+02:00,2025,91.25,91.25,91.25
2026-04-18 09:00:00+02:00,2025-04-18 09:00:00+02:00,2025,90.14,90.14,90.14
2026-04-18 10:00:00+02:00,2025-04-18 10:00:00+02:00,2025,88.3,88.3,88.3
2026-04-18 11:00:00+02:00,2025-04-18 11:00:00+02:00,2025,83.28,83.28,83.28
2026-04-18 12:00:00+02:00,2025-04-18 12:00:00+02:00,2025,75.03,75.03,75.03
2026-04-18 13:00:00+02:00,2025-04-18 13:00:00+02:00,2025,63.75,63.75,63.75
2026-04-18 14:00:00+02:00,2025-04-18 14:00:00+02:00,2025,62.64,62.64,62.64
2026-04-18 15:00:00+02:00,2025-04-18 15:00:00+02:00,2025,65.36,65.36,65.36
2026-04-18 16:00:00+02:00,2025-04-18 16:00:00+02:00,2025,76.61,76.61,76.61
2026-04-18 17:00:00+02:00,2025-04-18 17:00:00+02:00,2025,88.64,88.64,88.64
2026-04-18 18:00:00+02:00,2025-04-18 18:00:00+02:00,2025,103.5,103.5,103.5
2026-04-18 19:00:00+02:00,2025-04-18 19:00:00+02:00,2025,123.12,123.12,123.12
2026-04-18 20:00:00+02:00,2025-04-18 20:00:00+02:00,2025,126.52,126.52,126.52
2026-04-18 21:00:00+02:00,2025-04-18 21:00:00+02:00,2025,116.52,116.52,116.52
2026-04-18 22:00:00+02:00,2025-04-18 22:00:00+02:00,2025,106.35,106.35,106.35
2026-04-18 23:00:00+02:00,2025-04-18 23:00:00+02:00,2025,99.12,99.12,99.12
2026-04-19 00:00:00+02:00,2025-04-19 00:00:00+02:00,2025,89.32,89.32,89.32
2026-04-19 01:00:00+02:00,2025-04-19 01:00:00+02:00,2025,80.01,80.01,80.01
2026-04-19 02:00:00+02:00,2025-04-19 02:00:00+02:00,2025,84.45,84.45,84.45
2026-04-19 03:00:00+02:00,2025-04-19 03:00:00+02:00,2025,82.39,82.39,82.39
2026-04-19 04:00:00+02:00,2025-04-19 04:00:00+02:00,2025,84.98,84.98,84.98
2026-04-19 05:00:00+02:00,2025-04-19 05:00:00+02:00,2025,90.62,90.62,90.62
2026-04-19 06:00:00+02:00,2025-04-19 06:00:00+02:00,2025,95.2,95.2,95.2
2026-04-19 07:00:00+02:00,2025-04-19 07:00:00+02:00,2025,91.67,91.67,91.67
2026-04-19 08:00:00+02:00,2025-04-19 08:00:00+02:00,2025,83.89,83.89,83.89
2026-04-19 09:00:00+02:00,2025-04-19 09:00:00+02:00,2025,76.43,76.43,76.43
2026-04-19 10:00:00+02:00,2025-04-19 10:00:00+02:00,2025,29.99,29.99,29.99
2026-04-19 11:00:00+02:00,2025-04-19 11:00:00+02:00,2025,4.54,4.54,4.54
2026-04-19 12:00:00+02:00,2025-04-19 12:00:00+02:00,2025,0.0,0.0,0.0
2026-04-19 13:00:00+02:00,2025-04-19 13:00:00+02:00,2025,-3.01,-3.01,-3.01
2026-04-19 14:00:00+02:00,2025-04-19 14:00:00+02:00,2025,-7.26,-7.26,-7.26
2026-04-19 15:00:00+02:00,2025-04-19 15:00:00+02:00,2025,-0.86,-0.86,-0.86
2026-04-19 16:00:00+02:00,2025-04-19 16:00:00+02:00,2025,0.2,0.2,0.2
2026-04-19 17:00:00+02:00,2025-04-19 17:00:00+02:00,2025,64.01,64.01,64.01
2026-04-19 18:00:00+02:00,2025-04-19 18:00:00+02:00,2025,102.77,102.77,102.77
2026-04-19 19:00:00+02:00,2025-04-19 19:00:00+02:00,2025,126.84,126.84,126.84
2026-04-19 20:00:00+02:00,2025-04-19 20:00:00+02:00,2025,142.71,142.71,142.71
2026-04-19 21:00:00+02:00,2025-04-19 21:00:00+02:00,2025,127.36,127.36,127.36
2026-04-19 22:00:00+02:00,2025-04-19 22:00:00+02:00,2025,109.55,109.55,109.55
2026-04-19 23:00:00+02:00,2025-04-19 23:00:00+02:00,2025,98.27,98.27,98.27
2026-04-20 00:00:00+02:00,2025-04-20 00:00:00+02:00,2025,100.41,100.41,100.41
2026-04-20 01:00:00+02:00,2025-04-20 01:00:00+02:00,2025,94.9,94.9,94.9
2026-04-20 02:00:00+02:00,2025-04-20 02:00:00+02:00,2025,98.98,98.98,98.98
2026-04-20 03:00:00+02:00,2025-04-20 03:00:00+02:00,2025,97.41,97.41,97.41
2026-04-20 04:00:00+02:00,2025-04-20 04:00:00+02:00,2025,98.83,98.83,98.83
2026-04-20 05:00:00+02:00,2025-04-20 05:00:00+02:00,2025,108.64,108.64,108.64
2026-04-20 06:00:00+02:00,2025-04-20 06:00:00+02:00,2025,109.38,109.38,109.38
2026-04-20 07:00:00+02:00,2025-04-20 07:00:00+02:00,2025,94.32,94.32,94.32
2026-04-20 08:00:00+02:00,2025-04-20 08:00:00+02:00,2025,68.6,68.6,68.6
2026-04-20 09:00:00+02:00,2025-04-20 09:00:00+02:00,2025,18.63,18.63,18.63
2026-04-20 10:00:00+02:00,2025-04-20 10:00:00+02:00,2025,0.0,0.0,0.0
2026-04-20 11:00:00+02:00,2025-04-20 11:00:00+02:00,2025,-5.72,-5.72,-5.72
2026-04-20 12:00:00+02:00,2025-04-20 12:00:00+02:00,2025,-34.99,-34.99,-34.99
2026-04-20 13:00:00+02:00,2025-04-20 13:00:00+02:00,2025,-52.42,-52.42,-52.42
2026-04-20 14:00:00+02:00,2025-04-20 14:00:00+02:00,2025,-40.05,-40.05,-40.05
2026-04-20 15:00:00+02:00,2025-04-20 15:00:00+02:00,2025,-4.76,-4.76,-4.76
2026-04-20 16:00:00+02:00,2025-04-20 16:00:00+02:00,2025,0.0,0.0,0.0
2026-04-20 17:00:00+02:00,2025-04-20 17:00:00+02:00,2025,72.42,72.42,72.42
2026-04-20 18:00:00+02:00,2025-04-20 18:00:00+02:00,2025,106.81,106.81,106.81
2026-04-20 19:00:00+02:00,2025-04-20 19:00:00+02:00,2025,119.94,119.94,119.94
2026-04-20 20:00:00+02:00,2025-04-20 20:00:00+02:00,2025,144.95,144.95,144.95
2026-04-20 21:00:00+02:00,2025-04-20 21:00:00+02:00,2025,137.56,137.56,137.56
2026-04-20 22:00:00+02:00,2025-04-20 22:00:00+02:00,2025,121.82,121.82,121.82
2026-04-20 23:00:00+02:00,2025-04-20 23:00:00+02:00,2025,110.68,110.68,110.68
2026-04-21 00:00:00+02:00,2025-04-21 00:00:00+02:00,2025,108.58,108.58,108.58
2026-04-21 01:00:00+02:00,2025-04-21 01:00:00+02:00,2025,97.59,97.59,97.59
2026-04-21 02:00:00+02:00,2025-04-21 02:00:00+02:00,2025,96.47,96.47,96.47
2026-04-21 03:00:00+02:00,2025-04-21 03:00:00+02:00,2025,96.84,96.84,96.84
2026-04-21 04:00:00+02:00,2025-04-21 04:00:00+02:00,2025,97.98,97.98,97.98
2026-04-21 05:00:00+02:00,2025-04-21 05:00:00+02:00,2025,98.54,98.54,98.54
2026-04-21 06:00:00+02:00,2025-04-21 06:00:00+02:00,2025,97.07,97.07,97.07
2026-04-21 07:00:00+02:00,2025-04-21 07:00:00+02:00,2025,91.31,91.31,91.31
2026-04-21 08:00:00+02:00,2025-04-21 08:00:00+02:00,2025,88.5,88.5,88.5
2026-04-21 09:00:00+02:00,2025-04-21 09:00:00+02:00,2025,87.99,87.99,87.99
2026-04-21 10:00:00+02:00,2025-04-21 10:00:00+02:00,2025,65.24,65.24,65.24
2026-04-21 11:00:00+02:00,2025-04-21 11:00:00+02:00,2025,33.88,33.88,33.88
2026-04-21 12:00:00+02:00,2025-04-21 12:00:00+02:00,2025,17.19,17.19,17.19
2026-04-21 13:00:00+02:00,2025-04-21 13:00:00+02:00,2025,8.91,8.91,8.91
2026-04-21 14:00:00+02:00,2025-04-21 14:00:00+02:00,2025,8.43,8.43,8.43
2026-04-21 15:00:00+02:00,2025-04-21 15:00:00+02:00,2025,10.01,10.01,10.01
2026-04-21 16:00:00+02:00,2025-04-21 16:00:00+02:00,2025,50.05,50.05,50.05
2026-04-21 17:00:00+02:00,2025-04-21 17:00:00+02:00,2025,88.77,88.77,88.77
2026-04-21 18:00:00+02:00,2025-04-21 18:00:00+02:00,2025,101.95,101.95,101.95
2026-04-21 19:00:00+02:00,2025-04-21 19:00:00+02:00,2025,121.95,121.95,121.95
2026-04-21 20:00:00+02:00,2025-04-21 20:00:00+02:00,2025,139.14,139.14,139.14
2026-04-21 21:00:00+02:00,2025-04-21 21:00:00+02:00,2025,132.1,132.1,132.1
2026-04-21 22:00:00+02:00,2025-04-21 22:00:00+02:00,2025,122.77,122.77,122.77
2026-04-21 23:00:00+02:00,2025-04-21 23:00:00+02:00,2025,106.54,106.54,106.54
2026-04-22 00:00:00+02:00,2025-04-22 00:00:00+02:00,2025,96.21,96.21,96.21
2026-04-22 01:00:00+02:00,2025-04-22 01:00:00+02:00,2025,88.8,88.8,88.8
2026-04-22 02:00:00+02:00,2025-04-22 02:00:00+02:00,2025,87.4,87.4,87.4
2026-04-22 03:00:00+02:00,2025-04-22 03:00:00+02:00,2025,85.01,85.01,85.01
2026-04-22 04:00:00+02:00,2025-04-22 04:00:00+02:00,2025,84.58,84.58,84.58
2026-04-22 05:00:00+02:00,2025-04-22 05:00:00+02:00,2025,97.39,97.39,97.39
2026-04-22 06:00:00+02:00,2025-04-22 06:00:00+02:00,2025,120.76,120.76,120.76
2026-04-22 07:00:00+02:00,2025-04-22 07:00:00+02:00,2025,151.54,151.54,151.54
2026-04-22 08:00:00+02:00,2025-04-22 08:00:00+02:00,2025,147.0,147.0,147.0
2026-04-22 09:00:00+02:00,2025-04-22 09:00:00+02:00,2025,111.88,111.88,111.88
2026-04-22 10:00:00+02:00,2025-04-22 10:00:00+02:00,2025,95.2,95.2,95.2
2026-04-22 11:00:00+02:00,2025-04-22 11:00:00+02:00,2025,89.97,89.97,89.97
2026-04-22 12:00:00+02:00,2025-04-22 12:00:00+02:00,2025,79.92,79.92,79.92
2026-04-22 13:00:00+02:00,2025-04-22 13:00:00+02:00,2025,67.66,67.66,67.66
2026-04-22 14:00:00+02:00,2025-04-22 14:00:00+02:00,2025,71.47,71.47,71.47
2026-04-22 15:00:00+02:00,2025-04-22 15:00:00+02:00,2025,78.45,78.45,78.45
2026-04-22 16:00:00+02:00,2025-04-22 16:00:00+02:00,2025,83.07,83.07,83.07
2026-04-22 17:00:00+02:00,2025-04-22 17:00:00+02:00,2025,100.04,100.04,100.04
2026-04-22 18:00:00+02:00,2025-04-22 18:00:00+02:00,2025,122.38,122.38,122.38
2026-04-22 19:00:00+02:00,2025-04-22 19:00:00+02:00,2025,192.32,192.32,192.32
2026-04-22 20:00:00+02:00,2025-04-22 20:00:00+02:00,2025,263.2,263.2,263.2
2026-04-22 21:00:00+02:00,2025-04-22 21:00:00+02:00,2025,157.28,157.28,157.28
2026-04-22 22:00:00+02:00,2025-04-22 22:00:00+02:00,2025,122.28,122.28,122.28
2026-04-22 23:00:00+02:00,2025-04-22 23:00:00+02:00,2025,109.6,109.6,109.6
2026-04-23 00:00:00+02:00,2025-04-23 00:00:00+02:00,2025,106.72,106.72,106.72
2026-04-23 01:00:00+02:00,2025-04-23 01:00:00+02:00,2025,99.4,99.4,99.4
2026-04-23 02:00:00+02:00,2025-04-23 02:00:00+02:00,2025,96.84,96.84,96.84
2026-04-23 03:00:00+02:00,2025-04-23 03:00:00+02:00,2025,96.7,96.7,96.7
2026-04-23 04:00:00+02:00,2025-04-23 04:00:00+02:00,2025,101.2,101.2,101.2
2026-04-23 05:00:00+02:00,2025-04-23 05:00:00+02:00,2025,108.23,108.23,108.23
2026-04-23 06:00:00+02:00,2025-04-23 06:00:00+02:00,2025,137.09,137.09,137.09
2026-04-23 07:00:00+02:00,2025-04-23 07:00:00+02:00,2025,152.0,152.0,152.0
2026-04-23 08:00:00+02:00,2025-04-23 08:00:00+02:00,2025,128.84,128.84,128.84
2026-04-23 09:00:00+02:00,2025-04-23 09:00:00+02:00,2025,100.0,100.0,100.0
2026-04-23 10:00:00+02:00,2025-04-23 10:00:00+02:00,2025,92.0,92.0,92.0
2026-04-23 11:00:00+02:00,2025-04-23 11:00:00+02:00,2025,94.39,94.39,94.39
2026-04-23 12:00:00+02:00,2025-04-23 12:00:00+02:00,2025,81.04,81.04,81.04
2026-04-23 13:00:00+02:00,2025-04-23 13:00:00+02:00,2025,80.29,80.29,80.29
2026-04-23 14:00:00+02:00,2025-04-23 14:00:00+02:00,2025,88.0,88.0,88.0
2026-04-23 15:00:00+02:00,2025-04-23 15:00:00+02:00,2025,92.35,92.35,92.35
2026-04-23 16:00:00+02:00,2025-04-23 16:00:00+02:00,2025,99.05,99.05,99.05
2026-04-23 17:00:00+02:00,2025-04-23 17:00:00+02:00,2025,108.28,108.28,108.28
2026-04-23 18:00:00+02:00,2025-04-23 18:00:00+02:00,2025,128.9,128.9,128.9
2026-04-23 19:00:00+02:00,2025-04-23 19:00:00+02:00,2025,155.97,155.97,155.97
2026-04-23 20:00:00+02:00,2025-04-23 20:00:00+02:00,2025,148.67,148.67,148.67
2026-04-23 21:00:00+02:00,2025-04-23 21:00:00+02:00,2025,126.11,126.11,126.11
2026-04-23 22:00:00+02:00,2025-04-23 22:00:00+02:00,2025,108.2,108.2,108.2
2026-04-23 23:00:00+02:00,2025-04-23 23:00:00+02:00,2025,97.15,97.15,97.15
2026-04-24 00:00:00+02:00,2025-04-24 00:00:00+02:00,2025,94.17,94.17,94.17
2026-04-24 01:00:00+02:00,2025-04-24 01:00:00+02:00,2025,88.3,88.3,88.3
2026-04-24 02:00:00+02:00,2025-04-24 02:00:00+02:00,2025,86.7,86.7,86.7
2026-04-24 03:00:00+02:00,2025-04-24 03:00:00+02:00,2025,85.65,85.65,85.65
2026-04-24 04:00:00+02:00,2025-04-24 04:00:00+02:00,2025,84.35,84.35,84.35
2026-04-24 05:00:00+02:00,2025-04-24 05:00:00+02:00,2025,90.93,90.93,90.93
2026-04-24 06:00:00+02:00,2025-04-24 06:00:00+02:00,2025,110.34,110.34,110.34
2026-04-24 07:00:00+02:00,2025-04-24 07:00:00+02:00,2025,118.51,118.51,118.51
2026-04-24 08:00:00+02:00,2025-04-24 08:00:00+02:00,2025,117.65,117.65,117.65
2026-04-24 09:00:00+02:00,2025-04-24 09:00:00+02:00,2025,108.91,108.91,108.91
2026-04-24 10:00:00+02:00,2025-04-24 10:00:00+02:00,2025,96.67,96.67,96.67
2026-04-24 11:00:00+02:00,2025-04-24 11:00:00+02:00,2025,93.55,93.55,93.55
2026-04-24 12:00:00+02:00,2025-04-24 12:00:00+02:00,2025,81.56,81.56,81.56
2026-04-24 13:00:00+02:00,2025-04-24 13:00:00+02:00,2025,78.95,78.95,78.95
2026-04-24 14:00:00+02:00,2025-04-24 14:00:00+02:00,2025,78.04,78.04,78.04
2026-04-24 15:00:00+02:00,2025-04-24 15:00:00+02:00,2025,78.72,78.72,78.72
2026-04-24 16:00:00+02:00,2025-04-24 16:00:00+02:00,2025,83.37,83.37,83.37
2026-04-24 17:00:00+02:00,2025-04-24 17:00:00+02:00,2025,95.36,95.36,95.36
2026-04-24 18:00:00+02:00,2025-04-24 18:00:00+02:00,2025,101.02,101.02,101.02
2026-04-24 19:00:00+02:00,2025-04-24 19:00:00+02:00,2025,114.64,114.64,114.64
2026-04-24 20:00:00+02:00,2025-04-24 20:00:00+02:00,2025,121.61,121.61,121.61
2026-04-24 21:00:00+02:00,2025-04-24 21:00:00+02:00,2025,114.48,114.48,114.48
2026-04-24 22:00:00+02:00,2025-04-24 22:00:00+02:00,2025,106.53,106.53,106.53
2026-04-24 23:00:00+02:00,2025-04-24 23:00:00+02:00,2025,93.1,93.1,93.1
2026-04-25 00:00:00+02:00,2025-04-25 00:00:00+02:00,2025,91.03,91.03,91.03
2026-04-25 01:00:00+02:00,2025-04-25 01:00:00+02:00,2025,82.92,82.92,82.92
2026-04-25 02:00:00+02:00,2025-04-25 02:00:00+02:00,2025,82.23,82.23,82.23
2026-04-25 03:00:00+02:00,2025-04-25 03:00:00+02:00,2025,83.4,83.4,83.4
2026-04-25 04:00:00+02:00,2025-04-25 04:00:00+02:00,2025,84.95,84.95,84.95
2026-04-25 05:00:00+02:00,2025-04-25 05:00:00+02:00,2025,94.64,94.64,94.64
2026-04-25 06:00:00+02:00,2025-04-25 06:00:00+02:00,2025,104.41,104.41,104.41
2026-04-25 07:00:00+02:00,2025-04-25 07:00:00+02:00,2025,113.39,113.39,113.39
2026-04-25 08:00:00+02:00,2025-04-25 08:00:00+02:00,2025,111.0,111.0,111.0
2026-04-25 09:00:00+02:00,2025-04-25 09:00:00+02:00,2025,99.41,99.41,99.41
2026-04-25 10:00:00+02:00,2025-04-25 10:00:00+02:00,2025,88.17,88.17,88.17
2026-04-25 11:00:00+02:00,2025-04-25 11:00:00+02:00,2025,75.45,75.45,75.45
2026-04-25 12:00:00+02:00,2025-04-25 12:00:00+02:00,2025,66.61,66.61,66.61
2026-04-25 13:00:00+02:00,2025-04-25 13:00:00+02:00,2025,48.03,48.03,48.03
2026-04-25 14:00:00+02:00,2025-04-25 14:00:00+02:00,2025,40.99,40.99,40.99
2026-04-25 15:00:00+02:00,2025-04-25 15:00:00+02:00,2025,59.47,59.47,59.47
2026-04-25 16:00:00+02:00,2025-04-25 16:00:00+02:00,2025,73.04,73.04,73.04
2026-04-25 17:00:00+02:00,2025-04-25 17:00:00+02:00,2025,84.19,84.19,84.19
2026-04-25 18:00:00+02:00,2025-04-25 18:00:00+02:00,2025,99.43,99.43,99.43
2026-04-25 19:00:00+02:00,2025-04-25 19:00:00+02:00,2025,115.99,115.99,115.99
2026-04-25 20:00:00+02:00,2025-04-25 20:00:00+02:00,2025,123.78,123.78,123.78
2026-04-25 21:00:00+02:00,2025-04-25 21:00:00+02:00,2025,109.63,109.63,109.63
2026-04-25 22:00:00+02:00,2025-04-25 22:00:00+02:00,2025,100.37,100.37,100.37
2026-04-25 23:00:00+02:00,2025-04-25 23:00:00+02:00,2025,92.09,92.09,92.09
2026-04-26 00:00:00+02:00,2025-04-26 00:00:00+02:00,2025,100.0,100.0,100.0
2026-04-26 01:00:00+02:00,2025-04-26 01:00:00+02:00,2025,92.19,92.19,92.19
2026-04-26 02:00:00+02:00,2025-04-26 02:00:00+02:00,2025,91.02,91.02,91.02
2026-04-26 03:00:00+02:00,2025-04-26 03:00:00+02:00,2025,89.66,89.66,89.66
2026-04-26 04:00:00+02:00,2025-04-26 04:00:00+02:00,2025,89.01,89.01,89.01
2026-04-26 05:00:00+02:00,2025-04-26 05:00:00+02:00,2025,90.86,90.86,90.86
2026-04-26 06:00:00+02:00,2025-04-26 06:00:00+02:00,2025,93.01,93.01,93.01
2026-04-26 07:00:00+02:00,2025-04-26 07:00:00+02:00,2025,86.33,86.33,86.33
2026-04-26 08:00:00+02:00,2025-04-26 08:00:00+02:00,2025,72.19,72.19,72.19
2026-04-26 09:00:00+02:00,2025-04-26 09:00:00+02:00,2025,34.45,34.45,34.45
2026-04-26 10:00:00+02:00,2025-04-26 10:00:00+02:00,2025,2.55,2.55,2.55
2026-04-26 11:00:00+02:00,2025-04-26 11:00:00+02:00,2025,-0.01,-0.01,-0.01
2026-04-26 12:00:00+02:00,2025-04-26 12:00:00+02:00,2025,-7.63,-7.63,-7.63
2026-04-26 13:00:00+02:00,2025-04-26 13:00:00+02:00,2025,-14.85,-14.85,-14.85
2026-04-26 14:00:00+02:00,2025-04-26 14:00:00+02:00,2025,-10.77,-10.77,-10.77
2026-04-26 15:00:00+02:00,2025-04-26 15:00:00+02:00,2025,-2.19,-2.19,-2.19
2026-04-26 16:00:00+02:00,2025-04-26 16:00:00+02:00,2025,-0.02,-0.02,-0.02
2026-04-26 17:00:00+02:00,2025-04-26 17:00:00+02:00,2025,30.99,30.99,30.99
2026-04-26 18:00:00+02:00,2025-04-26 18:00:00+02:00,2025,79.0,79.0,79.0
2026-04-26 19:00:00+02:00,2025-04-26 19:00:00+02:00,2025,99.81,99.81,99.81
2026-04-26 20:00:00+02:00,2025-04-26 20:00:00+02:00,2025,107.4,107.4,107.4
2026-04-26 21:00:00+02:00,2025-04-26 21:00:00+02:00,2025,96.85,96.85,96.85
2026-04-26 22:00:00+02:00,2025-04-26 22:00:00+02:00,2025,85.26,85.26,85.26
2026-04-26 23:00:00+02:00,2025-04-26 23:00:00+02:00,2025,72.31,72.31,72.31
2026-04-27 00:00:00+02:00,2025-04-27 00:00:00+02:00,2025,67.71,67.71,67.71
2026-04-27 01:00:00+02:00,2025-04-27 01:00:00+02:00,2025,62.91,62.91,62.91
2026-04-27 02:00:00+02:00,2025-04-27 02:00:00+02:00,2025,57.96,57.96,57.96
2026-04-27 03:00:00+02:00,2025-04-27 03:00:00+02:00,2025,59.12,59.12,59.12
2026-04-27 04:00:00+02:00,2025-04-27 04:00:00+02:00,2025,61.94,61.94,61.94
2026-04-27 05:00:00+02:00,2025-04-27 05:00:00+02:00,2025,69.05,69.05,69.05
2026-04-27 06:00:00+02:00,2025-04-27 06:00:00+02:00,2025,69.14,69.14,69.14
2026-04-27 07:00:00+02:00,2025-04-27 07:00:00+02:00,2025,63.72,63.72,63.72
2026-04-27 08:00:00+02:00,2025-04-27 08:00:00+02:00,2025,34.95,34.95,34.95
2026-04-27 09:00:00+02:00,2025-04-27 09:00:00+02:00,2025,0.04,0.04,0.04
2026-04-27 10:00:00+02:00,2025-04-27 10:00:00+02:00,2025,-3.0,-3.0,-3.0
2026-04-27 11:00:00+02:00,2025-04-27 11:00:00+02:00,2025,-33.88,-33.88,-33.88
2026-04-27 12:00:00+02:00,2025-04-27 12:00:00+02:00,2025,-101.04,-101.04,-101.04
2026-04-27 13:00:00+02:00,2025-04-27 13:00:00+02:00,2025,-129.81,-129.81,-129.81
2026-04-27 14:00:00+02:00,2025-04-27 14:00:00+02:00,2025,-116.61,-116.61,-116.61
2026-04-27 15:00:00+02:00,2025-04-27 15:00:00+02:00,2025,-50.0,-50.0,-50.0
2026-04-27 16:00:00+02:00,2025-04-27 16:00:00+02:00,2025,-5.17,-5.17,-5.17
2026-04-27 17:00:00+02:00,2025-04-27 17:00:00+02:00,2025,18.35,18.35,18.35
2026-04-27 18:00:00+02:00,2025-04-27 18:00:00+02:00,2025,91.98,91.98,91.98
2026-04-27 19:00:00+02:00,2025-04-27 19:00:00+02:00,2025,110.83,110.83,110.83
2026-04-27 20:00:00+02:00,2025-04-27 20:00:00+02:00,2025,124.23,124.23,124.23
2026-04-27 21:00:00+02:00,2025-04-27 21:00:00+02:00,2025,109.24,109.24,109.24
2026-04-27 22:00:00+02:00,2025-04-27 22:00:00+02:00,2025,99.0,99.0,99.0
2026-04-27 23:00:00+02:00,2025-04-27 23:00:00+02:00,2025,93.77,93.77,93.77
2026-04-28 00:00:00+02:00,2025-04-28 00:00:00+02:00,2025,92.24,92.24,92.24
2026-04-28 01:00:00+02:00,2025-04-28 01:00:00+02:00,2025,86.49,86.49,86.49
2026-04-28 02:00:00+02:00,2025-04-28 02:00:00+02:00,2025,83.1,83.1,83.1
2026-04-28 03:00:00+02:00,2025-04-28 03:00:00+02:00,2025,85.41,85.41,85.41
2026-04-28 04:00:00+02:00,2025-04-28 04:00:00+02:00,2025,91.19,91.19,91.19
2026-04-28 05:00:00+02:00,2025-04-28 05:00:00+02:00,2025,99.49,99.49,99.49
2026-04-28 06:00:00+02:00,2025-04-28 06:00:00+02:00,2025,140.0,140.0,140.0
2026-04-28 07:00:00+02:00,2025-04-28 07:00:00+02:00,2025,131.09,131.09,131.09
2026-04-28 08:00:00+02:00,2025-04-28 08:00:00+02:00,2025,96.85,96.85,96.85
2026-04-28 09:00:00+02:00,2025-04-28 09:00:00+02:00,2025,67.37,67.37,67.37
2026-04-28 10:00:00+02:00,2025-04-28 10:00:00+02:00,2025,10.03,10.03,10.03
2026-04-28 11:00:00+02:00,2025-04-28 11:00:00+02:00,2025,-0.01,-0.01,-0.01
2026-04-28 12:00:00+02:00,2025-04-28 12:00:00+02:00,2025,-4.02,-4.02,-4.02
2026-04-28 13:00:00+02:00,2025-04-28 13:00:00+02:00,2025,-5.9,-5.9,-5.9
2026-04-28 14:00:00+02:00,2025-04-28 14:00:00+02:00,2025,-6.18,-6.18,-6.18
2026-04-28 15:00:00+02:00,2025-04-28 15:00:00+02:00,2025,-1.54,-1.54,-1.54
2026-04-28 16:00:00+02:00,2025-04-28 16:00:00+02:00,2025,2.01,2.01,2.01
2026-04-28 17:00:00+02:00,2025-04-28 17:00:00+02:00,2025,71.83,71.83,71.83
2026-04-28 18:00:00+02:00,2025-04-28 18:00:00+02:00,2025,101.92,101.92,101.92
2026-04-28 19:00:00+02:00,2025-04-28 19:00:00+02:00,2025,149.9,149.9,149.9
2026-04-28 20:00:00+02:00,2025-04-28 20:00:00+02:00,2025,194.81,194.81,194.81
2026-04-28 21:00:00+02:00,2025-04-28 21:00:00+02:00,2025,128.83,128.83,128.83
2026-04-28 22:00:00+02:00,2025-04-28 22:00:00+02:00,2025,106.24,106.24,106.24
2026-04-28 23:00:00+02:00,2025-04-28 23:00:00+02:00,2025,96.83,96.83,96.83
2026-04-29 00:00:00+02:00,2025-04-29 00:00:00+02:00,2025,90.64,90.64,90.64
2026-04-29 01:00:00+02:00,2025-04-29 01:00:00+02:00,2025,86.86,86.86,86.86
2026-04-29 02:00:00+02:00,2025-04-29 02:00:00+02:00,2025,81.76,81.76,81.76
2026-04-29 03:00:00+02:00,2025-04-29 03:00:00+02:00,2025,79.17,79.17,79.17
2026-04-29 04:00:00+02:00,2025-04-29 04:00:00+02:00,2025,80.03,80.03,80.03
2026-04-29 05:00:00+02:00,2025-04-29 05:00:00+02:00,2025,90.57,90.57,90.57
2026-04-29 06:00:00+02:00,2025-04-29 06:00:00+02:00,2025,107.0,107.0,107.0
2026-04-29 07:00:00+02:00,2025-04-29 07:00:00+02:00,2025,113.13,113.13,113.13
2026-04-29 08:00:00+02:00,2025-04-29 08:00:00+02:00,2025,99.98,99.98,99.98
2026-04-29 09:00:00+02:00,2025-04-29 09:00:00+02:00,2025,78.0,78.0,78.0
2026-04-29 10:00:00+02:00,2025-04-29 10:00:00+02:00,2025,9.31,9.31,9.31
2026-04-29 11:00:00+02:00,2025-04-29 11:00:00+02:00,2025,0.0,0.0,0.0
2026-04-29 12:00:00+02:00,2025-04-29 12:00:00+02:00,2025,-0.76,-0.76,-0.76
2026-04-29 13:00:00+02:00,2025-04-29 13:00:00+02:00,2025,-1.9,-1.9,-1.9
2026-04-29 14:00:00+02:00,2025-04-29 14:00:00+02:00,2025,-1.67,-1.67,-1.67
2026-04-29 15:00:00+02:00,2025-04-29 15:00:00+02:00,2025,-0.01,-0.01,-0.01
2026-04-29 16:00:00+02:00,2025-04-29 16:00:00+02:00,2025,14.82,14.82,14.82
2026-04-29 17:00:00+02:00,2025-04-29 17:00:00+02:00,2025,77.6,77.6,77.6
2026-04-29 18:00:00+02:00,2025-04-29 18:00:00+02:00,2025,102.0,102.0,102.0
2026-04-29 19:00:00+02:00,2025-04-29 19:00:00+02:00,2025,139.83,139.83,139.83
2026-04-29 20:00:00+02:00,2025-04-29 20:00:00+02:00,2025,174.75,174.75,174.75
2026-04-29 21:00:00+02:00,2025-04-29 21:00:00+02:00,2025,129.11,129.11,129.11
2026-04-29 22:00:00+02:00,2025-04-29 22:00:00+02:00,2025,108.83,108.83,108.83
2026-04-29 23:00:00+02:00,2025-04-29 23:00:00+02:00,2025,97.82,97.82,97.82
2026-04-30 00:00:00+02:00,2025-04-30 00:00:00+02:00,2025,95.0,95.0,95.0
2026-04-30 01:00:00+02:00,2025-04-30 01:00:00+02:00,2025,90.0,90.0,90.0
2026-04-30 02:00:00+02:00,2025-04-30 02:00:00+02:00,2025,87.59,87.59,87.59
2026-04-30 03:00:00+02:00,2025-04-30 03:00:00+02:00,2025,88.25,88.25,88.25
2026-04-30 04:00:00+02:00,2025-04-30 04:00:00+02:00,2025,91.4,91.4,91.4
2026-04-30 05:00:00+02:00,2025-04-30 05:00:00+02:00,2025,95.83,95.83,95.83
2026-04-30 06:00:00+02:00,2025-04-30 06:00:00+02:00,2025,115.27,115.27,115.27
2026-04-30 07:00:00+02:00,2025-04-30 07:00:00+02:00,2025,120.3,120.3,120.3
2026-04-30 08:00:00+02:00,2025-04-30 08:00:00+02:00,2025,99.9,99.9,99.9
2026-04-30 09:00:00+02:00,2025-04-30 09:00:00+02:00,2025,76.7,76.7,76.7
2026-04-30 10:00:00+02:00,2025-04-30 10:00:00+02:00,2025,7.08,7.08,7.08
2026-04-30 11:00:00+02:00,2025-04-30 11:00:00+02:00,2025,0.0,0.0,0.0
2026-04-30 12:00:00+02:00,2025-04-30 12:00:00+02:00,2025,-1.0,-1.0,-1.0
2026-04-30 13:00:00+02:00,2025-04-30 13:00:00+02:00,2025,-6.21,-6.21,-6.21
2026-04-30 14:00:00+02:00,2025-04-30 14:00:00+02:00,2025,-3.0,-3.0,-3.0
2026-04-30 15:00:00+02:00,2025-04-30 15:00:00+02:00,2025,-0.02,-0.02,-0.02
2026-04-30 16:00:00+02:00,2025-04-30 16:00:00+02:00,2025,19.91,19.91,19.91
2026-04-30 17:00:00+02:00,2025-04-30 17:00:00+02:00,2025,78.39,78.39,78.39
2026-04-30 18:00:00+02:00,2025-04-30 18:00:00+02:00,2025,101.8,101.8,101.8
2026-04-30 19:00:00+02:00,2025-04-30 19:00:00+02:00,2025,130.37,130.37,130.37
2026-04-30 20:00:00+02:00,2025-04-30 20:00:00+02:00,2025,176.43,176.43,176.43
2026-04-30 21:00:00+02:00,2025-04-30 21:00:00+02:00,2025,128.0,128.0,128.0
2026-04-30 22:00:00+02:00,2025-04-30 22:00:00+02:00,2025,108.33,108.33,108.33
2026-04-30 23:00:00+02:00,2025-04-30 23:00:00+02:00,2025,98.68,98.68,98.68
2026-05-01 00:00:00+02:00,2025-05-01 00:00:00+02:00,2025,97.51,97.51,97.51
2026-05-01 01:00:00+02:00,2025-05-01 01:00:00+02:00,2025,91.78,91.78,91.78
2026-05-01 02:00:00+02:00,2025-05-01 02:00:00+02:00,2025,90.46,90.46,90.46
2026-05-01 03:00:00+02:00,2025-05-01 03:00:00+02:00,2025,90.63,90.63,90.63
2026-05-01 04:00:00+02:00,2025-05-01 04:00:00+02:00,2025,90.5,90.5,90.5
2026-05-01 05:00:00+02:00,2025-05-01 05:00:00+02:00,2025,84.16,84.16,84.16
2026-05-01 06:00:00+02:00,2025-05-01 06:00:00+02:00,2025,83.94,83.94,83.94
2026-05-01 07:00:00+02:00,2025-05-01 07:00:00+02:00,2025,78.04,78.04,78.04
2026-05-01 08:00:00+02:00,2025-05-01 08:00:00+02:00,2025,62.1,62.1,62.1
2026-05-01 09:00:00+02:00,2025-05-01 09:00:00+02:00,2025,0.0,0.0,0.0
2026-05-01 10:00:00+02:00,2025-05-01 10:00:00+02:00,2025,-3.0,-3.0,-3.0
2026-05-01 11:00:00+02:00,2025-05-01 11:00:00+02:00,2025,-40.1,-40.1,-40.1
2026-05-01 12:00:00+02:00,2025-05-01 12:00:00+02:00,2025,-85.01,-85.01,-85.01
2026-05-01 13:00:00+02:00,2025-05-01 13:00:00+02:00,2025,-129.99,-129.99,-129.99
2026-05-01 14:00:00+02:00,2025-05-01 14:00:00+02:00,2025,-118.11,-118.11,-118.11
2026-05-01 15:00:00+02:00,2025-05-01 15:00:00+02:00,2025,-49.99,-49.99,-49.99
2026-05-01 16:00:00+02:00,2025-05-01 16:00:00+02:00,2025,-5.17,-5.17,-5.17
2026-05-01 17:00:00+02:00,2025-05-01 17:00:00+02:00,2025,40.77,40.77,40.77
2026-05-01 18:00:00+02:00,2025-05-01 18:00:00+02:00,2025,96.14,96.14,96.14
2026-05-01 19:00:00+02:00,2025-05-01 19:00:00+02:00,2025,129.87,129.87,129.87
2026-05-01 20:00:00+02:00,2025-05-01 20:00:00+02:00,2025,164.38,164.38,164.38
2026-05-01 21:00:00+02:00,2025-05-01 21:00:00+02:00,2025,122.45,122.45,122.45
2026-05-01 22:00:00+02:00,2025-05-01 22:00:00+02:00,2025,100.73,100.73,100.73
2026-05-01 23:00:00+02:00,2025-05-01 23:00:00+02:00,2025,87.1,87.1,87.1
2026-05-02 00:00:00+02:00,2025-05-02 00:00:00+02:00,2025,89.92,89.92,89.92
2026-05-02 01:00:00+02:00,2025-05-02 01:00:00+02:00,2025,77.12,77.12,77.12
2026-05-02 02:00:00+02:00,2025-05-02 02:00:00+02:00,2025,66.9,66.9,66.9
2026-05-02 03:00:00+02:00,2025-05-02 03:00:00+02:00,2025,63.91,63.91,63.91
2026-05-02 04:00:00+02:00,2025-05-02 04:00:00+02:00,2025,66.0,66.0,66.0
2026-05-02 05:00:00+02:00,2025-05-02 05:00:00+02:00,2025,74.01,74.01,74.01
2026-05-02 06:00:00+02:00,2025-05-02 06:00:00+02:00,2025,86.83,86.83,86.83
2026-05-02 07:00:00+02:00,2025-05-02 07:00:00+02:00,2025,88.55,88.55,88.55
2026-05-02 08:00:00+02:00,2025-05-02 08:00:00+02:00,2025,84.9,84.9,84.9
2026-05-02 09:00:00+02:00,2025-05-02 09:00:00+02:00,2025,55.0,55.0,55.0
2026-05-02 10:00:00+02:00,2025-05-02 10:00:00+02:00,2025,0.85,0.85,0.85
2026-05-02 11:00:00+02:00,2025-05-02 11:00:00+02:00,2025,-0.01,-0.01,-0.01
2026-05-02 12:00:00+02:00,2025-05-02 12:00:00+02:00,2025,-0.8,-0.8,-0.8
2026-05-02 13:00:00+02:00,2025-05-02 13:00:00+02:00,2025,-3.0,-3.0,-3.0
2026-05-02 14:00:00+02:00,2025-05-02 14:00:00+02:00,2025,-4.0,-4.0,-4.0
2026-05-02 15:00:00+02:00,2025-05-02 15:00:00+02:00,2025,-0.08,-0.08,-0.08
2026-05-02 16:00:00+02:00,2025-05-02 16:00:00+02:00,2025,0.3,0.3,0.3
2026-05-02 17:00:00+02:00,2025-05-02 17:00:00+02:00,2025,67.5,67.5,67.5
2026-05-02 18:00:00+02:00,2025-05-02 18:00:00+02:00,2025,99.9,99.9,99.9
2026-05-02 19:00:00+02:00,2025-05-02 19:00:00+02:00,2025,118.39,118.39,118.39
2026-05-02 20:00:00+02:00,2025-05-02 20:00:00+02:00,2025,150.4,150.4,150.4
2026-05-02 21:00:00+02:00,2025-05-02 21:00:00+02:00,2025,121.24,121.24,121.24
2026-05-02 22:00:00+02:00,2025-05-02 22:00:00+02:00,2025,106.72,106.72,106.72
2026-05-02 23:00:00+02:00,2025-05-02 23:00:00+02:00,2025,96.44,96.44,96.44
2026-05-03 00:00:00+02:00,2025-05-03 00:00:00+02:00,2025,97.81,97.81,97.81
2026-05-03 01:00:00+02:00,2025-05-03 01:00:00+02:00,2025,93.34,93.34,93.34
2026-05-03 02:00:00+02:00,2025-05-03 02:00:00+02:00,2025,92.2,92.2,92.2
2026-05-03 03:00:00+02:00,2025-05-03 03:00:00+02:00,2025,92.0,92.0,92.0
2026-05-03 04:00:00+02:00,2025-05-03 04:00:00+02:00,2025,91.23,91.23,91.23
2026-05-03 05:00:00+02:00,2025-05-03 05:00:00+02:00,2025,91.84,91.84,91.84
2026-05-03 06:00:00+02:00,2025-05-03 06:00:00+02:00,2025,92.86,92.86,92.86
2026-05-03 07:00:00+02:00,2025-05-03 07:00:00+02:00,2025,87.73,87.73,87.73
2026-05-03 08:00:00+02:00,2025-05-03 08:00:00+02:00,2025,79.9,79.9,79.9
2026-05-03 09:00:00+02:00,2025-05-03 09:00:00+02:00,2025,13.53,13.53,13.53
2026-05-03 10:00:00+02:00,2025-05-03 10:00:00+02:00,2025,0.01,0.01,0.01
2026-05-03 11:00:00+02:00,2025-05-03 11:00:00+02:00,2025,-0.01,-0.01,-0.01
2026-05-03 12:00:00+02:00,2025-05-03 12:00:00+02:00,2025,-1.16,-1.16,-1.16
2026-05-03 13:00:00+02:00,2025-05-03 13:00:00+02:00,2025,-3.04,-3.04,-3.04
2026-05-03 14:00:00+02:00,2025-05-03 14:00:00+02:00,2025,-2.69,-2.69,-2.69
2026-05-03 15:00:00+02:00,2025-05-03 15:00:00+02:00,2025,-0.03,-0.03,-0.03
2026-05-03 16:00:00+02:00,2025-05-03 16:00:00+02:00,2025,0.0,0.0,0.0
2026-05-03 17:00:00+02:00,2025-05-03 17:00:00+02:00,2025,28.87,28.87,28.87
2026-05-03 18:00:00+02:00,2025-05-03 18:00:00+02:00,2025,68.11,68.11,68.11
2026-05-03 19:00:00+02:00,2025-05-03 19:00:00+02:00,2025,77.54,77.54,77.54
2026-05-03 20:00:00+02:00,2025-05-03 20:00:00+02:00,2025,90.27,90.27,90.27
2026-05-03 21:00:00+02:00,2025-05-03 21:00:00+02:00,2025,87.02,87.02,87.02
2026-05-03 22:00:00+02:00,2025-05-03 22:00:00+02:00,2025,78.63,78.63,78.63
2026-05-03 23:00:00+02:00,2025-05-03 23:00:00+02:00,2025,65.91,65.91,65.91
2026-05-04 00:00:00+02:00,2025-05-04 00:00:00+02:00,2025,60.3,60.3,60.3
2026-05-04 01:00:00+02:00,2025-05-04 01:00:00+02:00,2025,44.9,44.9,44.9
2026-05-04 02:00:00+02:00,2025-05-04 02:00:00+02:00,2025,31.47,31.47,31.47
2026-05-04 03:00:00+02:00,2025-05-04 03:00:00+02:00,2025,20.39,20.39,20.39
2026-05-04 04:00:00+02:00,2025-05-04 04:00:00+02:00,2025,20.02,20.02,20.02
2026-05-04 05:00:00+02:00,2025-05-04 05:00:00+02:00,2025,15.58,15.58,15.58
2026-05-04 06:00:00+02:00,2025-05-04 06:00:00+02:00,2025,13.62,13.62,13.62
2026-05-04 07:00:00+02:00,2025-05-04 07:00:00+02:00,2025,7.83,7.83,7.83
2026-05-04 08:00:00+02:00,2025-05-04 08:00:00+02:00,2025,2.93,2.93,2.93
2026-05-04 09:00:00+02:00,2025-05-04 09:00:00+02:00,2025,0.0,0.0,0.0
2026-05-04 10:00:00+02:00,2025-05-04 10:00:00+02:00,2025,-0.01,-0.01,-0.01
2026-05-04 11:00:00+02:00,2025-05-04 11:00:00+02:00,2025,-0.01,-0.01,-0.01
2026-05-04 12:00:00+02:00,2025-05-04 12:00:00+02:00,2025,-0.02,-0.02,-0.02
2026-05-04 13:00:00+02:00,2025-05-04 13:00:00+02:00,2025,-2.0,-2.0,-2.0
2026-05-04 14:00:00+02:00,2025-05-04 14:00:00+02:00,2025,-5.01,-5.01,-5.01
2026-05-04 15:00:00+02:00,2025-05-04 15:00:00+02:00,2025,-1.59,-1.59,-1.59
2026-05-04 16:00:00+02:00,2025-05-04 16:00:00+02:00,2025,-0.01,-0.01,-0.01
2026-05-04 17:00:00+02:00,2025-05-04 17:00:00+02:00,2025,10.07,10.07,10.07
2026-05-04 18:00:00+02:00,2025-05-04 18:00:00+02:00,2025,80.08,80.08,80.08
2026-05-04 19:00:00+02:00,2025-05-04 19:00:00+02:00,2025,95.95,95.95,95.95
2026-05-04 20:00:00+02:00,2025-05-04 20:00:00+02:00,2025,109.0,109.0,109.0
2026-05-04 21:00:00+02:00,2025-05-04 21:00:00+02:00,2025,112.38,112.38,112.38
2026-05-04 22:00:00+02:00,2025-05-04 22:00:00+02:00,2025,101.79,101.79,101.79
2026-05-04 23:00:00+02:00,2025-05-04 23:00:00+02:00,2025,87.35,87.35,87.35
2026-05-05 00:00:00+02:00,2025-05-05 00:00:00+02:00,2025,75.18,75.18,75.18
2026-05-05 01:00:00+02:00,2025-05-05 01:00:00+02:00,2025,70.51,70.51,70.51
2026-05-05 02:00:00+02:00,2025-05-05 02:00:00+02:00,2025,72.25,72.25,72.25
2026-05-05 03:00:00+02:00,2025-05-05 03:00:00+02:00,2025,75.15,75.15,75.15
2026-05-05 04:00:00+02:00,2025-05-05 04:00:00+02:00,2025,74.98,74.98,74.98
2026-05-05 05:00:00+02:00,2025-05-05 05:00:00+02:00,2025,89.49,89.49,89.49
2026-05-05 06:00:00+02:00,2025-05-05 06:00:00+02:00,2025,110.92,110.92,110.92
2026-05-05 07:00:00+02:00,2025-05-05 07:00:00+02:00,2025,122.57,122.57,122.57
2026-05-05 08:00:00+02:00,2025-05-05 08:00:00+02:00,2025,106.69,106.69,106.69
2026-05-05 09:00:00+02:00,2025-05-05 09:00:00+02:00,2025,90.82,90.82,90.82
2026-05-05 10:00:00+02:00,2025-05-05 10:00:00+02:00,2025,80.0,80.0,80.0
2026-05-05 11:00:00+02:00,2025-05-05 11:00:00+02:00,2025,61.65,61.65,61.65
2026-05-05 12:00:00+02:00,2025-05-05 12:00:00+02:00,2025,53.83,53.83,53.83
2026-05-05 13:00:00+02:00,2025-05-05 13:00:00+02:00,2025,49.66,49.66,49.66
2026-05-05 14:00:00+02:00,2025-05-05 14:00:00+02:00,2025,59.3,59.3,59.3
2026-05-05 15:00:00+02:00,2025-05-05 15:00:00+02:00,2025,70.42,70.42,70.42
2026-05-05 16:00:00+02:00,2025-05-05 16:00:00+02:00,2025,78.88,78.88,78.88
2026-05-05 17:00:00+02:00,2025-05-05 17:00:00+02:00,2025,89.22,89.22,89.22
2026-05-05 18:00:00+02:00,2025-05-05 18:00:00+02:00,2025,100.1,100.1,100.1
2026-05-05 19:00:00+02:00,2025-05-05 19:00:00+02:00,2025,128.92,128.92,128.92
2026-05-05 20:00:00+02:00,2025-05-05 20:00:00+02:00,2025,128.0,128.0,128.0
2026-05-05 21:00:00+02:00,2025-05-05 21:00:00+02:00,2025,113.17,113.17,113.17
2026-05-05 22:00:00+02:00,2025-05-05 22:00:00+02:00,2025,101.52,101.52,101.52
2026-05-05 23:00:00+02:00,2025-05-05 23:00:00+02:00,2025,94.46,94.46,94.46
2026-05-06 00:00:00+02:00,2025-05-06 00:00:00+02:00,2025,87.22,87.22,87.22
2026-05-06 01:00:00+02:00,2025-05-06 01:00:00+02:00,2025,81.68,81.68,81.68
2026-05-06 02:00:00+02:00,2025-05-06 02:00:00+02:00,2025,81.29,81.29,81.29
2026-05-06 03:00:00+02:00,2025-05-06 03:00:00+02:00,2025,79.96,79.96,79.96
2026-05-06 04:00:00+02:00,2025-05-06 04:00:00+02:00,2025,82.39,82.39,82.39
2026-05-06 05:00:00+02:00,2025-05-06 05:00:00+02:00,2025,97.08,97.08,97.08
2026-05-06 06:00:00+02:00,2025-05-06 06:00:00+02:00,2025,114.57,114.57,114.57
2026-05-06 07:00:00+02:00,2025-05-06 07:00:00+02:00,2025,121.86,121.86,121.86
2026-05-06 08:00:00+02:00,2025-05-06 08:00:00+02:00,2025,108.37,108.37,108.37
2026-05-06 09:00:00+02:00,2025-05-06 09:00:00+02:00,2025,83.08,83.08,83.08
2026-05-06 10:00:00+02:00,2025-05-06 10:00:00+02:00,2025,72.27,72.27,72.27
2026-05-06 11:00:00+02:00,2025-05-06 11:00:00+02:00,2025,59.89,59.89,59.89
2026-05-06 12:00:00+02:00,2025-05-06 12:00:00+02:00,2025,42.81,42.81,42.81
2026-05-06 13:00:00+02:00,2025-05-06 13:00:00+02:00,2025,38.17,38.17,38.17
2026-05-06 14:00:00+02:00,2025-05-06 14:00:00+02:00,2025,45.44,45.44,45.44
2026-05-06 15:00:00+02:00,2025-05-06 15:00:00+02:00,2025,65.0,65.0,65.0
2026-05-06 16:00:00+02:00,2025-05-06 16:00:00+02:00,2025,73.73,73.73,73.73
2026-05-06 17:00:00+02:00,2025-05-06 17:00:00+02:00,2025,89.99,89.99,89.99
2026-05-06 18:00:00+02:00,2025-05-06 18:00:00+02:00,2025,106.89,106.89,106.89
2026-05-06 19:00:00+02:00,2025-05-06 19:00:00+02:00,2025,134.09,134.09,134.09
2026-05-06 20:00:00+02:00,2025-05-06 20:00:00+02:00,2025,161.18,161.18,161.18
2026-05-06 21:00:00+02:00,2025-05-06 21:00:00+02:00,2025,136.6,136.6,136.6
2026-05-06 22:00:00+02:00,2025-05-06 22:00:00+02:00,2025,118.28,118.28,118.28
2026-05-06 23:00:00+02:00,2025-05-06 23:00:00+02:00,2025,101.27,101.27,101.27
2026-05-07 00:00:00+02:00,2025-05-07 00:00:00+02:00,2025,92.67,92.67,92.67
2026-05-07 01:00:00+02:00,2025-05-07 01:00:00+02:00,2025,87.05,87.05,87.05
2026-05-07 02:00:00+02:00,2025-05-07 02:00:00+02:00,2025,85.63,85.63,85.63
2026-05-07 03:00:00+02:00,2025-05-07 03:00:00+02:00,2025,88.6,88.6,88.6
2026-05-07 04:00:00+02:00,2025-05-07 04:00:00+02:00,2025,95.16,95.16,95.16
2026-05-07 05:00:00+02:00,2025-05-07 05:00:00+02:00,2025,108.57,108.57,108.57
2026-05-07 06:00:00+02:00,2025-05-07 06:00:00+02:00,2025,131.68,131.68,131.68
2026-05-07 07:00:00+02:00,2025-05-07 07:00:00+02:00,2025,143.95,143.95,143.95
2026-05-07 08:00:00+02:00,2025-05-07 08:00:00+02:00,2025,125.0,125.0,125.0
2026-05-07 09:00:00+02:00,2025-05-07 09:00:00+02:00,2025,96.43,96.43,96.43
2026-05-07 10:00:00+02:00,2025-05-07 10:00:00+02:00,2025,82.41,82.41,82.41
2026-05-07 11:00:00+02:00,2025-05-07 11:00:00+02:00,2025,73.3,73.3,73.3
2026-05-07 12:00:00+02:00,2025-05-07 12:00:00+02:00,2025,64.43,64.43,64.43
2026-05-07 13:00:00+02:00,2025-05-07 13:00:00+02:00,2025,63.92,63.92,63.92
2026-05-07 14:00:00+02:00,2025-05-07 14:00:00+02:00,2025,68.04,68.04,68.04
2026-05-07 15:00:00+02:00,2025-05-07 15:00:00+02:00,2025,75.0,75.0,75.0
2026-05-07 16:00:00+02:00,2025-05-07 16:00:00+02:00,2025,81.8,81.8,81.8
2026-05-07 17:00:00+02:00,2025-05-07 17:00:00+02:00,2025,95.85,95.85,95.85
2026-05-07 18:00:00+02:00,2025-05-07 18:00:00+02:00,2025,108.49,108.49,108.49
2026-05-07 19:00:00+02:00,2025-05-07 19:00:00+02:00,2025,128.93,128.93,128.93
2026-05-07 20:00:00+02:00,2025-05-07 20:00:00+02:00,2025,147.15,147.15,147.15
2026-05-07 21:00:00+02:00,2025-05-07 21:00:00+02:00,2025,125.18,125.18,125.18
2026-05-07 22:00:00+02:00,2025-05-07 22:00:00+02:00,2025,108.49,108.49,108.49
2026-05-07 23:00:00+02:00,2025-05-07 23:00:00+02:00,2025,96.59,96.59,96.59
2026-05-08 00:00:00+02:00,2025-05-08 00:00:00+02:00,2025,95.86,95.86,95.86
2026-05-08 01:00:00+02:00,2025-05-08 01:00:00+02:00,2025,91.66,91.66,91.66
2026-05-08 02:00:00+02:00,2025-05-08 02:00:00+02:00,2025,91.51,91.51,91.51
2026-05-08 03:00:00+02:00,2025-05-08 03:00:00+02:00,2025,93.18,93.18,93.18
2026-05-08 04:00:00+02:00,2025-05-08 04:00:00+02:00,2025,96.09,96.09,96.09
2026-05-08 05:00:00+02:00,2025-05-08 05:00:00+02:00,2025,109.25,109.25,109.25
2026-05-08 06:00:00+02:00,2025-05-08 06:00:00+02:00,2025,124.27,124.27,124.27
2026-05-08 07:00:00+02:00,2025-05-08 07:00:00+02:00,2025,138.73,138.73,138.73
2026-05-08 08:00:00+02:00,2025-05-08 08:00:00+02:00,2025,124.11,124.11,124.11
2026-05-08 09:00:00+02:00,2025-05-08 09:00:00+02:00,2025,101.13,101.13,101.13
2026-05-08 10:00:00+02:00,2025-05-08 10:00:00+02:00,2025,87.81,87.81,87.81
2026-05-08 11:00:00+02:00,2025-05-08 11:00:00+02:00,2025,75.34,75.34,75.34
2026-05-08 12:00:00+02:00,2025-05-08 12:00:00+02:00,2025,64.25,64.25,64.25
2026-05-08 13:00:00+02:00,2025-05-08 13:00:00+02:00,2025,63.75,63.75,63.75
2026-05-08 14:00:00+02:00,2025-05-08 14:00:00+02:00,2025,70.05,70.05,70.05
2026-05-08 15:00:00+02:00,2025-05-08 15:00:00+02:00,2025,78.77,78.77,78.77
2026-05-08 16:00:00+02:00,2025-05-08 16:00:00+02:00,2025,85.3,85.3,85.3
2026-05-08 17:00:00+02:00,2025-05-08 17:00:00+02:00,2025,91.63,91.63,91.63
2026-05-08 18:00:00+02:00,2025-05-08 18:00:00+02:00,2025,109.09,109.09,109.09
2026-05-08 19:00:00+02:00,2025-05-08 19:00:00+02:00,2025,134.96,134.96,134.96
2026-05-08 20:00:00+02:00,2025-05-08 20:00:00+02:00,2025,185.08,185.08,185.08
2026-05-08 21:00:00+02:00,2025-05-08 21:00:00+02:00,2025,143.18,143.18,143.18
2026-05-08 22:00:00+02:00,2025-05-08 22:00:00+02:00,2025,114.77,114.77,114.77
2026-05-08 23:00:00+02:00,2025-05-08 23:00:00+02:00,2025,106.48,106.48,106.48
2026-05-09 00:00:00+02:00,2025-05-09 00:00:00+02:00,2025,102.27,102.27,102.27
2026-05-09 01:00:00+02:00,2025-05-09 01:00:00+02:00,2025,96.55,96.55,96.55
2026-05-09 02:00:00+02:00,2025-05-09 02:00:00+02:00,2025,93.76,93.76,93.76
2026-05-09 03:00:00+02:00,2025-05-09 03:00:00+02:00,2025,95.09,95.09,95.09
2026-05-09 04:00:00+02:00,2025-05-09 04:00:00+02:00,2025,100.28,100.28,100.28
2026-05-09 05:00:00+02:00,2025-05-09 05:00:00+02:00,2025,112.4,112.4,112.4
2026-05-09 06:00:00+02:00,2025-05-09 06:00:00+02:00,2025,141.0,141.0,141.0
2026-05-09 07:00:00+02:00,2025-05-09 07:00:00+02:00,2025,136.03,136.03,136.03
2026-05-09 08:00:00+02:00,2025-05-09 08:00:00+02:00,2025,100.61,100.61,100.61
2026-05-09 09:00:00+02:00,2025-05-09 09:00:00+02:00,2025,82.0,82.0,82.0
2026-05-09 10:00:00+02:00,2025-05-09 10:00:00+02:00,2025,51.6,51.6,51.6
2026-05-09 11:00:00+02:00,2025-05-09 11:00:00+02:00,2025,0.1,0.1,0.1
2026-05-09 12:00:00+02:00,2025-05-09 12:00:00+02:00,2025,-0.74,-0.74,-0.74
2026-05-09 13:00:00+02:00,2025-05-09 13:00:00+02:00,2025,-0.04,-0.04,-0.04
2026-05-09 14:00:00+02:00,2025-05-09 14:00:00+02:00,2025,-0.01,-0.01,-0.01
2026-05-09 15:00:00+02:00,2025-05-09 15:00:00+02:00,2025,0.09,0.09,0.09
2026-05-09 16:00:00+02:00,2025-05-09 16:00:00+02:00,2025,52.66,52.66,52.66
2026-05-09 17:00:00+02:00,2025-05-09 17:00:00+02:00,2025,79.06,79.06,79.06
2026-05-09 18:00:00+02:00,2025-05-09 18:00:00+02:00,2025,98.9,98.9,98.9
2026-05-09 19:00:00+02:00,2025-05-09 19:00:00+02:00,2025,120.0,120.0,120.0
2026-05-09 20:00:00+02:00,2025-05-09 20:00:00+02:00,2025,149.13,149.13,149.13
2026-05-09 21:00:00+02:00,2025-05-09 21:00:00+02:00,2025,130.35,130.35,130.35
2026-05-09 22:00:00+02:00,2025-05-09 22:00:00+02:00,2025,107.32,107.32,107.32
2026-05-09 23:00:00+02:00,2025-05-09 23:00:00+02:00,2025,98.32,98.32,98.32
2026-05-10 00:00:00+02:00,2025-05-10 00:00:00+02:00,2025,105.22,105.22,105.22
2026-05-10 01:00:00+02:00,2025-05-10 01:00:00+02:00,2025,102.91,102.91,102.91
2026-05-10 02:00:00+02:00,2025-05-10 02:00:00+02:00,2025,98.78,98.78,98.78
2026-05-10 03:00:00+02:00,2025-05-10 03:00:00+02:00,2025,96.28,96.28,96.28
2026-05-10 04:00:00+02:00,2025-05-10 04:00:00+02:00,2025,100.9,100.9,100.9
2026-05-10 05:00:00+02:00,2025-05-10 05:00:00+02:00,2025,100.47,100.47,100.47
2026-05-10 06:00:00+02:00,2025-05-10 06:00:00+02:00,2025,97.73,97.73,97.73
2026-05-10 07:00:00+02:00,2025-05-10 07:00:00+02:00,2025,93.91,93.91,93.91
2026-05-10 08:00:00+02:00,2025-05-10 08:00:00+02:00,2025,73.72,73.72,73.72
2026-05-10 09:00:00+02:00,2025-05-10 09:00:00+02:00,2025,9.02,9.02,9.02
2026-05-10 10:00:00+02:00,2025-05-10 10:00:00+02:00,2025,-0.07,-0.07,-0.07
2026-05-10 11:00:00+02:00,2025-05-10 11:00:00+02:00,2025,-22.88,-22.88,-22.88
2026-05-10 12:00:00+02:00,2025-05-10 12:00:00+02:00,2025,-58.48,-58.48,-58.48
2026-05-10 13:00:00+02:00,2025-05-10 13:00:00+02:00,2025,-114.53,-114.53,-114.53
2026-05-10 14:00:00+02:00,2025-05-10 14:00:00+02:00,2025,-110.51,-110.51,-110.51
2026-05-10 15:00:00+02:00,2025-05-10 15:00:00+02:00,2025,-49.52,-49.52,-49.52
2026-05-10 16:00:00+02:00,2025-05-10 16:00:00+02:00,2025,-5.94,-5.94,-5.94
2026-05-10 17:00:00+02:00,2025-05-10 17:00:00+02:00,2025,23.99,23.99,23.99
2026-05-10 18:00:00+02:00,2025-05-10 18:00:00+02:00,2025,95.27,95.27,95.27
2026-05-10 19:00:00+02:00,2025-05-10 19:00:00+02:00,2025,124.04,124.04,124.04
2026-05-10 20:00:00+02:00,2025-05-10 20:00:00+02:00,2025,163.2,163.2,163.2
2026-05-10 21:00:00+02:00,2025-05-10 21:00:00+02:00,2025,129.49,129.49,129.49
2026-05-10 22:00:00+02:00,2025-05-10 22:00:00+02:00,2025,107.72,107.72,107.72
2026-05-10 23:00:00+02:00,2025-05-10 23:00:00+02:00,2025,94.49,94.49,94.49
2026-05-11 00:00:00+02:00,2025-05-11 00:00:00+02:00,2025,97.8,97.8,97.8
2026-05-11 01:00:00+02:00,2025-05-11 01:00:00+02:00,2025,95.1,95.1,95.1
2026-05-11 02:00:00+02:00,2025-05-11 02:00:00+02:00,2025,94.51,94.51,94.51
2026-05-11 03:00:00+02:00,2025-05-11 03:00:00+02:00,2025,95.42,95.42,95.42
2026-05-11 04:00:00+02:00,2025-05-11 04:00:00+02:00,2025,95.39,95.39,95.39
2026-05-11 05:00:00+02:00,2025-05-11 05:00:00+02:00,2025,95.45,95.45,95.45
2026-05-11 06:00:00+02:00,2025-05-11 06:00:00+02:00,2025,87.61,87.61,87.61
2026-05-11 07:00:00+02:00,2025-05-11 07:00:00+02:00,2025,65.76,65.76,65.76
2026-05-11 08:00:00+02:00,2025-05-11 08:00:00+02:00,2025,4.96,4.96,4.96
2026-05-11 09:00:00+02:00,2025-05-11 09:00:00+02:00,2025,-0.1,-0.1,-0.1
2026-05-11 10:00:00+02:00,2025-05-11 10:00:00+02:00,2025,-12.02,-12.02,-12.02
2026-05-11 11:00:00+02:00,2025-05-11 11:00:00+02:00,2025,-51.95,-51.95,-51.95
2026-05-11 12:00:00+02:00,2025-05-11 12:00:00+02:00,2025,-212.82,-212.82,-212.82
2026-05-11 13:00:00+02:00,2025-05-11 13:00:00+02:00,2025,-250.32,-250.32,-250.32
2026-05-11 14:00:00+02:00,2025-05-11 14:00:00+02:00,2025,-230.98,-230.98,-230.98
2026-05-11 15:00:00+02:00,2025-05-11 15:00:00+02:00,2025,-110.06,-110.06,-110.06
2026-05-11 16:00:00+02:00,2025-05-11 16:00:00+02:00,2025,-18.52,-18.52,-18.52
2026-05-11 17:00:00+02:00,2025-05-11 17:00:00+02:00,2025,-0.08,-0.08,-0.08
2026-05-11 18:00:00+02:00,2025-05-11 18:00:00+02:00,2025,85.96,85.96,85.96
2026-05-11 19:00:00+02:00,2025-05-11 19:00:00+02:00,2025,117.11,117.11,117.11
2026-05-11 20:00:00+02:00,2025-05-11 20:00:00+02:00,2025,124.86,124.86,124.86
2026-05-11 21:00:00+02:00,2025-05-11 21:00:00+02:00,2025,109.55,109.55,109.55
2026-05-11 22:00:00+02:00,2025-05-11 22:00:00+02:00,2025,98.45,98.45,98.45
2026-05-11 23:00:00+02:00,2025-05-11 23:00:00+02:00,2025,84.68,84.68,84.68
2026-05-12 00:00:00+02:00,2025-05-12 00:00:00+02:00,2025,86.0,86.0,86.0
2026-05-12 01:00:00+02:00,2025-05-12 01:00:00+02:00,2025,81.28,81.28,81.28
2026-05-12 02:00:00+02:00,2025-05-12 02:00:00+02:00,2025,80.95,80.95,80.95
2026-05-12 03:00:00+02:00,2025-05-12 03:00:00+02:00,2025,81.48,81.48,81.48
2026-05-12 04:00:00+02:00,2025-05-12 04:00:00+02:00,2025,84.65,84.65,84.65
2026-05-12 05:00:00+02:00,2025-05-12 05:00:00+02:00,2025,97.71,97.71,97.71
2026-05-12 06:00:00+02:00,2025-05-12 06:00:00+02:00,2025,137.05,137.05,137.05
2026-05-12 07:00:00+02:00,2025-05-12 07:00:00+02:00,2025,141.15,141.15,141.15
2026-05-12 08:00:00+02:00,2025-05-12 08:00:00+02:00,2025,108.49,108.49,108.49
2026-05-12 09:00:00+02:00,2025-05-12 09:00:00+02:00,2025,69.74,69.74,69.74
2026-05-12 10:00:00+02:00,2025-05-12 10:00:00+02:00,2025,0.49,0.49,0.49
2026-05-12 11:00:00+02:00,2025-05-12 11:00:00+02:00,2025,-3.91,-3.91,-3.91
2026-05-12 12:00:00+02:00,2025-05-12 12:00:00+02:00,2025,-25.0,-25.0,-25.0
2026-05-12 13:00:00+02:00,2025-05-12 13:00:00+02:00,2025,-35.0,-35.0,-35.0
2026-05-12 14:00:00+02:00,2025-05-12 14:00:00+02:00,2025,-29.9,-29.9,-29.9
2026-05-12 15:00:00+02:00,2025-05-12 15:00:00+02:00,2025,-8.59,-8.59,-8.59
2026-05-12 16:00:00+02:00,2025-05-12 16:00:00+02:00,2025,-0.01,-0.01,-0.01
2026-05-12 17:00:00+02:00,2025-05-12 17:00:00+02:00,2025,72.58,72.58,72.58
2026-05-12 18:00:00+02:00,2025-05-12 18:00:00+02:00,2025,107.12,107.12,107.12
2026-05-12 19:00:00+02:00,2025-05-12 19:00:00+02:00,2025,141.41,141.41,141.41
2026-05-12 20:00:00+02:00,2025-05-12 20:00:00+02:00,2025,172.7,172.7,172.7
2026-05-12 21:00:00+02:00,2025-05-12 21:00:00+02:00,2025,117.25,117.25,117.25
2026-05-12 22:00:00+02:00,2025-05-12 22:00:00+02:00,2025,100.11,100.11,100.11
2026-05-12 23:00:00+02:00,2025-05-12 23:00:00+02:00,2025,92.97,92.97,92.97
2026-05-13 00:00:00+02:00,2025-05-13 00:00:00+02:00,2025,89.87,89.87,89.87
2026-05-13 01:00:00+02:00,2025-05-13 01:00:00+02:00,2025,88.55,88.55,88.55
2026-05-13 02:00:00+02:00,2025-05-13 02:00:00+02:00,2025,89.2,89.2,89.2
2026-05-13 03:00:00+02:00,2025-05-13 03:00:00+02:00,2025,93.94,93.94,93.94
2026-05-13 04:00:00+02:00,2025-05-13 04:00:00+02:00,2025,96.71,96.71,96.71
2026-05-13 05:00:00+02:00,2025-05-13 05:00:00+02:00,2025,104.0,104.0,104.0
2026-05-13 06:00:00+02:00,2025-05-13 06:00:00+02:00,2025,136.77,136.77,136.77
2026-05-13 07:00:00+02:00,2025-05-13 07:00:00+02:00,2025,128.33,128.33,128.33
2026-05-13 08:00:00+02:00,2025-05-13 08:00:00+02:00,2025,100.42,100.42,100.42
2026-05-13 09:00:00+02:00,2025-05-13 09:00:00+02:00,2025,79.36,79.36,79.36
2026-05-13 10:00:00+02:00,2025-05-13 10:00:00+02:00,2025,16.09,16.09,16.09
2026-05-13 11:00:00+02:00,2025-05-13 11:00:00+02:00,2025,-0.75,-0.75,-0.75
2026-05-13 12:00:00+02:00,2025-05-13 12:00:00+02:00,2025,-6.0,-6.0,-6.0
2026-05-13 13:00:00+02:00,2025-05-13 13:00:00+02:00,2025,-16.0,-16.0,-16.0
2026-05-13 14:00:00+02:00,2025-05-13 14:00:00+02:00,2025,-6.55,-6.55,-6.55
2026-05-13 15:00:00+02:00,2025-05-13 15:00:00+02:00,2025,-3.83,-3.83,-3.83
2026-05-13 16:00:00+02:00,2025-05-13 16:00:00+02:00,2025,0.55,0.55,0.55
2026-05-13 17:00:00+02:00,2025-05-13 17:00:00+02:00,2025,74.0,74.0,74.0
2026-05-13 18:00:00+02:00,2025-05-13 18:00:00+02:00,2025,105.23,105.23,105.23
2026-05-13 19:00:00+02:00,2025-05-13 19:00:00+02:00,2025,151.07,151.07,151.07
2026-05-13 20:00:00+02:00,2025-05-13 20:00:00+02:00,2025,223.58,223.58,223.58
2026-05-13 21:00:00+02:00,2025-05-13 21:00:00+02:00,2025,148.96,148.96,148.96
2026-05-13 22:00:00+02:00,2025-05-13 22:00:00+02:00,2025,111.97,111.97,111.97
2026-05-13 23:00:00+02:00,2025-05-13 23:00:00+02:00,2025,102.63,102.63,102.63
2026-05-14 00:00:00+02:00,2025-05-14 00:00:00+02:00,2025,102.78,102.78,102.78
2026-05-14 01:00:00+02:00,2025-05-14 01:00:00+02:00,2025,97.3,97.3,97.3
2026-05-14 02:00:00+02:00,2025-05-14 02:00:00+02:00,2025,95.41,95.41,95.41
2026-05-14 03:00:00+02:00,2025-05-14 03:00:00+02:00,2025,96.96,96.96,96.96
2026-05-14 04:00:00+02:00,2025-05-14 04:00:00+02:00,2025,98.56,98.56,98.56
2026-05-14 05:00:00+02:00,2025-05-14 05:00:00+02:00,2025,103.94,103.94,103.94
2026-05-14 06:00:00+02:00,2025-05-14 06:00:00+02:00,2025,128.58,128.58,128.58
2026-05-14 07:00:00+02:00,2025-05-14 07:00:00+02:00,2025,122.51,122.51,122.51
2026-05-14 08:00:00+02:00,2025-05-14 08:00:00+02:00,2025,99.56,99.56,99.56
2026-05-14 09:00:00+02:00,2025-05-14 09:00:00+02:00,2025,70.92,70.92,70.92
2026-05-14 10:00:00+02:00,2025-05-14 10:00:00+02:00,2025,0.2,0.2,0.2
2026-05-14 11:00:00+02:00,2025-05-14 11:00:00+02:00,2025,-1.67,-1.67,-1.67
2026-05-14 12:00:00+02:00,2025-05-14 12:00:00+02:00,2025,-18.16,-18.16,-18.16
2026-05-14 13:00:00+02:00,2025-05-14 13:00:00+02:00,2025,-29.91,-29.91,-29.91
2026-05-14 14:00:00+02:00,2025-05-14 14:00:00+02:00,2025,-31.82,-31.82,-31.82
2026-05-14 15:00:00+02:00,2025-05-14 15:00:00+02:00,2025,-12.79,-12.79,-12.79
2026-05-14 16:00:00+02:00,2025-05-14 16:00:00+02:00,2025,-1.33,-1.33,-1.33
2026-05-14 17:00:00+02:00,2025-05-14 17:00:00+02:00,2025,30.94,30.94,30.94
2026-05-14 18:00:00+02:00,2025-05-14 18:00:00+02:00,2025,91.6,91.6,91.6
2026-05-14 19:00:00+02:00,2025-05-14 19:00:00+02:00,2025,114.0,114.0,114.0
2026-05-14 20:00:00+02:00,2025-05-14 20:00:00+02:00,2025,158.45,158.45,158.45
2026-05-14 21:00:00+02:00,2025-05-14 21:00:00+02:00,2025,132.59,132.59,132.59
2026-05-14 22:00:00+02:00,2025-05-14 22:00:00+02:00,2025,109.08,109.08,109.08
2026-05-14 23:00:00+02:00,2025-05-14 23:00:00+02:00,2025,99.86,99.86,99.86
2026-05-15 00:00:00+02:00,2025-05-15 00:00:00+02:00,2025,98.06,98.06,98.06
2026-05-15 01:00:00+02:00,2025-05-15 01:00:00+02:00,2025,89.88,89.88,89.88
2026-05-15 02:00:00+02:00,2025-05-15 02:00:00+02:00,2025,87.8,87.8,87.8
2026-05-15 03:00:00+02:00,2025-05-15 03:00:00+02:00,2025,87.63,87.63,87.63
2026-05-15 04:00:00+02:00,2025-05-15 04:00:00+02:00,2025,90.28,90.28,90.28
2026-05-15 05:00:00+02:00,2025-05-15 05:00:00+02:00,2025,98.94,98.94,98.94
2026-05-15 06:00:00+02:00,2025-05-15 06:00:00+02:00,2025,119.9,119.9,119.9
2026-05-15 07:00:00+02:00,2025-05-15 07:00:00+02:00,2025,119.91,119.91,119.91
2026-05-15 08:00:00+02:00,2025-05-15 08:00:00+02:00,2025,102.06,102.06,102.06
2026-05-15 09:00:00+02:00,2025-05-15 09:00:00+02:00,2025,75.65,75.65,75.65
2026-05-15 10:00:00+02:00,2025-05-15 10:00:00+02:00,2025,4.58,4.58,4.58
2026-05-15 11:00:00+02:00,2025-05-15 11:00:00+02:00,2025,-0.08,-0.08,-0.08
2026-05-15 12:00:00+02:00,2025-05-15 12:00:00+02:00,2025,-4.97,-4.97,-4.97
2026-05-15 13:00:00+02:00,2025-05-15 13:00:00+02:00,2025,-14.76,-14.76,-14.76
2026-05-15 14:00:00+02:00,2025-05-15 14:00:00+02:00,2025,-14.25,-14.25,-14.25
2026-05-15 15:00:00+02:00,2025-05-15 15:00:00+02:00,2025,-6.62,-6.62,-6.62
2026-05-15 16:00:00+02:00,2025-05-15 16:00:00+02:00,2025,-0.6,-0.6,-0.6
2026-05-15 17:00:00+02:00,2025-05-15 17:00:00+02:00,2025,3.83,3.83,3.83
2026-05-15 18:00:00+02:00,2025-05-15 18:00:00+02:00,2025,76.11,76.11,76.11
2026-05-15 19:00:00+02:00,2025-05-15 19:00:00+02:00,2025,108.97,108.97,108.97
2026-05-15 20:00:00+02:00,2025-05-15 20:00:00+02:00,2025,130.74,130.74,130.74
2026-05-15 21:00:00+02:00,2025-05-15 21:00:00+02:00,2025,125.13,125.13,125.13
2026-05-15 22:00:00+02:00,2025-05-15 22:00:00+02:00,2025,110.49,110.49,110.49
2026-05-15 23:00:00+02:00,2025-05-15 23:00:00+02:00,2025,101.0,101.0,101.0
2026-05-16 00:00:00+02:00,2025-05-16 00:00:00+02:00,2025,94.5,94.5,94.5
2026-05-16 01:00:00+02:00,2025-05-16 01:00:00+02:00,2025,88.47,88.47,88.47
2026-05-16 02:00:00+02:00,2025-05-16 02:00:00+02:00,2025,84.91,84.91,84.91
2026-05-16 03:00:00+02:00,2025-05-16 03:00:00+02:00,2025,85.0,85.0,85.0
2026-05-16 04:00:00+02:00,2025-05-16 04:00:00+02:00,2025,88.76,88.76,88.76
2026-05-16 05:00:00+02:00,2025-05-16 05:00:00+02:00,2025,98.26,98.26,98.26
2026-05-16 06:00:00+02:00,2025-05-16 06:00:00+02:00,2025,113.18,113.18,113.18
2026-05-16 07:00:00+02:00,2025-05-16 07:00:00+02:00,2025,117.6,117.6,117.6
2026-05-16 08:00:00+02:00,2025-05-16 08:00:00+02:00,2025,106.66,106.66,106.66
2026-05-16 09:00:00+02:00,2025-05-16 09:00:00+02:00,2025,78.99,78.99,78.99
2026-05-16 10:00:00+02:00,2025-05-16 10:00:00+02:00,2025,11.11,11.11,11.11
2026-05-16 11:00:00+02:00,2025-05-16 11:00:00+02:00,2025,-0.01,-0.01,-0.01
2026-05-16 12:00:00+02:00,2025-05-16 12:00:00+02:00,2025,-3.15,-3.15,-3.15
2026-05-16 13:00:00+02:00,2025-05-16 13:00:00+02:00,2025,-1.97,-1.97,-1.97
2026-05-16 14:00:00+02:00,2025-05-16 14:00:00+02:00,2025,-1.55,-1.55,-1.55
2026-05-16 15:00:00+02:00,2025-05-16 15:00:00+02:00,2025,-0.01,-0.01,-0.01
2026-05-16 16:00:00+02:00,2025-05-16 16:00:00+02:00,2025,2.98,2.98,2.98
2026-05-16 17:00:00+02:00,2025-05-16 17:00:00+02:00,2025,69.79,69.79,69.79
2026-05-16 18:00:00+02:00,2025-05-16 18:00:00+02:00,2025,100.05,100.05,100.05
2026-05-16 19:00:00+02:00,2025-05-16 19:00:00+02:00,2025,111.81,111.81,111.81
2026-05-16 20:00:00+02:00,2025-05-16 20:00:00+02:00,2025,154.91,154.91,154.91
2026-05-16 21:00:00+02:00,2025-05-16 21:00:00+02:00,2025,143.23,143.23,143.23
2026-05-16 22:00:00+02:00,2025-05-16 22:00:00+02:00,2025,116.08,116.08,116.08
2026-05-16 23:00:00+02:00,2025-05-16 23:00:00+02:00,2025,102.08,102.08,102.08
2026-05-17 00:00:00+02:00,2025-05-17 00:00:00+02:00,2025,93.0,93.0,93.0
2026-05-17 01:00:00+02:00,2025-05-17 01:00:00+02:00,2025,93.48,93.48,93.48
2026-05-17 02:00:00+02:00,2025-05-17 02:00:00+02:00,2025,88.93,88.93,88.93
2026-05-17 03:00:00+02:00,2025-05-17 03:00:00+02:00,2025,88.9,88.9,88.9
2026-05-17 04:00:00+02:00,2025-05-17 04:00:00+02:00,2025,89.89,89.89,89.89
2026-05-17 05:00:00+02:00,2025-05-17 05:00:00+02:00,2025,93.46,93.46,93.46
2026-05-17 06:00:00+02:00,2025-05-17 06:00:00+02:00,2025,91.56,91.56,91.56
2026-05-17 07:00:00+02:00,2025-05-17 07:00:00+02:00,2025,89.85,89.85,89.85
2026-05-17 08:00:00+02:00,2025-05-17 08:00:00+02:00,2025,59.11,59.11,59.11
2026-05-17 09:00:00+02:00,2025-05-17 09:00:00+02:00,2025,0.86,0.86,0.86
2026-05-17 10:00:00+02:00,2025-05-17 10:00:00+02:00,2025,-0.06,-0.06,-0.06
2026-05-17 11:00:00+02:00,2025-05-17 11:00:00+02:00,2025,-4.49,-4.49,-4.49
2026-05-17 12:00:00+02:00,2025-05-17 12:00:00+02:00,2025,-4.96,-4.96,-4.96
2026-05-17 13:00:00+02:00,2025-05-17 13:00:00+02:00,2025,-10.02,-10.02,-10.02
2026-05-17 14:00:00+02:00,2025-05-17 14:00:00+02:00,2025,-11.27,-11.27,-11.27
2026-05-17 15:00:00+02:00,2025-05-17 15:00:00+02:00,2025,-5.8,-5.8,-5.8
2026-05-17 16:00:00+02:00,2025-05-17 16:00:00+02:00,2025,-0.8,-0.8,-0.8
2026-05-17 17:00:00+02:00,2025-05-17 17:00:00+02:00,2025,5.01,5.01,5.01
2026-05-17 18:00:00+02:00,2025-05-17 18:00:00+02:00,2025,78.77,78.77,78.77
2026-05-17 19:00:00+02:00,2025-05-17 19:00:00+02:00,2025,99.64,99.64,99.64
2026-05-17 20:00:00+02:00,2025-05-17 20:00:00+02:00,2025,121.38,121.38,121.38
2026-05-17 21:00:00+02:00,2025-05-17 21:00:00+02:00,2025,130.21,130.21,130.21
2026-05-17 22:00:00+02:00,2025-05-17 22:00:00+02:00,2025,129.9,129.9,129.9
2026-05-17 23:00:00+02:00,2025-05-17 23:00:00+02:00,2025,111.6,111.6,111.6
2026-05-18 00:00:00+02:00,2025-05-18 00:00:00+02:00,2025,106.73,106.73,106.73
2026-05-18 01:00:00+02:00,2025-05-18 01:00:00+02:00,2025,101.49,101.49,101.49
2026-05-18 02:00:00+02:00,2025-05-18 02:00:00+02:00,2025,98.57,98.57,98.57
2026-05-18 03:00:00+02:00,2025-05-18 03:00:00+02:00,2025,97.4,97.4,97.4
2026-05-18 04:00:00+02:00,2025-05-18 04:00:00+02:00,2025,98.41,98.41,98.41
2026-05-18 05:00:00+02:00,2025-05-18 05:00:00+02:00,2025,97.98,97.98,97.98
2026-05-18 06:00:00+02:00,2025-05-18 06:00:00+02:00,2025,91.3,91.3,91.3
2026-05-18 07:00:00+02:00,2025-05-18 07:00:00+02:00,2025,87.16,87.16,87.16
2026-05-18 08:00:00+02:00,2025-05-18 08:00:00+02:00,2025,67.86,67.86,67.86
2026-05-18 09:00:00+02:00,2025-05-18 09:00:00+02:00,2025,10.1,10.1,10.1
2026-05-18 10:00:00+02:00,2025-05-18 10:00:00+02:00,2025,0.0,0.0,0.0
2026-05-18 11:00:00+02:00,2025-05-18 11:00:00+02:00,2025,-0.2,-0.2,-0.2
2026-05-18 12:00:00+02:00,2025-05-18 12:00:00+02:00,2025,-2.0,-2.0,-2.0
2026-05-18 13:00:00+02:00,2025-05-18 13:00:00+02:00,2025,-7.37,-7.37,-7.37
2026-05-18 14:00:00+02:00,2025-05-18 14:00:00+02:00,2025,-15.0,-15.0,-15.0
2026-05-18 15:00:00+02:00,2025-05-18 15:00:00+02:00,2025,-8.97,-8.97,-8.97
2026-05-18 16:00:00+02:00,2025-05-18 16:00:00+02:00,2025,-0.2,-0.2,-0.2
2026-05-18 17:00:00+02:00,2025-05-18 17:00:00+02:00,2025,9.67,9.67,9.67
2026-05-18 18:00:00+02:00,2025-05-18 18:00:00+02:00,2025,91.38,91.38,91.38
2026-05-18 19:00:00+02:00,2025-05-18 19:00:00+02:00,2025,108.4,108.4,108.4
2026-05-18 20:00:00+02:00,2025-05-18 20:00:00+02:00,2025,125.17,125.17,125.17
2026-05-18 21:00:00+02:00,2025-05-18 21:00:00+02:00,2025,130.47,130.47,130.47
2026-05-18 22:00:00+02:00,2025-05-18 22:00:00+02:00,2025,118.41,118.41,118.41
2026-05-18 23:00:00+02:00,2025-05-18 23:00:00+02:00,2025,103.62,103.62,103.62
2026-05-19 00:00:00+02:00,2025-05-19 00:00:00+02:00,2025,110.48,110.48,110.48
2026-05-19 01:00:00+02:00,2025-05-19 01:00:00+02:00,2025,102.62,102.62,102.62
2026-05-19 02:00:00+02:00,2025-05-19 02:00:00+02:00,2025,96.1,96.1,96.1
2026-05-19 03:00:00+02:00,2025-05-19 03:00:00+02:00,2025,92.95,92.95,92.95
2026-05-19 04:00:00+02:00,2025-05-19 04:00:00+02:00,2025,98.03,98.03,98.03
2026-05-19 05:00:00+02:00,2025-05-19 05:00:00+02:00,2025,109.39,109.39,109.39
2026-05-19 06:00:00+02:00,2025-05-19 06:00:00+02:00,2025,131.22,131.22,131.22
2026-05-19 07:00:00+02:00,2025-05-19 07:00:00+02:00,2025,137.22,137.22,137.22
2026-05-19 08:00:00+02:00,2025-05-19 08:00:00+02:00,2025,113.41,113.41,113.41
2026-05-19 09:00:00+02:00,2025-05-19 09:00:00+02:00,2025,93.69,93.69,93.69
2026-05-19 10:00:00+02:00,2025-05-19 10:00:00+02:00,2025,69.59,69.59,69.59
2026-05-19 11:00:00+02:00,2025-05-19 11:00:00+02:00,2025,28.56,28.56,28.56
2026-05-19 12:00:00+02:00,2025-05-19 12:00:00+02:00,2025,12.77,12.77,12.77
2026-05-19 13:00:00+02:00,2025-05-19 13:00:00+02:00,2025,5.0,5.0,5.0
2026-05-19 14:00:00+02:00,2025-05-19 14:00:00+02:00,2025,8.0,8.0,8.0
2026-05-19 15:00:00+02:00,2025-05-19 15:00:00+02:00,2025,28.15,28.15,28.15
2026-05-19 16:00:00+02:00,2025-05-19 16:00:00+02:00,2025,72.98,72.98,72.98
2026-05-19 17:00:00+02:00,2025-05-19 17:00:00+02:00,2025,97.09,97.09,97.09
2026-05-19 18:00:00+02:00,2025-05-19 18:00:00+02:00,2025,114.49,114.49,114.49
2026-05-19 19:00:00+02:00,2025-05-19 19:00:00+02:00,2025,148.45,148.45,148.45
2026-05-19 20:00:00+02:00,2025-05-19 20:00:00+02:00,2025,229.11,229.11,229.11
2026-05-19 21:00:00+02:00,2025-05-19 21:00:00+02:00,2025,154.86,154.86,154.86
2026-05-19 22:00:00+02:00,2025-05-19 22:00:00+02:00,2025,126.81,126.81,126.81
2026-05-19 23:00:00+02:00,2025-05-19 23:00:00+02:00,2025,111.88,111.88,111.88
2026-05-20 00:00:00+02:00,2025-05-20 00:00:00+02:00,2025,114.95,114.95,114.95
2026-05-20 01:00:00+02:00,2025-05-20 01:00:00+02:00,2025,106.03,106.03,106.03
2026-05-20 02:00:00+02:00,2025-05-20 02:00:00+02:00,2025,102.5,102.5,102.5
2026-05-20 03:00:00+02:00,2025-05-20 03:00:00+02:00,2025,104.04,104.04,104.04
2026-05-20 04:00:00+02:00,2025-05-20 04:00:00+02:00,2025,109.14,109.14,109.14
2026-05-20 05:00:00+02:00,2025-05-20 05:00:00+02:00,2025,118.96,118.96,118.96
2026-05-20 06:00:00+02:00,2025-05-20 06:00:00+02:00,2025,143.21,143.21,143.21
2026-05-20 07:00:00+02:00,2025-05-20 07:00:00+02:00,2025,130.81,130.81,130.81
2026-05-20 08:00:00+02:00,2025-05-20 08:00:00+02:00,2025,100.0,100.0,100.0
2026-05-20 09:00:00+02:00,2025-05-20 09:00:00+02:00,2025,85.2,85.2,85.2
2026-05-20 10:00:00+02:00,2025-05-20 10:00:00+02:00,2025,61.58,61.58,61.58
2026-05-20 11:00:00+02:00,2025-05-20 11:00:00+02:00,2025,15.95,15.95,15.95
2026-05-20 12:00:00+02:00,2025-05-20 12:00:00+02:00,2025,0.17,0.17,0.17
2026-05-20 13:00:00+02:00,2025-05-20 13:00:00+02:00,2025,0.01,0.01,0.01
2026-05-20 14:00:00+02:00,2025-05-20 14:00:00+02:00,2025,0.09,0.09,0.09
2026-05-20 15:00:00+02:00,2025-05-20 15:00:00+02:00,2025,7.61,7.61,7.61
2026-05-20 16:00:00+02:00,2025-05-20 16:00:00+02:00,2025,67.87,67.87,67.87
2026-05-20 17:00:00+02:00,2025-05-20 17:00:00+02:00,2025,97.15,97.15,97.15
2026-05-20 18:00:00+02:00,2025-05-20 18:00:00+02:00,2025,111.79,111.79,111.79
2026-05-20 19:00:00+02:00,2025-05-20 19:00:00+02:00,2025,141.23,141.23,141.23
2026-05-20 20:00:00+02:00,2025-05-20 20:00:00+02:00,2025,192.25,192.25,192.25
2026-05-20 21:00:00+02:00,2025-05-20 21:00:00+02:00,2025,148.97,148.97,148.97
2026-05-20 22:00:00+02:00,2025-05-20 22:00:00+02:00,2025,120.0,120.0,120.0
2026-05-20 23:00:00+02:00,2025-05-20 23:00:00+02:00,2025,107.93,107.93,107.93
2026-05-21 00:00:00+02:00,2025-05-21 00:00:00+02:00,2025,107.93,107.93,107.93
2026-05-21 01:00:00+02:00,2025-05-21 01:00:00+02:00,2025,102.33,102.33,102.33
2026-05-21 02:00:00+02:00,2025-05-21 02:00:00+02:00,2025,97.9,97.9,97.9
2026-05-21 03:00:00+02:00,2025-05-21 03:00:00+02:00,2025,94.9,94.9,94.9
2026-05-21 04:00:00+02:00,2025-05-21 04:00:00+02:00,2025,93.7,93.7,93.7
2026-05-21 05:00:00+02:00,2025-05-21 05:00:00+02:00,2025,102.49,102.49,102.49
2026-05-21 06:00:00+02:00,2025-05-21 06:00:00+02:00,2025,112.48,112.48,112.48
2026-05-21 07:00:00+02:00,2025-05-21 07:00:00+02:00,2025,116.54,116.54,116.54
2026-05-21 08:00:00+02:00,2025-05-21 08:00:00+02:00,2025,107.82,107.82,107.82
2026-05-21 09:00:00+02:00,2025-05-21 09:00:00+02:00,2025,84.82,84.82,84.82
2026-05-21 10:00:00+02:00,2025-05-21 10:00:00+02:00,2025,42.22,42.22,42.22
2026-05-21 11:00:00+02:00,2025-05-21 11:00:00+02:00,2025,0.15,0.15,0.15
2026-05-21 12:00:00+02:00,2025-05-21 12:00:00+02:00,2025,-0.1,-0.1,-0.1
2026-05-21 13:00:00+02:00,2025-05-21 13:00:00+02:00,2025,-2.2,-2.2,-2.2
2026-05-21 14:00:00+02:00,2025-05-21 14:00:00+02:00,2025,-1.53,-1.53,-1.53
2026-05-21 15:00:00+02:00,2025-05-21 15:00:00+02:00,2025,-0.01,-0.01,-0.01
2026-05-21 16:00:00+02:00,2025-05-21 16:00:00+02:00,2025,2.06,2.06,2.06
2026-05-21 17:00:00+02:00,2025-05-21 17:00:00+02:00,2025,49.08,49.08,49.08
2026-05-21 18:00:00+02:00,2025-05-21 18:00:00+02:00,2025,86.32,86.32,86.32
2026-05-21 19:00:00+02:00,2025-05-21 19:00:00+02:00,2025,100.1,100.1,100.1
2026-05-21 20:00:00+02:00,2025-05-21 20:00:00+02:00,2025,114.35,114.35,114.35
2026-05-21 21:00:00+02:00,2025-05-21 21:00:00+02:00,2025,110.27,110.27,110.27
2026-05-21 22:00:00+02:00,2025-05-21 22:00:00+02:00,2025,100.72,100.72,100.72
2026-05-21 23:00:00+02:00,2025-05-21 23:00:00+02:00,2025,90.0,90.0,90.0
2026-05-22 00:00:00+02:00,2025-05-22 00:00:00+02:00,2025,98.54,98.54,98.54
2026-05-22 01:00:00+02:00,2025-05-22 01:00:00+02:00,2025,88.28,88.28,88.28
2026-05-22 02:00:00+02:00,2025-05-22 02:00:00+02:00,2025,83.65,83.65,83.65
2026-05-22 03:00:00+02:00,2025-05-22 03:00:00+02:00,2025,81.5,81.5,81.5
2026-05-22 04:00:00+02:00,2025-05-22 04:00:00+02:00,2025,83.34,83.34,83.34
2026-05-22 05:00:00+02:00,2025-05-22 05:00:00+02:00,2025,90.0,90.0,90.0
2026-05-22 06:00:00+02:00,2025-05-22 06:00:00+02:00,2025,107.67,107.67,107.67
2026-05-22 07:00:00+02:00,2025-05-22 07:00:00+02:00,2025,106.01,106.01,106.01
2026-05-22 08:00:00+02:00,2025-05-22 08:00:00+02:00,2025,98.16,98.16,98.16
2026-05-22 09:00:00+02:00,2025-05-22 09:00:00+02:00,2025,54.54,54.54,54.54
2026-05-22 10:00:00+02:00,2025-05-22 10:00:00+02:00,2025,1.66,1.66,1.66
2026-05-22 11:00:00+02:00,2025-05-22 11:00:00+02:00,2025,0.01,0.01,0.01
2026-05-22 12:00:00+02:00,2025-05-22 12:00:00+02:00,2025,-1.91,-1.91,-1.91
2026-05-22 13:00:00+02:00,2025-05-22 13:00:00+02:00,2025,-12.77,-12.77,-12.77
2026-05-22 14:00:00+02:00,2025-05-22 14:00:00+02:00,2025,-15.4,-15.4,-15.4
2026-05-22 15:00:00+02:00,2025-05-22 15:00:00+02:00,2025,-10.9,-10.9,-10.9
2026-05-22 16:00:00+02:00,2025-05-22 16:00:00+02:00,2025,-2.99,-2.99,-2.99
2026-05-22 17:00:00+02:00,2025-05-22 17:00:00+02:00,2025,-0.01,-0.01,-0.01
2026-05-22 18:00:00+02:00,2025-05-22 18:00:00+02:00,2025,50.0,50.0,50.0
2026-05-22 19:00:00+02:00,2025-05-22 19:00:00+02:00,2025,106.84,106.84,106.84
2026-05-22 20:00:00+02:00,2025-05-22 20:00:00+02:00,2025,115.0,115.0,115.0
2026-05-22 21:00:00+02:00,2025-05-22 21:00:00+02:00,2025,127.25,127.25,127.25
2026-05-22 22:00:00+02:00,2025-05-22 22:00:00+02:00,2025,117.48,117.48,117.48
2026-05-22 23:00:00+02:00,2025-05-22 23:00:00+02:00,2025,103.23,103.23,103.23
2026-05-23 00:00:00+02:00,2025-05-23 00:00:00+02:00,2025,101.1,101.1,101.1
2026-05-23 01:00:00+02:00,2025-05-23 01:00:00+02:00,2025,93.16,93.16,93.16
2026-05-23 02:00:00+02:00,2025-05-23 02:00:00+02:00,2025,87.12,87.12,87.12
2026-05-23 03:00:00+02:00,2025-05-23 03:00:00+02:00,2025,86.56,86.56,86.56
2026-05-23 04:00:00+02:00,2025-05-23 04:00:00+02:00,2025,93.08,93.08,93.08
2026-05-23 05:00:00+02:00,2025-05-23 05:00:00+02:00,2025,106.82,106.82,106.82
2026-05-23 06:00:00+02:00,2025-05-23 06:00:00+02:00,2025,128.49,128.49,128.49
2026-05-23 07:00:00+02:00,2025-05-23 07:00:00+02:00,2025,132.8,132.8,132.8
2026-05-23 08:00:00+02:00,2025-05-23 08:00:00+02:00,2025,114.67,114.67,114.67
2026-05-23 09:00:00+02:00,2025-05-23 09:00:00+02:00,2025,85.9,85.9,85.9
2026-05-23 10:00:00+02:00,2025-05-23 10:00:00+02:00,2025,70.0,70.0,70.0
2026-05-23 11:00:00+02:00,2025-05-23 11:00:00+02:00,2025,54.05,54.05,54.05
2026-05-23 12:00:00+02:00,2025-05-23 12:00:00+02:00,2025,13.44,13.44,13.44
2026-05-23 13:00:00+02:00,2025-05-23 13:00:00+02:00,2025,0.62,0.62,0.62
2026-05-23 14:00:00+02:00,2025-05-23 14:00:00+02:00,2025,0.0,0.0,0.0
2026-05-23 15:00:00+02:00,2025-05-23 15:00:00+02:00,2025,0.0,0.0,0.0
2026-05-23 16:00:00+02:00,2025-05-23 16:00:00+02:00,2025,25.33,25.33,25.33
2026-05-23 17:00:00+02:00,2025-05-23 17:00:00+02:00,2025,71.91,71.91,71.91
2026-05-23 18:00:00+02:00,2025-05-23 18:00:00+02:00,2025,97.6,97.6,97.6
2026-05-23 19:00:00+02:00,2025-05-23 19:00:00+02:00,2025,114.36,114.36,114.36
2026-05-23 20:00:00+02:00,2025-05-23 20:00:00+02:00,2025,130.47,130.47,130.47
2026-05-23 21:00:00+02:00,2025-05-23 21:00:00+02:00,2025,139.29,139.29,139.29
2026-05-23 22:00:00+02:00,2025-05-23 22:00:00+02:00,2025,126.93,126.93,126.93
2026-05-23 23:00:00+02:00,2025-05-23 23:00:00+02:00,2025,108.0,108.0,108.0
2026-05-24 00:00:00+02:00,2025-05-24 00:00:00+02:00,2025,98.99,98.99,98.99
2026-05-24 01:00:00+02:00,2025-05-24 01:00:00+02:00,2025,94.76,94.76,94.76
2026-05-24 02:00:00+02:00,2025-05-24 02:00:00+02:00,2025,88.74,88.74,88.74
2026-05-24 03:00:00+02:00,2025-05-24 03:00:00+02:00,2025,84.22,84.22,84.22
2026-05-24 04:00:00+02:00,2025-05-24 04:00:00+02:00,2025,82.93,82.93,82.93
2026-05-24 05:00:00+02:00,2025-05-24 05:00:00+02:00,2025,80.71,80.71,80.71
2026-05-24 06:00:00+02:00,2025-05-24 06:00:00+02:00,2025,82.07,82.07,82.07
2026-05-24 07:00:00+02:00,2025-05-24 07:00:00+02:00,2025,76.9,76.9,76.9
2026-05-24 08:00:00+02:00,2025-05-24 08:00:00+02:00,2025,62.09,62.09,62.09
2026-05-24 09:00:00+02:00,2025-05-24 09:00:00+02:00,2025,12.26,12.26,12.26
2026-05-24 10:00:00+02:00,2025-05-24 10:00:00+02:00,2025,-0.01,-0.01,-0.01
2026-05-24 11:00:00+02:00,2025-05-24 11:00:00+02:00,2025,-0.11,-0.11,-0.11
2026-05-24 12:00:00+02:00,2025-05-24 12:00:00+02:00,2025,-0.15,-0.15,-0.15
2026-05-24 13:00:00+02:00,2025-05-24 13:00:00+02:00,2025,-0.19,-0.19,-0.19
2026-05-24 14:00:00+02:00,2025-05-24 14:00:00+02:00,2025,-0.39,-0.39,-0.39
2026-05-24 15:00:00+02:00,2025-05-24 15:00:00+02:00,2025,-1.77,-1.77,-1.77
2026-05-24 16:00:00+02:00,2025-05-24 16:00:00+02:00,2025,-0.39,-0.39,-0.39
2026-05-24 17:00:00+02:00,2025-05-24 17:00:00+02:00,2025,48.67,48.67,48.67
2026-05-24 18:00:00+02:00,2025-05-24 18:00:00+02:00,2025,85.34,85.34,85.34
2026-05-24 19:00:00+02:00,2025-05-24 19:00:00+02:00,2025,109.08,109.08,109.08
2026-05-24 20:00:00+02:00,2025-05-24 20:00:00+02:00,2025,111.0,111.0,111.0
2026-05-24 21:00:00+02:00,2025-05-24 21:00:00+02:00,2025,107.92,107.92,107.92
2026-05-24 22:00:00+02:00,2025-05-24 22:00:00+02:00,2025,92.06,92.06,92.06
2026-05-24 23:00:00+02:00,2025-05-24 23:00:00+02:00,2025,79.67,79.67,79.67
2026-05-25 00:00:00+02:00,2025-05-25 00:00:00+02:00,2025,23.82,23.82,23.82
2026-05-25 01:00:00+02:00,2025-05-25 01:00:00+02:00,2025,22.9,22.9,22.9
2026-05-25 02:00:00+02:00,2025-05-25 02:00:00+02:00,2025,14.39,14.39,14.39
2026-05-25 03:00:00+02:00,2025-05-25 03:00:00+02:00,2025,8.38,8.38,8.38
2026-05-25 04:00:00+02:00,2025-05-25 04:00:00+02:00,2025,3.9,3.9,3.9
2026-05-25 05:00:00+02:00,2025-05-25 05:00:00+02:00,2025,2.11,2.11,2.11
2026-05-25 06:00:00+02:00,2025-05-25 06:00:00+02:00,2025,1.17,1.17,1.17
2026-05-25 07:00:00+02:00,2025-05-25 07:00:00+02:00,2025,1.21,1.21,1.21
2026-05-25 08:00:00+02:00,2025-05-25 08:00:00+02:00,2025,0.03,0.03,0.03
2026-05-25 09:00:00+02:00,2025-05-25 09:00:00+02:00,2025,0.0,0.0,0.0
2026-05-25 10:00:00+02:00,2025-05-25 10:00:00+02:00,2025,-0.61,-0.61,-0.61
2026-05-25 11:00:00+02:00,2025-05-25 11:00:00+02:00,2025,-0.6,-0.6,-0.6
2026-05-25 12:00:00+02:00,2025-05-25 12:00:00+02:00,2025,-0.25,-0.25,-0.25
2026-05-25 13:00:00+02:00,2025-05-25 13:00:00+02:00,2025,-3.19,-3.19,-3.19
2026-05-25 14:00:00+02:00,2025-05-25 14:00:00+02:00,2025,-5.05,-5.05,-5.05
2026-05-25 15:00:00+02:00,2025-05-25 15:00:00+02:00,2025,-4.95,-4.95,-4.95
2026-05-25 16:00:00+02:00,2025-05-25 16:00:00+02:00,2025,-1.37,-1.37,-1.37
2026-05-25 17:00:00+02:00,2025-05-25 17:00:00+02:00,2025,0.0,0.0,0.0
2026-05-25 18:00:00+02:00,2025-05-25 18:00:00+02:00,2025,11.72,11.72,11.72
2026-05-25 19:00:00+02:00,2025-05-25 19:00:00+02:00,2025,92.95,92.95,92.95
2026-05-25 20:00:00+02:00,2025-05-25 20:00:00+02:00,2025,100.0,100.0,100.0
2026-05-25 21:00:00+02:00,2025-05-25 21:00:00+02:00,2025,107.41,107.41,107.41
2026-05-25 22:00:00+02:00,2025-05-25 22:00:00+02:00,2025,102.23,102.23,102.23
2026-05-25 23:00:00+02:00,2025-05-25 23:00:00+02:00,2025,92.92,92.92,92.92
2026-05-26 00:00:00+02:00,2025-05-26 00:00:00+02:00,2025,88.13,88.13,88.13
2026-05-26 01:00:00+02:00,2025-05-26 01:00:00+02:00,2025,79.12,79.12,79.12
2026-05-26 02:00:00+02:00,2025-05-26 02:00:00+02:00,2025,73.21,73.21,73.21
2026-05-26 03:00:00+02:00,2025-05-26 03:00:00+02:00,2025,71.83,71.83,71.83
2026-05-26 04:00:00+02:00,2025-05-26 04:00:00+02:00,2025,76.7,76.7,76.7
2026-05-26 05:00:00+02:00,2025-05-26 05:00:00+02:00,2025,85.48,85.48,85.48
2026-05-26 06:00:00+02:00,2025-05-26 06:00:00+02:00,2025,116.2,116.2,116.2
2026-05-26 07:00:00+02:00,2025-05-26 07:00:00+02:00,2025,143.17,143.17,143.17
2026-05-26 08:00:00+02:00,2025-05-26 08:00:00+02:00,2025,129.91,129.91,129.91
2026-05-26 09:00:00+02:00,2025-05-26 09:00:00+02:00,2025,91.41,91.41,91.41
2026-05-26 10:00:00+02:00,2025-05-26 10:00:00+02:00,2025,16.17,16.17,16.17
2026-05-26 11:00:00+02:00,2025-05-26 11:00:00+02:00,2025,0.05,0.05,0.05
2026-05-26 12:00:00+02:00,2025-05-26 12:00:00+02:00,2025,-0.42,-0.42,-0.42
2026-05-26 13:00:00+02:00,2025-05-26 13:00:00+02:00,2025,-1.45,-1.45,-1.45
2026-05-26 14:00:00+02:00,2025-05-26 14:00:00+02:00,2025,-1.18,-1.18,-1.18
2026-05-26 15:00:00+02:00,2025-05-26 15:00:00+02:00,2025,-0.82,-0.82,-0.82
2026-05-26 16:00:00+02:00,2025-05-26 16:00:00+02:00,2025,0.0,0.0,0.0
2026-05-26 17:00:00+02:00,2025-05-26 17:00:00+02:00,2025,17.65,17.65,17.65
2026-05-26 18:00:00+02:00,2025-05-26 18:00:00+02:00,2025,95.76,95.76,95.76
2026-05-26 19:00:00+02:00,2025-05-26 19:00:00+02:00,2025,119.33,119.33,119.33
2026-05-26 20:00:00+02:00,2025-05-26 20:00:00+02:00,2025,169.87,169.87,169.87
2026-05-26 21:00:00+02:00,2025-05-26 21:00:00+02:00,2025,161.57,161.57,161.57
2026-05-26 22:00:00+02:00,2025-05-26 22:00:00+02:00,2025,119.38,119.38,119.38
2026-05-26 23:00:00+02:00,2025-05-26 23:00:00+02:00,2025,98.86,98.86,98.86
2026-05-27 00:00:00+02:00,2025-05-27 00:00:00+02:00,2025,88.51,88.51,88.51
2026-05-27 01:00:00+02:00,2025-05-27 01:00:00+02:00,2025,73.92,73.92,73.92
2026-05-27 02:00:00+02:00,2025-05-27 02:00:00+02:00,2025,62.02,62.02,62.02
2026-05-27 03:00:00+02:00,2025-05-27 03:00:00+02:00,2025,61.98,61.98,61.98
2026-05-27 04:00:00+02:00,2025-05-27 04:00:00+02:00,2025,67.7,67.7,67.7
2026-05-27 05:00:00+02:00,2025-05-27 05:00:00+02:00,2025,62.2,62.2,62.2
2026-05-27 06:00:00+02:00,2025-05-27 06:00:00+02:00,2025,67.7,67.7,67.7
2026-05-27 07:00:00+02:00,2025-05-27 07:00:00+02:00,2025,73.9,73.9,73.9
2026-05-27 08:00:00+02:00,2025-05-27 08:00:00+02:00,2025,68.63,68.63,68.63
2026-05-27 09:00:00+02:00,2025-05-27 09:00:00+02:00,2025,50.17,50.17,50.17
2026-05-27 10:00:00+02:00,2025-05-27 10:00:00+02:00,2025,4.26,4.26,4.26
2026-05-27 11:00:00+02:00,2025-05-27 11:00:00+02:00,2025,3.19,3.19,3.19
2026-05-27 12:00:00+02:00,2025-05-27 12:00:00+02:00,2025,0.03,0.03,0.03
2026-05-27 13:00:00+02:00,2025-05-27 13:00:00+02:00,2025,0.02,0.02,0.02
2026-05-27 14:00:00+02:00,2025-05-27 14:00:00+02:00,2025,0.09,0.09,0.09
2026-05-27 15:00:00+02:00,2025-05-27 15:00:00+02:00,2025,3.14,3.14,3.14
2026-05-27 16:00:00+02:00,2025-05-27 16:00:00+02:00,2025,55.17,55.17,55.17
2026-05-27 17:00:00+02:00,2025-05-27 17:00:00+02:00,2025,84.55,84.55,84.55
2026-05-27 18:00:00+02:00,2025-05-27 18:00:00+02:00,2025,103.0,103.0,103.0
2026-05-27 19:00:00+02:00,2025-05-27 19:00:00+02:00,2025,122.64,122.64,122.64
2026-05-27 20:00:00+02:00,2025-05-27 20:00:00+02:00,2025,137.6,137.6,137.6
2026-05-27 21:00:00+02:00,2025-05-27 21:00:00+02:00,2025,111.16,111.16,111.16
2026-05-27 22:00:00+02:00,2025-05-27 22:00:00+02:00,2025,100.34,100.34,100.34
2026-05-27 23:00:00+02:00,2025-05-27 23:00:00+02:00,2025,82.41,82.41,82.41
2026-05-28 00:00:00+02:00,2025-05-28 00:00:00+02:00,2025,76.43,76.43,76.43
2026-05-28 01:00:00+02:00,2025-05-28 01:00:00+02:00,2025,69.01,69.01,69.01
2026-05-28 02:00:00+02:00,2025-05-28 02:00:00+02:00,2025,67.39,67.39,67.39
2026-05-28 03:00:00+02:00,2025-05-28 03:00:00+02:00,2025,61.01,61.01,61.01
2026-05-28 04:00:00+02:00,2025-05-28 04:00:00+02:00,2025,65.19,65.19,65.19
2026-05-28 05:00:00+02:00,2025-05-28 05:00:00+02:00,2025,72.52,72.52,72.52
2026-05-28 06:00:00+02:00,2025-05-28 06:00:00+02:00,2025,92.85,92.85,92.85
2026-05-28 07:00:00+02:00,2025-05-28 07:00:00+02:00,2025,100.09,100.09,100.09
2026-05-28 08:00:00+02:00,2025-05-28 08:00:00+02:00,2025,95.0,95.0,95.0
2026-05-28 09:00:00+02:00,2025-05-28 09:00:00+02:00,2025,90.0,90.0,90.0
2026-05-28 10:00:00+02:00,2025-05-28 10:00:00+02:00,2025,76.48,76.48,76.48
2026-05-28 11:00:00+02:00,2025-05-28 11:00:00+02:00,2025,71.46,71.46,71.46
2026-05-28 12:00:00+02:00,2025-05-28 12:00:00+02:00,2025,65.67,65.67,65.67
2026-05-28 13:00:00+02:00,2025-05-28 13:00:00+02:00,2025,58.03,58.03,58.03
2026-05-28 14:00:00+02:00,2025-05-28 14:00:00+02:00,2025,53.21,53.21,53.21
2026-05-28 15:00:00+02:00,2025-05-28 15:00:00+02:00,2025,42.1,42.1,42.1
2026-05-28 16:00:00+02:00,2025-05-28 16:00:00+02:00,2025,67.28,67.28,67.28
2026-05-28 17:00:00+02:00,2025-05-28 17:00:00+02:00,2025,83.7,83.7,83.7
2026-05-28 18:00:00+02:00,2025-05-28 18:00:00+02:00,2025,94.99,94.99,94.99
2026-05-28 19:00:00+02:00,2025-05-28 19:00:00+02:00,2025,114.83,114.83,114.83
2026-05-28 20:00:00+02:00,2025-05-28 20:00:00+02:00,2025,134.83,134.83,134.83
2026-05-28 21:00:00+02:00,2025-05-28 21:00:00+02:00,2025,139.91,139.91,139.91
2026-05-28 22:00:00+02:00,2025-05-28 22:00:00+02:00,2025,124.29,124.29,124.29
2026-05-28 23:00:00+02:00,2025-05-28 23:00:00+02:00,2025,104.27,104.27,104.27
2026-05-29 00:00:00+02:00,2025-05-29 00:00:00+02:00,2025,99.13,99.13,99.13
2026-05-29 01:00:00+02:00,2025-05-29 01:00:00+02:00,2025,94.8,94.8,94.8
2026-05-29 02:00:00+02:00,2025-05-29 02:00:00+02:00,2025,92.06,92.06,92.06
2026-05-29 03:00:00+02:00,2025-05-29 03:00:00+02:00,2025,91.55,91.55,91.55
2026-05-29 04:00:00+02:00,2025-05-29 04:00:00+02:00,2025,91.54,91.54,91.54
2026-05-29 05:00:00+02:00,2025-05-29 05:00:00+02:00,2025,91.36,91.36,91.36
2026-05-29 06:00:00+02:00,2025-05-29 06:00:00+02:00,2025,89.46,89.46,89.46
2026-05-29 07:00:00+02:00,2025-05-29 07:00:00+02:00,2025,86.49,86.49,86.49
2026-05-29 08:00:00+02:00,2025-05-29 08:00:00+02:00,2025,82.95,82.95,82.95
2026-05-29 09:00:00+02:00,2025-05-29 09:00:00+02:00,2025,62.83,62.83,62.83
2026-05-29 10:00:00+02:00,2025-05-29 10:00:00+02:00,2025,19.93,19.93,19.93
2026-05-29 11:00:00+02:00,2025-05-29 11:00:00+02:00,2025,1.71,1.71,1.71
2026-05-29 12:00:00+02:00,2025-05-29 12:00:00+02:00,2025,0.03,0.03,0.03
2026-05-29 13:00:00+02:00,2025-05-29 13:00:00+02:00,2025,-1.68,-1.68,-1.68
2026-05-29 14:00:00+02:00,2025-05-29 14:00:00+02:00,2025,-1.99,-1.99,-1.99
2026-05-29 15:00:00+02:00,2025-05-29 15:00:00+02:00,2025,-1.98,-1.98,-1.98
2026-05-29 16:00:00+02:00,2025-05-29 16:00:00+02:00,2025,-1.09,-1.09,-1.09
2026-05-29 17:00:00+02:00,2025-05-29 17:00:00+02:00,2025,23.13,23.13,23.13
2026-05-29 18:00:00+02:00,2025-05-29 18:00:00+02:00,2025,65.5,65.5,65.5
2026-05-29 19:00:00+02:00,2025-05-29 19:00:00+02:00,2025,80.2,80.2,80.2
2026-05-29 20:00:00+02:00,2025-05-29 20:00:00+02:00,2025,77.17,77.17,77.17
2026-05-29 21:00:00+02:00,2025-05-29 21:00:00+02:00,2025,73.73,73.73,73.73
2026-05-29 22:00:00+02:00,2025-05-29 22:00:00+02:00,2025,76.66,76.66,76.66
2026-05-29 23:00:00+02:00,2025-05-29 23:00:00+02:00,2025,57.5,57.5,57.5
2026-05-30 00:00:00+02:00,2025-05-30 00:00:00+02:00,2025,45.42,45.42,45.42
2026-05-30 01:00:00+02:00,2025-05-30 01:00:00+02:00,2025,25.67,25.67,25.67
2026-05-30 02:00:00+02:00,2025-05-30 02:00:00+02:00,2025,32.99,32.99,32.99
2026-05-30 03:00:00+02:00,2025-05-30 03:00:00+02:00,2025,33.95,33.95,33.95
2026-05-30 04:00:00+02:00,2025-05-30 04:00:00+02:00,2025,37.39,37.39,37.39
2026-05-30 05:00:00+02:00,2025-05-30 05:00:00+02:00,2025,55.08,55.08,55.08
2026-05-30 06:00:00+02:00,2025-05-30 06:00:00+02:00,2025,69.73,69.73,69.73
2026-05-30 07:00:00+02:00,2025-05-30 07:00:00+02:00,2025,68.38,68.38,68.38
2026-05-30 08:00:00+02:00,2025-05-30 08:00:00+02:00,2025,53.01,53.01,53.01
2026-05-30 09:00:00+02:00,2025-05-30 09:00:00+02:00,2025,29.13,29.13,29.13
2026-05-30 10:00:00+02:00,2025-05-30 10:00:00+02:00,2025,1.83,1.83,1.83
2026-05-30 11:00:00+02:00,2025-05-30 11:00:00+02:00,2025,-0.02,-0.02,-0.02
2026-05-30 12:00:00+02:00,2025-05-30 12:00:00+02:00,2025,-1.01,-1.01,-1.01
2026-05-30 13:00:00+02:00,2025-05-30 13:00:00+02:00,2025,-3.1,-3.1,-3.1
2026-05-30 14:00:00+02:00,2025-05-30 14:00:00+02:00,2025,-3.0,-3.0,-3.0
2026-05-30 15:00:00+02:00,2025-05-30 15:00:00+02:00,2025,-1.34,-1.34,-1.34
2026-05-30 16:00:00+02:00,2025-05-30 16:00:00+02:00,2025,-0.04,-0.04,-0.04
2026-05-30 17:00:00+02:00,2025-05-30 17:00:00+02:00,2025,5.88,5.88,5.88
2026-05-30 18:00:00+02:00,2025-05-30 18:00:00+02:00,2025,73.52,73.52,73.52
2026-05-30 19:00:00+02:00,2025-05-30 19:00:00+02:00,2025,111.84,111.84,111.84
2026-05-30 20:00:00+02:00,2025-05-30 20:00:00+02:00,2025,136.95,136.95,136.95
2026-05-30 21:00:00+02:00,2025-05-30 21:00:00+02:00,2025,145.89,145.89,145.89
2026-05-30 22:00:00+02:00,2025-05-30 22:00:00+02:00,2025,130.19,130.19,130.19
2026-05-30 23:00:00+02:00,2025-05-30 23:00:00+02:00,2025,108.15,108.15,108.15
2026-05-31 00:00:00+02:00,2025-05-31 00:00:00+02:00,2025,107.0,107.0,107.0
2026-05-31 01:00:00+02:00,2025-05-31 01:00:00+02:00,2025,99.94,99.94,99.94
2026-05-31 02:00:00+02:00,2025-05-31 02:00:00+02:00,2025,98.75,98.75,98.75
2026-05-31 03:00:00+02:00,2025-05-31 03:00:00+02:00,2025,99.07,99.07,99.07
2026-05-31 04:00:00+02:00,2025-05-31 04:00:00+02:00,2025,99.91,99.91,99.91
2026-05-31 05:00:00+02:00,2025-05-31 05:00:00+02:00,2025,98.29,98.29,98.29
2026-05-31 06:00:00+02:00,2025-05-31 06:00:00+02:00,2025,94.79,94.79,94.79
2026-05-31 07:00:00+02:00,2025-05-31 07:00:00+02:00,2025,84.61,84.61,84.61
2026-05-31 08:00:00+02:00,2025-05-31 08:00:00+02:00,2025,55.0,55.0,55.0
2026-05-31 09:00:00+02:00,2025-05-31 09:00:00+02:00,2025,1.0,1.0,1.0
2026-05-31 10:00:00+02:00,2025-05-31 10:00:00+02:00,2025,-0.02,-0.02,-0.02
2026-05-31 11:00:00+02:00,2025-05-31 11:00:00+02:00,2025,-1.0,-1.0,-1.0
2026-05-31 12:00:00+02:00,2025-05-31 12:00:00+02:00,2025,-3.07,-3.07,-3.07
2026-05-31 13:00:00+02:00,2025-05-31 13:00:00+02:00,2025,-13.17,-13.17,-13.17
2026-05-31 14:00:00+02:00,2025-05-31 14:00:00+02:00,2025,-7.75,-7.75,-7.75
2026-05-31 15:00:00+02:00,2025-05-31 15:00:00+02:00,2025,-3.0,-3.0,-3.0
2026-05-31 16:00:00+02:00,2025-05-31 16:00:00+02:00,2025,-0.05,-0.05,-0.05
2026-05-31 17:00:00+02:00,2025-05-31 17:00:00+02:00,2025,41.4,41.4,41.4
2026-05-31 18:00:00+02:00,2025-05-31 18:00:00+02:00,2025,88.85,88.85,88.85
2026-05-31 19:00:00+02:00,2025-05-31 19:00:00+02:00,2025,131.41,131.41,131.41
2026-05-31 20:00:00+02:00,2025-05-31 20:00:00+02:00,2025,192.35,192.35,192.35
2026-05-31 21:00:00+02:00,2025-05-31 21:00:00+02:00,2025,192.37,192.37,192.37
2026-05-31 22:00:00+02:00,2025-05-31 22:00:00+02:00,2025,133.49,133.49,133.49
2026-05-31 23:00:00+02:00,2025-05-31 23:00:00+02:00,2025,102.06,102.06,102.06
2026-06-01 00:00:00+02:00,2025-06-01 00:00:00+02:00,2025,92.53,92.53,92.53
2026-06-01 01:00:00+02:00,2025-06-01 01:00:00+02:00,2025,85.22,85.22,85.22
2026-06-01 02:00:00+02:00,2025-06-01 02:00:00+02:00,2025,77.13,77.13,77.13
2026-06-01 03:00:00+02:00,2025-06-01 03:00:00+02:00,2025,74.09,74.09,74.09
2026-06-01 04:00:00+02:00,2025-06-01 04:00:00+02:00,2025,72.66,72.66,72.66
2026-06-01 05:00:00+02:00,2025-06-01 05:00:00+02:00,2025,66.11,66.11,66.11
2026-06-01 06:00:00+02:00,2025-06-01 06:00:00+02:00,2025,35.84,35.84,35.84
2026-06-01 07:00:00+02:00,2025-06-01 07:00:00+02:00,2025,13.0,13.0,13.0
2026-06-01 08:00:00+02:00,2025-06-01 08:00:00+02:00,2025,2.4,2.4,2.4
2026-06-01 09:00:00+02:00,2025-06-01 09:00:00+02:00,2025,-0.01,-0.01,-0.01
2026-06-01 10:00:00+02:00,2025-06-01 10:00:00+02:00,2025,-0.6,-0.6,-0.6
2026-06-01 11:00:00+02:00,2025-06-01 11:00:00+02:00,2025,-2.11,-2.11,-2.11
2026-06-01 12:00:00+02:00,2025-06-01 12:00:00+02:00,2025,-5.48,-5.48,-5.48
2026-06-01 13:00:00+02:00,2025-06-01 13:00:00+02:00,2025,-12.93,-12.93,-12.93
2026-06-01 14:00:00+02:00,2025-06-01 14:00:00+02:00,2025,-20.41,-20.41,-20.41
2026-06-01 15:00:00+02:00,2025-06-01 15:00:00+02:00,2025,-15.61,-15.61,-15.61
2026-06-01 16:00:00+02:00,2025-06-01 16:00:00+02:00,2025,-6.0,-6.0,-6.0
2026-06-01 17:00:00+02:00,2025-06-01 17:00:00+02:00,2025,-0.99,-0.99,-0.99
2026-06-01 18:00:00+02:00,2025-06-01 18:00:00+02:00,2025,19.23,19.23,19.23
2026-06-01 19:00:00+02:00,2025-06-01 19:00:00+02:00,2025,78.85,78.85,78.85
2026-06-01 20:00:00+02:00,2025-06-01 20:00:00+02:00,2025,93.66,93.66,93.66
2026-06-01 21:00:00+02:00,2025-06-01 21:00:00+02:00,2025,106.86,106.86,106.86
2026-06-01 22:00:00+02:00,2025-06-01 22:00:00+02:00,2025,105.93,105.93,105.93
2026-06-01 23:00:00+02:00,2025-06-01 23:00:00+02:00,2025,90.49,90.49,90.49
2026-06-02 00:00:00+02:00,2025-06-02 00:00:00+02:00,2025,81.76,81.76,81.76
2026-06-02 01:00:00+02:00,2025-06-02 01:00:00+02:00,2025,75.31,75.31,75.31
2026-06-02 02:00:00+02:00,2025-06-02 02:00:00+02:00,2025,75.0,75.0,75.0
2026-06-02 03:00:00+02:00,2025-06-02 03:00:00+02:00,2025,77.75,77.75,77.75
2026-06-02 04:00:00+02:00,2025-06-02 04:00:00+02:00,2025,83.05,83.05,83.05
2026-06-02 05:00:00+02:00,2025-06-02 05:00:00+02:00,2025,91.93,91.93,91.93
2026-06-02 06:00:00+02:00,2025-06-02 06:00:00+02:00,2025,108.15,108.15,108.15
2026-06-02 07:00:00+02:00,2025-06-02 07:00:00+02:00,2025,117.9,117.9,117.9
2026-06-02 08:00:00+02:00,2025-06-02 08:00:00+02:00,2025,102.36,102.36,102.36
2026-06-02 09:00:00+02:00,2025-06-02 09:00:00+02:00,2025,85.6,85.6,85.6
2026-06-02 10:00:00+02:00,2025-06-02 10:00:00+02:00,2025,57.47,57.47,57.47
2026-06-02 11:00:00+02:00,2025-06-02 11:00:00+02:00,2025,33.21,33.21,33.21
2026-06-02 12:00:00+02:00,2025-06-02 12:00:00+02:00,2025,20.0,20.0,20.0
2026-06-02 13:00:00+02:00,2025-06-02 13:00:00+02:00,2025,12.78,12.78,12.78
2026-06-02 14:00:00+02:00,2025-06-02 14:00:00+02:00,2025,11.0,11.0,11.0
2026-06-02 15:00:00+02:00,2025-06-02 15:00:00+02:00,2025,19.75,19.75,19.75
2026-06-02 16:00:00+02:00,2025-06-02 16:00:00+02:00,2025,55.84,55.84,55.84
2026-06-02 17:00:00+02:00,2025-06-02 17:00:00+02:00,2025,82.8,82.8,82.8
2026-06-02 18:00:00+02:00,2025-06-02 18:00:00+02:00,2025,94.95,94.95,94.95
2026-06-02 19:00:00+02:00,2025-06-02 19:00:00+02:00,2025,109.32,109.32,109.32
2026-06-02 20:00:00+02:00,2025-06-02 20:00:00+02:00,2025,195.91,195.91,195.91
2026-06-02 21:00:00+02:00,2025-06-02 21:00:00+02:00,2025,245.37,245.37,245.37
2026-06-02 22:00:00+02:00,2025-06-02 22:00:00+02:00,2025,141.66,141.66,141.66
2026-06-02 23:00:00+02:00,2025-06-02 23:00:00+02:00,2025,110.04,110.04,110.04
2026-06-03 00:00:00+02:00,2025-06-03 00:00:00+02:00,2025,111.49,111.49,111.49
2026-06-03 01:00:00+02:00,2025-06-03 01:00:00+02:00,2025,109.91,109.91,109.91
2026-06-03 02:00:00+02:00,2025-06-03 02:00:00+02:00,2025,102.02,102.02,102.02
2026-06-03 03:00:00+02:00,2025-06-03 03:00:00+02:00,2025,99.23,99.23,99.23
2026-06-03 04:00:00+02:00,2025-06-03 04:00:00+02:00,2025,94.89,94.89,94.89
2026-06-03 05:00:00+02:00,2025-06-03 05:00:00+02:00,2025,107.6,107.6,107.6
2026-06-03 06:00:00+02:00,2025-06-03 06:00:00+02:00,2025,130.76,130.76,130.76
2026-06-03 07:00:00+02:00,2025-06-03 07:00:00+02:00,2025,116.85,116.85,116.85
2026-06-03 08:00:00+02:00,2025-06-03 08:00:00+02:00,2025,85.98,85.98,85.98
2026-06-03 09:00:00+02:00,2025-06-03 09:00:00+02:00,2025,59.46,59.46,59.46
2026-06-03 10:00:00+02:00,2025-06-03 10:00:00+02:00,2025,2.0,2.0,2.0
2026-06-03 11:00:00+02:00,2025-06-03 11:00:00+02:00,2025,-0.05,-0.05,-0.05
2026-06-03 12:00:00+02:00,2025-06-03 12:00:00+02:00,2025,-1.01,-1.01,-1.01
2026-06-03 13:00:00+02:00,2025-06-03 13:00:00+02:00,2025,-3.0,-3.0,-3.0
2026-06-03 14:00:00+02:00,2025-06-03 14:00:00+02:00,2025,-4.32,-4.32,-4.32
2026-06-03 15:00:00+02:00,2025-06-03 15:00:00+02:00,2025,-1.33,-1.33,-1.33
2026-06-03 16:00:00+02:00,2025-06-03 16:00:00+02:00,2025,0.0,0.0,0.0
2026-06-03 17:00:00+02:00,2025-06-03 17:00:00+02:00,2025,66.0,66.0,66.0
2026-06-03 18:00:00+02:00,2025-06-03 18:00:00+02:00,2025,87.79,87.79,87.79
2026-06-03 19:00:00+02:00,2025-06-03 19:00:00+02:00,2025,109.41,109.41,109.41
2026-06-03 20:00:00+02:00,2025-06-03 20:00:00+02:00,2025,132.9,132.9,132.9
2026-06-03 21:00:00+02:00,2025-06-03 21:00:00+02:00,2025,112.29,112.29,112.29
2026-06-03 22:00:00+02:00,2025-06-03 22:00:00+02:00,2025,106.12,106.12,106.12
2026-06-03 23:00:00+02:00,2025-06-03 23:00:00+02:00,2025,95.49,95.49,95.49
2026-06-04 00:00:00+02:00,2025-06-04 00:00:00+02:00,2025,74.95,74.95,74.95
2026-06-04 01:00:00+02:00,2025-06-04 01:00:00+02:00,2025,67.25,67.25,67.25
2026-06-04 02:00:00+02:00,2025-06-04 02:00:00+02:00,2025,64.78,64.78,64.78
2026-06-04 03:00:00+02:00,2025-06-04 03:00:00+02:00,2025,65.0,65.0,65.0
2026-06-04 04:00:00+02:00,2025-06-04 04:00:00+02:00,2025,68.32,68.32,68.32
2026-06-04 05:00:00+02:00,2025-06-04 05:00:00+02:00,2025,80.32,80.32,80.32
2026-06-04 06:00:00+02:00,2025-06-04 06:00:00+02:00,2025,99.77,99.77,99.77
2026-06-04 07:00:00+02:00,2025-06-04 07:00:00+02:00,2025,113.74,113.74,113.74
2026-06-04 08:00:00+02:00,2025-06-04 08:00:00+02:00,2025,112.4,112.4,112.4
2026-06-04 09:00:00+02:00,2025-06-04 09:00:00+02:00,2025,79.08,79.08,79.08
2026-06-04 10:00:00+02:00,2025-06-04 10:00:00+02:00,2025,72.4,72.4,72.4
2026-06-04 11:00:00+02:00,2025-06-04 11:00:00+02:00,2025,48.36,48.36,48.36
2026-06-04 12:00:00+02:00,2025-06-04 12:00:00+02:00,2025,20.12,20.12,20.12
2026-06-04 13:00:00+02:00,2025-06-04 13:00:00+02:00,2025,9.69,9.69,9.69
2026-06-04 14:00:00+02:00,2025-06-04 14:00:00+02:00,2025,18.26,18.26,18.26
2026-06-04 15:00:00+02:00,2025-06-04 15:00:00+02:00,2025,43.35,43.35,43.35
2026-06-04 16:00:00+02:00,2025-06-04 16:00:00+02:00,2025,72.4,72.4,72.4
2026-06-04 17:00:00+02:00,2025-06-04 17:00:00+02:00,2025,91.45,91.45,91.45
2026-06-04 18:00:00+02:00,2025-06-04 18:00:00+02:00,2025,108.91,108.91,108.91
2026-06-04 19:00:00+02:00,2025-06-04 19:00:00+02:00,2025,145.98,145.98,145.98
2026-06-04 20:00:00+02:00,2025-06-04 20:00:00+02:00,2025,192.85,192.85,192.85
2026-06-04 21:00:00+02:00,2025-06-04 21:00:00+02:00,2025,138.82,138.82,138.82
2026-06-04 22:00:00+02:00,2025-06-04 22:00:00+02:00,2025,112.43,112.43,112.43
2026-06-04 23:00:00+02:00,2025-06-04 23:00:00+02:00,2025,94.08,94.08,94.08
2026-06-05 00:00:00+02:00,2025-06-05 00:00:00+02:00,2025,97.67,97.67,97.67
2026-06-05 01:00:00+02:00,2025-06-05 01:00:00+02:00,2025,92.7,92.7,92.7
2026-06-05 02:00:00+02:00,2025-06-05 02:00:00+02:00,2025,86.84,86.84,86.84
2026-06-05 03:00:00+02:00,2025-06-05 03:00:00+02:00,2025,86.1,86.1,86.1
2026-06-05 04:00:00+02:00,2025-06-05 04:00:00+02:00,2025,87.01,87.01,87.01
2026-06-05 05:00:00+02:00,2025-06-05 05:00:00+02:00,2025,88.09,88.09,88.09
2026-06-05 06:00:00+02:00,2025-06-05 06:00:00+02:00,2025,113.78,113.78,113.78
2026-06-05 07:00:00+02:00,2025-06-05 07:00:00+02:00,2025,129.03,129.03,129.03
2026-06-05 08:00:00+02:00,2025-06-05 08:00:00+02:00,2025,116.6,116.6,116.6
2026-06-05 09:00:00+02:00,2025-06-05 09:00:00+02:00,2025,83.03,83.03,83.03
2026-06-05 10:00:00+02:00,2025-06-05 10:00:00+02:00,2025,66.0,66.0,66.0
2026-06-05 11:00:00+02:00,2025-06-05 11:00:00+02:00,2025,46.18,46.18,46.18
2026-06-05 12:00:00+02:00,2025-06-05 12:00:00+02:00,2025,20.0,20.0,20.0
2026-06-05 13:00:00+02:00,2025-06-05 13:00:00+02:00,2025,11.03,11.03,11.03
2026-06-05 14:00:00+02:00,2025-06-05 14:00:00+02:00,2025,7.07,7.07,7.07
2026-06-05 15:00:00+02:00,2025-06-05 15:00:00+02:00,2025,19.87,19.87,19.87
2026-06-05 16:00:00+02:00,2025-06-05 16:00:00+02:00,2025,57.5,57.5,57.5
2026-06-05 17:00:00+02:00,2025-06-05 17:00:00+02:00,2025,81.08,81.08,81.08
2026-06-05 18:00:00+02:00,2025-06-05 18:00:00+02:00,2025,100.94,100.94,100.94
2026-06-05 19:00:00+02:00,2025-06-05 19:00:00+02:00,2025,112.19,112.19,112.19
2026-06-05 20:00:00+02:00,2025-06-05 20:00:00+02:00,2025,136.4,136.4,136.4
2026-06-05 21:00:00+02:00,2025-06-05 21:00:00+02:00,2025,106.95,106.95,106.95
2026-06-05 22:00:00+02:00,2025-06-05 22:00:00+02:00,2025,96.37,96.37,96.37
2026-06-05 23:00:00+02:00,2025-06-05 23:00:00+02:00,2025,81.36,81.36,81.36
2026-06-06 00:00:00+02:00,2025-06-06 00:00:00+02:00,2025,76.29,76.29,76.29
2026-06-06 01:00:00+02:00,2025-06-06 01:00:00+02:00,2025,66.12,66.12,66.12
2026-06-06 02:00:00+02:00,2025-06-06 02:00:00+02:00,2025,60.86,60.86,60.86
2026-06-06 03:00:00+02:00,2025-06-06 03:00:00+02:00,2025,55.27,55.27,55.27
2026-06-06 04:00:00+02:00,2025-06-06 04:00:00+02:00,2025,52.78,52.78,52.78
2026-06-06 05:00:00+02:00,2025-06-06 05:00:00+02:00,2025,63.7,63.7,63.7
2026-06-06 06:00:00+02:00,2025-06-06 06:00:00+02:00,2025,67.02,67.02,67.02
2026-06-06 07:00:00+02:00,2025-06-06 07:00:00+02:00,2025,74.43,74.43,74.43
2026-06-06 08:00:00+02:00,2025-06-06 08:00:00+02:00,2025,59.61,59.61,59.61
2026-06-06 09:00:00+02:00,2025-06-06 09:00:00+02:00,2025,3.94,3.94,3.94
2026-06-06 10:00:00+02:00,2025-06-06 10:00:00+02:00,2025,-0.01,-0.01,-0.01
2026-06-06 11:00:00+02:00,2025-06-06 11:00:00+02:00,2025,-0.27,-0.27,-0.27
2026-06-06 12:00:00+02:00,2025-06-06 12:00:00+02:00,2025,-2.07,-2.07,-2.07
2026-06-06 13:00:00+02:00,2025-06-06 13:00:00+02:00,2025,-4.93,-4.93,-4.93
2026-06-06 14:00:00+02:00,2025-06-06 14:00:00+02:00,2025,-5.06,-5.06,-5.06
2026-06-06 15:00:00+02:00,2025-06-06 15:00:00+02:00,2025,-4.96,-4.96,-4.96
2026-06-06 16:00:00+02:00,2025-06-06 16:00:00+02:00,2025,-1.0,-1.0,-1.0
2026-06-06 17:00:00+02:00,2025-06-06 17:00:00+02:00,2025,0.0,0.0,0.0
2026-06-06 18:00:00+02:00,2025-06-06 18:00:00+02:00,2025,50.47,50.47,50.47
2026-06-06 19:00:00+02:00,2025-06-06 19:00:00+02:00,2025,84.19,84.19,84.19
2026-06-06 20:00:00+02:00,2025-06-06 20:00:00+02:00,2025,112.57,112.57,112.57
2026-06-06 21:00:00+02:00,2025-06-06 21:00:00+02:00,2025,129.29,129.29,129.29
2026-06-06 22:00:00+02:00,2025-06-06 22:00:00+02:00,2025,125.72,125.72,125.72
2026-06-06 23:00:00+02:00,2025-06-06 23:00:00+02:00,2025,103.24,103.24,103.24
2026-06-07 00:00:00+02:00,2025-06-07 00:00:00+02:00,2025,87.61,87.61,87.61
2026-06-07 01:00:00+02:00,2025-06-07 01:00:00+02:00,2025,83.5,83.5,83.5
2026-06-07 02:00:00+02:00,2025-06-07 02:00:00+02:00,2025,78.02,78.02,78.02
2026-06-07 03:00:00+02:00,2025-06-07 03:00:00+02:00,2025,81.89,81.89,81.89
2026-06-07 04:00:00+02:00,2025-06-07 04:00:00+02:00,2025,82.27,82.27,82.27
2026-06-07 05:00:00+02:00,2025-06-07 05:00:00+02:00,2025,81.99,81.99,81.99
2026-06-07 06:00:00+02:00,2025-06-07 06:00:00+02:00,2025,85.47,85.47,85.47
2026-06-07 07:00:00+02:00,2025-06-07 07:00:00+02:00,2025,86.74,86.74,86.74
2026-06-07 08:00:00+02:00,2025-06-07 08:00:00+02:00,2025,79.86,79.86,79.86
2026-06-07 09:00:00+02:00,2025-06-07 09:00:00+02:00,2025,65.3,65.3,65.3
2026-06-07 10:00:00+02:00,2025-06-07 10:00:00+02:00,2025,30.53,30.53,30.53
2026-06-07 11:00:00+02:00,2025-06-07 11:00:00+02:00,2025,9.44,9.44,9.44
2026-06-07 12:00:00+02:00,2025-06-07 12:00:00+02:00,2025,1.19,1.19,1.19
2026-06-07 13:00:00+02:00,2025-06-07 13:00:00+02:00,2025,-0.01,-0.01,-0.01
2026-06-07 14:00:00+02:00,2025-06-07 14:00:00+02:00,2025,-0.02,-0.02,-0.02
2026-06-07 15:00:00+02:00,2025-06-07 15:00:00+02:00,2025,-0.02,-0.02,-0.02
2026-06-07 16:00:00+02:00,2025-06-07 16:00:00+02:00,2025,-0.87,-0.87,-0.87
2026-06-07 17:00:00+02:00,2025-06-07 17:00:00+02:00,2025,26.91,26.91,26.91
2026-06-07 18:00:00+02:00,2025-06-07 18:00:00+02:00,2025,70.1,70.1,70.1
2026-06-07 19:00:00+02:00,2025-06-07 19:00:00+02:00,2025,85.01,85.01,85.01
2026-06-07 20:00:00+02:00,2025-06-07 20:00:00+02:00,2025,109.9,109.9,109.9
2026-06-07 21:00:00+02:00,2025-06-07 21:00:00+02:00,2025,110.26,110.26,110.26
2026-06-07 22:00:00+02:00,2025-06-07 22:00:00+02:00,2025,98.01,98.01,98.01
2026-06-07 23:00:00+02:00,2025-06-07 23:00:00+02:00,2025,80.09,80.09,80.09
2026-06-08 00:00:00+02:00,2025-06-08 00:00:00+02:00,2025,93.84,93.84,93.84
2026-06-08 01:00:00+02:00,2025-06-08 01:00:00+02:00,2025,83.0,83.0,83.0
2026-06-08 02:00:00+02:00,2025-06-08 02:00:00+02:00,2025,76.86,76.86,76.86
2026-06-08 03:00:00+02:00,2025-06-08 03:00:00+02:00,2025,69.74,69.74,69.74
2026-06-08 04:00:00+02:00,2025-06-08 04:00:00+02:00,2025,67.02,67.02,67.02
2026-06-08 05:00:00+02:00,2025-06-08 05:00:00+02:00,2025,55.66,55.66,55.66
2026-06-08 06:00:00+02:00,2025-06-08 06:00:00+02:00,2025,39.02,39.02,39.02
2026-06-08 07:00:00+02:00,2025-06-08 07:00:00+02:00,2025,3.71,3.71,3.71
2026-06-08 08:00:00+02:00,2025-06-08 08:00:00+02:00,2025,0.0,0.0,0.0
2026-06-08 09:00:00+02:00,2025-06-08 09:00:00+02:00,2025,-0.5,-0.5,-0.5
2026-06-08 10:00:00+02:00,2025-06-08 10:00:00+02:00,2025,-2.0,-2.0,-2.0
2026-06-08 11:00:00+02:00,2025-06-08 11:00:00+02:00,2025,-8.21,-8.21,-8.21
2026-06-08 12:00:00+02:00,2025-06-08 12:00:00+02:00,2025,-19.92,-19.92,-19.92
2026-06-08 13:00:00+02:00,2025-06-08 13:00:00+02:00,2025,-39.98,-39.98,-39.98
2026-06-08 14:00:00+02:00,2025-06-08 14:00:00+02:00,2025,-52.56,-52.56,-52.56
2026-06-08 15:00:00+02:00,2025-06-08 15:00:00+02:00,2025,-53.06,-53.06,-53.06
2026-06-08 16:00:00+02:00,2025-06-08 16:00:00+02:00,2025,-38.89,-38.89,-38.89
2026-06-08 17:00:00+02:00,2025-06-08 17:00:00+02:00,2025,-16.71,-16.71,-16.71
2026-06-08 18:00:00+02:00,2025-06-08 18:00:00+02:00,2025,-0.01,-0.01,-0.01
2026-06-08 19:00:00+02:00,2025-06-08 19:00:00+02:00,2025,39.65,39.65,39.65
2026-06-08 20:00:00+02:00,2025-06-08 20:00:00+02:00,2025,60.88,60.88,60.88
2026-06-08 21:00:00+02:00,2025-06-08 21:00:00+02:00,2025,69.55,69.55,69.55
2026-06-08 22:00:00+02:00,2025-06-08 22:00:00+02:00,2025,65.07,65.07,65.07
2026-06-08 23:00:00+02:00,2025-06-08 23:00:00+02:00,2025,51.13,51.13,51.13
2026-06-09 00:00:00+02:00,2025-06-09 00:00:00+02:00,2025,4.8,4.8,4.8
2026-06-09 01:00:00+02:00,2025-06-09 01:00:00+02:00,2025,4.15,4.15,4.15
2026-06-09 02:00:00+02:00,2025-06-09 02:00:00+02:00,2025,4.19,4.19,4.19
2026-06-09 03:00:00+02:00,2025-06-09 03:00:00+02:00,2025,4.27,4.27,4.27
2026-06-09 04:00:00+02:00,2025-06-09 04:00:00+02:00,2025,13.42,13.42,13.42
2026-06-09 05:00:00+02:00,2025-06-09 05:00:00+02:00,2025,32.2,32.2,32.2
2026-06-09 06:00:00+02:00,2025-06-09 06:00:00+02:00,2025,44.97,44.97,44.97
2026-06-09 07:00:00+02:00,2025-06-09 07:00:00+02:00,2025,40.04,40.04,40.04
2026-06-09 08:00:00+02:00,2025-06-09 08:00:00+02:00,2025,2.97,2.97,2.97
2026-06-09 09:00:00+02:00,2025-06-09 09:00:00+02:00,2025,-0.62,-0.62,-0.62
2026-06-09 10:00:00+02:00,2025-06-09 10:00:00+02:00,2025,-1.14,-1.14,-1.14
2026-06-09 11:00:00+02:00,2025-06-09 11:00:00+02:00,2025,-4.14,-4.14,-4.14
2026-06-09 12:00:00+02:00,2025-06-09 12:00:00+02:00,2025,-10.0,-10.0,-10.0
2026-06-09 13:00:00+02:00,2025-06-09 13:00:00+02:00,2025,-19.33,-19.33,-19.33
2026-06-09 14:00:00+02:00,2025-06-09 14:00:00+02:00,2025,-15.76,-15.76,-15.76
2026-06-09 15:00:00+02:00,2025-06-09 15:00:00+02:00,2025,-4.5,-4.5,-4.5
2026-06-09 16:00:00+02:00,2025-06-09 16:00:00+02:00,2025,-1.0,-1.0,-1.0
2026-06-09 17:00:00+02:00,2025-06-09 17:00:00+02:00,2025,0.09,0.09,0.09
2026-06-09 18:00:00+02:00,2025-06-09 18:00:00+02:00,2025,69.54,69.54,69.54
2026-06-09 19:00:00+02:00,2025-06-09 19:00:00+02:00,2025,117.79,117.79,117.79
2026-06-09 20:00:00+02:00,2025-06-09 20:00:00+02:00,2025,141.4,141.4,141.4
2026-06-09 21:00:00+02:00,2025-06-09 21:00:00+02:00,2025,148.42,148.42,148.42
2026-06-09 22:00:00+02:00,2025-06-09 22:00:00+02:00,2025,126.52,126.52,126.52
2026-06-09 23:00:00+02:00,2025-06-09 23:00:00+02:00,2025,101.19,101.19,101.19
2026-06-10 00:00:00+02:00,2025-06-10 00:00:00+02:00,2025,86.65,86.65,86.65
2026-06-10 01:00:00+02:00,2025-06-10 01:00:00+02:00,2025,78.07,78.07,78.07
2026-06-10 02:00:00+02:00,2025-06-10 02:00:00+02:00,2025,69.66,69.66,69.66
2026-06-10 03:00:00+02:00,2025-06-10 03:00:00+02:00,2025,59.95,59.95,59.95
2026-06-10 04:00:00+02:00,2025-06-10 04:00:00+02:00,2025,54.16,54.16,54.16
2026-06-10 05:00:00+02:00,2025-06-10 05:00:00+02:00,2025,62.18,62.18,62.18
2026-06-10 06:00:00+02:00,2025-06-10 06:00:00+02:00,2025,74.62,74.62,74.62
2026-06-10 07:00:00+02:00,2025-06-10 07:00:00+02:00,2025,82.79,82.79,82.79
2026-06-10 08:00:00+02:00,2025-06-10 08:00:00+02:00,2025,83.17,83.17,83.17
2026-06-10 09:00:00+02:00,2025-06-10 09:00:00+02:00,2025,69.0,69.0,69.0
2026-06-10 10:00:00+02:00,2025-06-10 10:00:00+02:00,2025,22.21,22.21,22.21
2026-06-10 11:00:00+02:00,2025-06-10 11:00:00+02:00,2025,0.1,0.1,0.1
2026-06-10 12:00:00+02:00,2025-06-10 12:00:00+02:00,2025,-0.19,-0.19,-0.19
2026-06-10 13:00:00+02:00,2025-06-10 13:00:00+02:00,2025,-2.33,-2.33,-2.33
2026-06-10 14:00:00+02:00,2025-06-10 14:00:00+02:00,2025,-4.26,-4.26,-4.26
2026-06-10 15:00:00+02:00,2025-06-10 15:00:00+02:00,2025,-1.04,-1.04,-1.04
2026-06-10 16:00:00+02:00,2025-06-10 16:00:00+02:00,2025,0.03,0.03,0.03
2026-06-10 17:00:00+02:00,2025-06-10 17:00:00+02:00,2025,53.99,53.99,53.99
2026-06-10 18:00:00+02:00,2025-06-10 18:00:00+02:00,2025,69.6,69.6,69.6
2026-06-10 19:00:00+02:00,2025-06-10 19:00:00+02:00,2025,82.08,82.08,82.08
2026-06-10 20:00:00+02:00,2025-06-10 20:00:00+02:00,2025,83.97,83.97,83.97
2026-06-10 21:00:00+02:00,2025-06-10 21:00:00+02:00,2025,91.28,91.28,91.28
2026-06-10 22:00:00+02:00,2025-06-10 22:00:00+02:00,2025,97.94,97.94,97.94
2026-06-10 23:00:00+02:00,2025-06-10 23:00:00+02:00,2025,85.31,85.31,85.31
2026-06-11 00:00:00+02:00,2025-06-11 00:00:00+02:00,2025,73.01,73.01,73.01
2026-06-11 01:00:00+02:00,2025-06-11 01:00:00+02:00,2025,71.38,71.38,71.38
2026-06-11 02:00:00+02:00,2025-06-11 02:00:00+02:00,2025,70.58,70.58,70.58
2026-06-11 03:00:00+02:00,2025-06-11 03:00:00+02:00,2025,69.86,69.86,69.86
2026-06-11 04:00:00+02:00,2025-06-11 04:00:00+02:00,2025,73.59,73.59,73.59
2026-06-11 05:00:00+02:00,2025-06-11 05:00:00+02:00,2025,83.6,83.6,83.6
2026-06-11 06:00:00+02:00,2025-06-11 06:00:00+02:00,2025,101.26,101.26,101.26
2026-06-11 07:00:00+02:00,2025-06-11 07:00:00+02:00,2025,107.8,107.8,107.8
2026-06-11 08:00:00+02:00,2025-06-11 08:00:00+02:00,2025,85.09,85.09,85.09
2026-06-11 09:00:00+02:00,2025-06-11 09:00:00+02:00,2025,66.7,66.7,66.7
2026-06-11 10:00:00+02:00,2025-06-11 10:00:00+02:00,2025,22.98,22.98,22.98
2026-06-11 11:00:00+02:00,2025-06-11 11:00:00+02:00,2025,1.3,1.3,1.3
2026-06-11 12:00:00+02:00,2025-06-11 12:00:00+02:00,2025,-0.36,-0.36,-0.36
2026-06-11 13:00:00+02:00,2025-06-11 13:00:00+02:00,2025,-0.97,-0.97,-0.97
2026-06-11 14:00:00+02:00,2025-06-11 14:00:00+02:00,2025,-3.4,-3.4,-3.4
2026-06-11 15:00:00+02:00,2025-06-11 15:00:00+02:00,2025,-2.4,-2.4,-2.4
2026-06-11 16:00:00+02:00,2025-06-11 16:00:00+02:00,2025,-0.01,-0.01,-0.01
2026-06-11 17:00:00+02:00,2025-06-11 17:00:00+02:00,2025,66.47,66.47,66.47
2026-06-11 18:00:00+02:00,2025-06-11 18:00:00+02:00,2025,89.34,89.34,89.34
2026-06-11 19:00:00+02:00,2025-06-11 19:00:00+02:00,2025,132.28,132.28,132.28
2026-06-11 20:00:00+02:00,2025-06-11 20:00:00+02:00,2025,217.0,217.0,217.0
2026-06-11 21:00:00+02:00,2025-06-11 21:00:00+02:00,2025,180.0,180.0,180.0
2026-06-11 22:00:00+02:00,2025-06-11 22:00:00+02:00,2025,119.34,119.34,119.34
2026-06-11 23:00:00+02:00,2025-06-11 23:00:00+02:00,2025,94.07,94.07,94.07
2026-06-12 00:00:00+02:00,2025-06-12 00:00:00+02:00,2025,92.91,92.91,92.91
2026-06-12 01:00:00+02:00,2025-06-12 01:00:00+02:00,2025,87.7,87.7,87.7
2026-06-12 02:00:00+02:00,2025-06-12 02:00:00+02:00,2025,85.43,85.43,85.43
2026-06-12 03:00:00+02:00,2025-06-12 03:00:00+02:00,2025,84.85,84.85,84.85
2026-06-12 04:00:00+02:00,2025-06-12 04:00:00+02:00,2025,89.06,89.06,89.06
2026-06-12 05:00:00+02:00,2025-06-12 05:00:00+02:00,2025,92.0,92.0,92.0
2026-06-12 06:00:00+02:00,2025-06-12 06:00:00+02:00,2025,114.85,114.85,114.85
2026-06-12 07:00:00+02:00,2025-06-12 07:00:00+02:00,2025,104.3,104.3,104.3
2026-06-12 08:00:00+02:00,2025-06-12 08:00:00+02:00,2025,78.86,78.86,78.86
2026-06-12 09:00:00+02:00,2025-06-12 09:00:00+02:00,2025,36.09,36.09,36.09
2026-06-12 10:00:00+02:00,2025-06-12 10:00:00+02:00,2025,0.0,0.0,0.0
2026-06-12 11:00:00+02:00,2025-06-12 11:00:00+02:00,2025,-2.0,-2.0,-2.0
2026-06-12 12:00:00+02:00,2025-06-12 12:00:00+02:00,2025,-15.91,-15.91,-15.91
2026-06-12 13:00:00+02:00,2025-06-12 13:00:00+02:00,2025,-27.9,-27.9,-27.9
2026-06-12 14:00:00+02:00,2025-06-12 14:00:00+02:00,2025,-25.47,-25.47,-25.47
2026-06-12 15:00:00+02:00,2025-06-12 15:00:00+02:00,2025,-11.57,-11.57,-11.57
2026-06-12 16:00:00+02:00,2025-06-12 16:00:00+02:00,2025,-2.78,-2.78,-2.78
2026-06-12 17:00:00+02:00,2025-06-12 17:00:00+02:00,2025,14.9,14.9,14.9
2026-06-12 18:00:00+02:00,2025-06-12 18:00:00+02:00,2025,79.96,79.96,79.96
2026-06-12 19:00:00+02:00,2025-06-12 19:00:00+02:00,2025,112.55,112.55,112.55
2026-06-12 20:00:00+02:00,2025-06-12 20:00:00+02:00,2025,132.0,132.0,132.0
2026-06-12 21:00:00+02:00,2025-06-12 21:00:00+02:00,2025,111.0,111.0,111.0
2026-06-12 22:00:00+02:00,2025-06-12 22:00:00+02:00,2025,105.0,105.0,105.0
2026-06-12 23:00:00+02:00,2025-06-12 23:00:00+02:00,2025,86.9,86.9,86.9
2026-06-13 00:00:00+02:00,2025-06-13 00:00:00+02:00,2025,70.29,70.29,70.29
2026-06-13 01:00:00+02:00,2025-06-13 01:00:00+02:00,2025,55.25,55.25,55.25
2026-06-13 02:00:00+02:00,2025-06-13 02:00:00+02:00,2025,58.61,58.61,58.61
2026-06-13 03:00:00+02:00,2025-06-13 03:00:00+02:00,2025,63.42,63.42,63.42
2026-06-13 04:00:00+02:00,2025-06-13 04:00:00+02:00,2025,63.84,63.84,63.84
2026-06-13 05:00:00+02:00,2025-06-13 05:00:00+02:00,2025,70.71,70.71,70.71
2026-06-13 06:00:00+02:00,2025-06-13 06:00:00+02:00,2025,83.68,83.68,83.68
2026-06-13 07:00:00+02:00,2025-06-13 07:00:00+02:00,2025,87.26,87.26,87.26
2026-06-13 08:00:00+02:00,2025-06-13 08:00:00+02:00,2025,77.39,77.39,77.39
2026-06-13 09:00:00+02:00,2025-06-13 09:00:00+02:00,2025,40.03,40.03,40.03
2026-06-13 10:00:00+02:00,2025-06-13 10:00:00+02:00,2025,4.1,4.1,4.1
2026-06-13 11:00:00+02:00,2025-06-13 11:00:00+02:00,2025,-0.03,-0.03,-0.03
2026-06-13 12:00:00+02:00,2025-06-13 12:00:00+02:00,2025,-2.05,-2.05,-2.05
2026-06-13 13:00:00+02:00,2025-06-13 13:00:00+02:00,2025,-6.09,-6.09,-6.09
2026-06-13 14:00:00+02:00,2025-06-13 14:00:00+02:00,2025,-6.01,-6.01,-6.01
2026-06-13 15:00:00+02:00,2025-06-13 15:00:00+02:00,2025,-2.38,-2.38,-2.38
2026-06-13 16:00:00+02:00,2025-06-13 16:00:00+02:00,2025,-0.01,-0.01,-0.01
2026-06-13 17:00:00+02:00,2025-06-13 17:00:00+02:00,2025,35.9,35.9,35.9
2026-06-13 18:00:00+02:00,2025-06-13 18:00:00+02:00,2025,80.04,80.04,80.04
2026-06-13 19:00:00+02:00,2025-06-13 19:00:00+02:00,2025,108.9,108.9,108.9
2026-06-13 20:00:00+02:00,2025-06-13 20:00:00+02:00,2025,111.19,111.19,111.19
2026-06-13 21:00:00+02:00,2025-06-13 21:00:00+02:00,2025,94.9,94.9,94.9
2026-06-13 22:00:00+02:00,2025-06-13 22:00:00+02:00,2025,90.0,90.0,90.0
2026-06-13 23:00:00+02:00,2025-06-13 23:00:00+02:00,2025,71.3,71.3,71.3
2026-06-14 00:00:00+02:00,2025-06-14 00:00:00+02:00,2025,73.99,73.99,73.99
2026-06-14 01:00:00+02:00,2025-06-14 01:00:00+02:00,2025,71.2,71.2,71.2
2026-06-14 02:00:00+02:00,2025-06-14 02:00:00+02:00,2025,66.15,66.15,66.15
2026-06-14 03:00:00+02:00,2025-06-14 03:00:00+02:00,2025,66.88,66.88,66.88
2026-06-14 04:00:00+02:00,2025-06-14 04:00:00+02:00,2025,68.06,68.06,68.06
2026-06-14 05:00:00+02:00,2025-06-14 05:00:00+02:00,2025,64.52,64.52,64.52
2026-06-14 06:00:00+02:00,2025-06-14 06:00:00+02:00,2025,54.68,54.68,54.68
2026-06-14 07:00:00+02:00,2025-06-14 07:00:00+02:00,2025,20.3,20.3,20.3
2026-06-14 08:00:00+02:00,2025-06-14 08:00:00+02:00,2025,7.74,7.74,7.74
2026-06-14 09:00:00+02:00,2025-06-14 09:00:00+02:00,2025,0.0,0.0,0.0
2026-06-14 10:00:00+02:00,2025-06-14 10:00:00+02:00,2025,-2.02,-2.02,-2.02
2026-06-14 11:00:00+02:00,2025-06-14 11:00:00+02:00,2025,-9.08,-9.08,-9.08
2026-06-14 12:00:00+02:00,2025-06-14 12:00:00+02:00,2025,-35.72,-35.72,-35.72
2026-06-14 13:00:00+02:00,2025-06-14 13:00:00+02:00,2025,-38.0,-38.0,-38.0
2026-06-14 14:00:00+02:00,2025-06-14 14:00:00+02:00,2025,-25.75,-25.75,-25.75
2026-06-14 15:00:00+02:00,2025-06-14 15:00:00+02:00,2025,-6.7,-6.7,-6.7
2026-06-14 16:00:00+02:00,2025-06-14 16:00:00+02:00,2025,-0.37,-0.37,-0.37
2026-06-14 17:00:00+02:00,2025-06-14 17:00:00+02:00,2025,8.86,8.86,8.86
2026-06-14 18:00:00+02:00,2025-06-14 18:00:00+02:00,2025,83.38,83.38,83.38
2026-06-14 19:00:00+02:00,2025-06-14 19:00:00+02:00,2025,121.55,121.55,121.55
2026-06-14 20:00:00+02:00,2025-06-14 20:00:00+02:00,2025,127.27,127.27,127.27
2026-06-14 21:00:00+02:00,2025-06-14 21:00:00+02:00,2025,117.68,117.68,117.68
2026-06-14 22:00:00+02:00,2025-06-14 22:00:00+02:00,2025,121.39,121.39,121.39
2026-06-14 23:00:00+02:00,2025-06-14 23:00:00+02:00,2025,109.0,109.0,109.0
2026-06-15 00:00:00+02:00,2025-06-15 00:00:00+02:00,2025,91.93,91.93,91.93
2026-06-15 01:00:00+02:00,2025-06-15 01:00:00+02:00,2025,88.87,88.87,88.87
2026-06-15 02:00:00+02:00,2025-06-15 02:00:00+02:00,2025,87.23,87.23,87.23
2026-06-15 03:00:00+02:00,2025-06-15 03:00:00+02:00,2025,90.94,90.94,90.94
2026-06-15 04:00:00+02:00,2025-06-15 04:00:00+02:00,2025,91.99,91.99,91.99
2026-06-15 05:00:00+02:00,2025-06-15 05:00:00+02:00,2025,92.15,92.15,92.15
2026-06-15 06:00:00+02:00,2025-06-15 06:00:00+02:00,2025,84.99,84.99,84.99
2026-06-15 07:00:00+02:00,2025-06-15 07:00:00+02:00,2025,66.21,66.21,66.21
2026-06-15 08:00:00+02:00,2025-06-15 08:00:00+02:00,2025,53.86,53.86,53.86
2026-06-15 09:00:00+02:00,2025-06-15 09:00:00+02:00,2025,5.55,5.55,5.55
2026-06-15 10:00:00+02:00,2025-06-15 10:00:00+02:00,2025,0.0,0.0,0.0
2026-06-15 11:00:00+02:00,2025-06-15 11:00:00+02:00,2025,-0.02,-0.02,-0.02
2026-06-15 12:00:00+02:00,2025-06-15 12:00:00+02:00,2025,-1.22,-1.22,-1.22
2026-06-15 13:00:00+02:00,2025-06-15 13:00:00+02:00,2025,-5.61,-5.61,-5.61
2026-06-15 14:00:00+02:00,2025-06-15 14:00:00+02:00,2025,-5.0,-5.0,-5.0
2026-06-15 15:00:00+02:00,2025-06-15 15:00:00+02:00,2025,-2.0,-2.0,-2.0
2026-06-15 16:00:00+02:00,2025-06-15 16:00:00+02:00,2025,-0.01,-0.01,-0.01
2026-06-15 17:00:00+02:00,2025-06-15 17:00:00+02:00,2025,54.79,54.79,54.79
2026-06-15 18:00:00+02:00,2025-06-15 18:00:00+02:00,2025,96.43,96.43,96.43
2026-06-15 19:00:00+02:00,2025-06-15 19:00:00+02:00,2025,109.0,109.0,109.0
2026-06-15 20:00:00+02:00,2025-06-15 20:00:00+02:00,2025,114.59,114.59,114.59
2026-06-15 21:00:00+02:00,2025-06-15 21:00:00+02:00,2025,135.43,135.43,135.43
2026-06-15 22:00:00+02:00,2025-06-15 22:00:00+02:00,2025,127.63,127.63,127.63
2026-06-15 23:00:00+02:00,2025-06-15 23:00:00+02:00,2025,106.54,106.54,106.54
2026-06-16 00:00:00+02:00,2025-06-16 00:00:00+02:00,2025,105.72,105.72,105.72
2026-06-16 01:00:00+02:00,2025-06-16 01:00:00+02:00,2025,91.64,91.64,91.64
2026-06-16 02:00:00+02:00,2025-06-16 02:00:00+02:00,2025,86.94,86.94,86.94
2026-06-16 03:00:00+02:00,2025-06-16 03:00:00+02:00,2025,84.0,84.0,84.0
2026-06-16 04:00:00+02:00,2025-06-16 04:00:00+02:00,2025,83.28,83.28,83.28
2026-06-16 05:00:00+02:00,2025-06-16 05:00:00+02:00,2025,88.39,88.39,88.39
2026-06-16 06:00:00+02:00,2025-06-16 06:00:00+02:00,2025,112.43,112.43,112.43
2026-06-16 07:00:00+02:00,2025-06-16 07:00:00+02:00,2025,123.49,123.49,123.49
2026-06-16 08:00:00+02:00,2025-06-16 08:00:00+02:00,2025,108.92,108.92,108.92
2026-06-16 09:00:00+02:00,2025-06-16 09:00:00+02:00,2025,84.49,84.49,84.49
2026-06-16 10:00:00+02:00,2025-06-16 10:00:00+02:00,2025,60.28,60.28,60.28
2026-06-16 11:00:00+02:00,2025-06-16 11:00:00+02:00,2025,14.02,14.02,14.02
2026-06-16 12:00:00+02:00,2025-06-16 12:00:00+02:00,2025,1.62,1.62,1.62
2026-06-16 13:00:00+02:00,2025-06-16 13:00:00+02:00,2025,0.07,0.07,0.07
2026-06-16 14:00:00+02:00,2025-06-16 14:00:00+02:00,2025,0.0,0.0,0.0
2026-06-16 15:00:00+02:00,2025-06-16 15:00:00+02:00,2025,0.0,0.0,0.0
2026-06-16 16:00:00+02:00,2025-06-16 16:00:00+02:00,2025,13.61,13.61,13.61
2026-06-16 17:00:00+02:00,2025-06-16 17:00:00+02:00,2025,70.0,70.0,70.0
2026-06-16 18:00:00+02:00,2025-06-16 18:00:00+02:00,2025,89.24,89.24,89.24
2026-06-16 19:00:00+02:00,2025-06-16 19:00:00+02:00,2025,116.0,116.0,116.0
2026-06-16 20:00:00+02:00,2025-06-16 20:00:00+02:00,2025,186.1,186.1,186.1
2026-06-16 21:00:00+02:00,2025-06-16 21:00:00+02:00,2025,190.0,190.0,190.0
2026-06-16 22:00:00+02:00,2025-06-16 22:00:00+02:00,2025,129.18,129.18,129.18
2026-06-16 23:00:00+02:00,2025-06-16 23:00:00+02:00,2025,106.9,106.9,106.9
2026-06-17 00:00:00+02:00,2025-06-17 00:00:00+02:00,2025,103.98,103.98,103.98
2026-06-17 01:00:00+02:00,2025-06-17 01:00:00+02:00,2025,98.26,98.26,98.26
2026-06-17 02:00:00+02:00,2025-06-17 02:00:00+02:00,2025,94.95,94.95,94.95
2026-06-17 03:00:00+02:00,2025-06-17 03:00:00+02:00,2025,94.19,94.19,94.19
2026-06-17 04:00:00+02:00,2025-06-17 04:00:00+02:00,2025,95.24,95.24,95.24
2026-06-17 05:00:00+02:00,2025-06-17 05:00:00+02:00,2025,102.51,102.51,102.51
2026-06-17 06:00:00+02:00,2025-06-17 06:00:00+02:00,2025,118.76,118.76,118.76
2026-06-17 07:00:00+02:00,2025-06-17 07:00:00+02:00,2025,107.01,107.01,107.01
2026-06-17 08:00:00+02:00,2025-06-17 08:00:00+02:00,2025,98.59,98.59,98.59
2026-06-17 09:00:00+02:00,2025-06-17 09:00:00+02:00,2025,70.74,70.74,70.74
2026-06-17 10:00:00+02:00,2025-06-17 10:00:00+02:00,2025,4.34,4.34,4.34
2026-06-17 11:00:00+02:00,2025-06-17 11:00:00+02:00,2025,-0.61,-0.61,-0.61
2026-06-17 12:00:00+02:00,2025-06-17 12:00:00+02:00,2025,-0.86,-0.86,-0.86
2026-06-17 13:00:00+02:00,2025-06-17 13:00:00+02:00,2025,-4.91,-4.91,-4.91
2026-06-17 14:00:00+02:00,2025-06-17 14:00:00+02:00,2025,-6.2,-6.2,-6.2
2026-06-17 15:00:00+02:00,2025-06-17 15:00:00+02:00,2025,-2.56,-2.56,-2.56
2026-06-17 16:00:00+02:00,2025-06-17 16:00:00+02:00,2025,8.65,8.65,8.65
2026-06-17 17:00:00+02:00,2025-06-17 17:00:00+02:00,2025,79.23,79.23,79.23
2026-06-17 18:00:00+02:00,2025-06-17 18:00:00+02:00,2025,103.36,103.36,103.36
2026-06-17 19:00:00+02:00,2025-06-17 19:00:00+02:00,2025,129.08,129.08,129.08
2026-06-17 20:00:00+02:00,2025-06-17 20:00:00+02:00,2025,241.8,241.8,241.8
2026-06-17 21:00:00+02:00,2025-06-17 21:00:00+02:00,2025,241.38,241.38,241.38
2026-06-17 22:00:00+02:00,2025-06-17 22:00:00+02:00,2025,138.19,138.19,138.19
2026-06-17 23:00:00+02:00,2025-06-17 23:00:00+02:00,2025,116.36,116.36,116.36
2026-06-18 00:00:00+02:00,2025-06-18 00:00:00+02:00,2025,113.0,113.0,113.0
2026-06-18 01:00:00+02:00,2025-06-18 01:00:00+02:00,2025,106.8,106.8,106.8
2026-06-18 02:00:00+02:00,2025-06-18 02:00:00+02:00,2025,101.5,101.5,101.5
2026-06-18 03:00:00+02:00,2025-06-18 03:00:00+02:00,2025,95.84,95.84,95.84
2026-06-18 04:00:00+02:00,2025-06-18 04:00:00+02:00,2025,97.01,97.01,97.01
2026-06-18 05:00:00+02:00,2025-06-18 05:00:00+02:00,2025,103.57,103.57,103.57
2026-06-18 06:00:00+02:00,2025-06-18 06:00:00+02:00,2025,112.35,112.35,112.35
2026-06-18 07:00:00+02:00,2025-06-18 07:00:00+02:00,2025,114.9,114.9,114.9
2026-06-18 08:00:00+02:00,2025-06-18 08:00:00+02:00,2025,111.39,111.39,111.39
2026-06-18 09:00:00+02:00,2025-06-18 09:00:00+02:00,2025,78.97,78.97,78.97
2026-06-18 10:00:00+02:00,2025-06-18 10:00:00+02:00,2025,21.77,21.77,21.77
2026-06-18 11:00:00+02:00,2025-06-18 11:00:00+02:00,2025,1.17,1.17,1.17
2026-06-18 12:00:00+02:00,2025-06-18 12:00:00+02:00,2025,-0.23,-0.23,-0.23
2026-06-18 13:00:00+02:00,2025-06-18 13:00:00+02:00,2025,-1.04,-1.04,-1.04
2026-06-18 14:00:00+02:00,2025-06-18 14:00:00+02:00,2025,-2.3,-2.3,-2.3
2026-06-18 15:00:00+02:00,2025-06-18 15:00:00+02:00,2025,-2.17,-2.17,-2.17
2026-06-18 16:00:00+02:00,2025-06-18 16:00:00+02:00,2025,0.99,0.99,0.99
2026-06-18 17:00:00+02:00,2025-06-18 17:00:00+02:00,2025,74.0,74.0,74.0
2026-06-18 18:00:00+02:00,2025-06-18 18:00:00+02:00,2025,107.15,107.15,107.15
2026-06-18 19:00:00+02:00,2025-06-18 19:00:00+02:00,2025,116.4,116.4,116.4
2026-06-18 20:00:00+02:00,2025-06-18 20:00:00+02:00,2025,140.99,140.99,140.99
2026-06-18 21:00:00+02:00,2025-06-18 21:00:00+02:00,2025,175.32,175.32,175.32
2026-06-18 22:00:00+02:00,2025-06-18 22:00:00+02:00,2025,133.06,133.06,133.06
2026-06-18 23:00:00+02:00,2025-06-18 23:00:00+02:00,2025,115.35,115.35,115.35
2026-06-19 00:00:00+02:00,2025-06-19 00:00:00+02:00,2025,112.2,112.2,112.2
2026-06-19 01:00:00+02:00,2025-06-19 01:00:00+02:00,2025,106.4,106.4,106.4
2026-06-19 02:00:00+02:00,2025-06-19 02:00:00+02:00,2025,105.29,105.29,105.29
2026-06-19 03:00:00+02:00,2025-06-19 03:00:00+02:00,2025,99.51,99.51,99.51
2026-06-19 04:00:00+02:00,2025-06-19 04:00:00+02:00,2025,100.94,100.94,100.94
2026-06-19 05:00:00+02:00,2025-06-19 05:00:00+02:00,2025,95.68,95.68,95.68
2026-06-19 06:00:00+02:00,2025-06-19 06:00:00+02:00,2025,101.51,101.51,101.51
2026-06-19 07:00:00+02:00,2025-06-19 07:00:00+02:00,2025,89.25,89.25,89.25
2026-06-19 08:00:00+02:00,2025-06-19 08:00:00+02:00,2025,71.25,71.25,71.25
2026-06-19 09:00:00+02:00,2025-06-19 09:00:00+02:00,2025,0.86,0.86,0.86
2026-06-19 10:00:00+02:00,2025-06-19 10:00:00+02:00,2025,-1.33,-1.33,-1.33
2026-06-19 11:00:00+02:00,2025-06-19 11:00:00+02:00,2025,-29.98,-29.98,-29.98
2026-06-19 12:00:00+02:00,2025-06-19 12:00:00+02:00,2025,-52.21,-52.21,-52.21
2026-06-19 13:00:00+02:00,2025-06-19 13:00:00+02:00,2025,-65.44,-65.44,-65.44
2026-06-19 14:00:00+02:00,2025-06-19 14:00:00+02:00,2025,-64.95,-64.95,-64.95
2026-06-19 15:00:00+02:00,2025-06-19 15:00:00+02:00,2025,-39.79,-39.79,-39.79
2026-06-19 16:00:00+02:00,2025-06-19 16:00:00+02:00,2025,-4.95,-4.95,-4.95
2026-06-19 17:00:00+02:00,2025-06-19 17:00:00+02:00,2025,2.3,2.3,2.3
2026-06-19 18:00:00+02:00,2025-06-19 18:00:00+02:00,2025,80.33,80.33,80.33
2026-06-19 19:00:00+02:00,2025-06-19 19:00:00+02:00,2025,118.47,118.47,118.47
2026-06-19 20:00:00+02:00,2025-06-19 20:00:00+02:00,2025,138.85,138.85,138.85
2026-06-19 21:00:00+02:00,2025-06-19 21:00:00+02:00,2025,141.8,141.8,141.8
2026-06-19 22:00:00+02:00,2025-06-19 22:00:00+02:00,2025,129.66,129.66,129.66
2026-06-19 23:00:00+02:00,2025-06-19 23:00:00+02:00,2025,108.89,108.89,108.89
2026-06-20 00:00:00+02:00,2025-06-20 00:00:00+02:00,2025,109.49,109.49,109.49
2026-06-20 01:00:00+02:00,2025-06-20 01:00:00+02:00,2025,104.57,104.57,104.57
2026-06-20 02:00:00+02:00,2025-06-20 02:00:00+02:00,2025,103.24,103.24,103.24
2026-06-20 03:00:00+02:00,2025-06-20 03:00:00+02:00,2025,105.01,105.01,105.01
2026-06-20 04:00:00+02:00,2025-06-20 04:00:00+02:00,2025,104.27,104.27,104.27
2026-06-20 05:00:00+02:00,2025-06-20 05:00:00+02:00,2025,109.04,109.04,109.04
2026-06-20 06:00:00+02:00,2025-06-20 06:00:00+02:00,2025,120.9,120.9,120.9
2026-06-20 07:00:00+02:00,2025-06-20 07:00:00+02:00,2025,118.66,118.66,118.66
2026-06-20 08:00:00+02:00,2025-06-20 08:00:00+02:00,2025,110.98,110.98,110.98
2026-06-20 09:00:00+02:00,2025-06-20 09:00:00+02:00,2025,81.69,81.69,81.69
2026-06-20 10:00:00+02:00,2025-06-20 10:00:00+02:00,2025,15.83,15.83,15.83
2026-06-20 11:00:00+02:00,2025-06-20 11:00:00+02:00,2025,4.03,4.03,4.03
2026-06-20 12:00:00+02:00,2025-06-20 12:00:00+02:00,2025,0.0,0.0,0.0
2026-06-20 13:00:00+02:00,2025-06-20 13:00:00+02:00,2025,-1.0,-1.0,-1.0
2026-06-20 14:00:00+02:00,2025-06-20 14:00:00+02:00,2025,-0.17,-0.17,-0.17
2026-06-20 15:00:00+02:00,2025-06-20 15:00:00+02:00,2025,0.91,0.91,0.91
2026-06-20 16:00:00+02:00,2025-06-20 16:00:00+02:00,2025,28.99,28.99,28.99
2026-06-20 17:00:00+02:00,2025-06-20 17:00:00+02:00,2025,87.35,87.35,87.35
2026-06-20 18:00:00+02:00,2025-06-20 18:00:00+02:00,2025,111.01,111.01,111.01
2026-06-20 19:00:00+02:00,2025-06-20 19:00:00+02:00,2025,136.13,136.13,136.13
2026-06-20 20:00:00+02:00,2025-06-20 20:00:00+02:00,2025,201.29,201.29,201.29
2026-06-20 21:00:00+02:00,2025-06-20 21:00:00+02:00,2025,178.63,178.63,178.63
2026-06-20 22:00:00+02:00,2025-06-20 22:00:00+02:00,2025,137.05,137.05,137.05
2026-06-20 23:00:00+02:00,2025-06-20 23:00:00+02:00,2025,121.38,121.38,121.38
2026-06-21 00:00:00+02:00,2025-06-21 00:00:00+02:00,2025,118.52,118.52,118.52
2026-06-21 01:00:00+02:00,2025-06-21 01:00:00+02:00,2025,110.48,110.48,110.48
2026-06-21 02:00:00+02:00,2025-06-21 02:00:00+02:00,2025,108.15,108.15,108.15
2026-06-21 03:00:00+02:00,2025-06-21 03:00:00+02:00,2025,106.76,106.76,106.76
2026-06-21 04:00:00+02:00,2025-06-21 04:00:00+02:00,2025,109.1,109.1,109.1
2026-06-21 05:00:00+02:00,2025-06-21 05:00:00+02:00,2025,104.45,104.45,104.45
2026-06-21 06:00:00+02:00,2025-06-21 06:00:00+02:00,2025,100.71,100.71,100.71
2026-06-21 07:00:00+02:00,2025-06-21 07:00:00+02:00,2025,90.74,90.74,90.74
2026-06-21 08:00:00+02:00,2025-06-21 08:00:00+02:00,2025,75.93,75.93,75.93
2026-06-21 09:00:00+02:00,2025-06-21 09:00:00+02:00,2025,23.4,23.4,23.4
2026-06-21 10:00:00+02:00,2025-06-21 10:00:00+02:00,2025,0.19,0.19,0.19
2026-06-21 11:00:00+02:00,2025-06-21 11:00:00+02:00,2025,-2.01,-2.01,-2.01
2026-06-21 12:00:00+02:00,2025-06-21 12:00:00+02:00,2025,-13.96,-13.96,-13.96
2026-06-21 13:00:00+02:00,2025-06-21 13:00:00+02:00,2025,-29.98,-29.98,-29.98
2026-06-21 14:00:00+02:00,2025-06-21 14:00:00+02:00,2025,-26.31,-26.31,-26.31
2026-06-21 15:00:00+02:00,2025-06-21 15:00:00+02:00,2025,-4.42,-4.42,-4.42
2026-06-21 16:00:00+02:00,2025-06-21 16:00:00+02:00,2025,0.09,0.09,0.09
2026-06-21 17:00:00+02:00,2025-06-21 17:00:00+02:00,2025,59.99,59.99,59.99
2026-06-21 18:00:00+02:00,2025-06-21 18:00:00+02:00,2025,100.95,100.95,100.95
2026-06-21 19:00:00+02:00,2025-06-21 19:00:00+02:00,2025,127.9,127.9,127.9
2026-06-21 20:00:00+02:00,2025-06-21 20:00:00+02:00,2025,156.74,156.74,156.74
2026-06-21 21:00:00+02:00,2025-06-21 21:00:00+02:00,2025,165.3,165.3,165.3
2026-06-21 22:00:00+02:00,2025-06-21 22:00:00+02:00,2025,140.78,140.78,140.78
2026-06-21 23:00:00+02:00,2025-06-21 23:00:00+02:00,2025,119.2,119.2,119.2
2026-06-22 00:00:00+02:00,2025-06-22 00:00:00+02:00,2025,108.15,108.15,108.15
2026-06-22 01:00:00+02:00,2025-06-22 01:00:00+02:00,2025,101.07,101.07,101.07
2026-06-22 02:00:00+02:00,2025-06-22 02:00:00+02:00,2025,97.46,97.46,97.46
2026-06-22 03:00:00+02:00,2025-06-22 03:00:00+02:00,2025,92.12,92.12,92.12
2026-06-22 04:00:00+02:00,2025-06-22 04:00:00+02:00,2025,89.69,89.69,89.69
2026-06-22 05:00:00+02:00,2025-06-22 05:00:00+02:00,2025,87.95,87.95,87.95
2026-06-22 06:00:00+02:00,2025-06-22 06:00:00+02:00,2025,71.98,71.98,71.98
2026-06-22 07:00:00+02:00,2025-06-22 07:00:00+02:00,2025,26.44,26.44,26.44
2026-06-22 08:00:00+02:00,2025-06-22 08:00:00+02:00,2025,0.0,0.0,0.0
2026-06-22 09:00:00+02:00,2025-06-22 09:00:00+02:00,2025,-0.09,-0.09,-0.09
2026-06-22 10:00:00+02:00,2025-06-22 10:00:00+02:00,2025,-11.11,-11.11,-11.11
2026-06-22 11:00:00+02:00,2025-06-22 11:00:00+02:00,2025,-38.56,-38.56,-38.56
2026-06-22 12:00:00+02:00,2025-06-22 12:00:00+02:00,2025,-67.41,-67.41,-67.41
2026-06-22 13:00:00+02:00,2025-06-22 13:00:00+02:00,2025,-99.01,-99.01,-99.01
2026-06-22 14:00:00+02:00,2025-06-22 14:00:00+02:00,2025,-81.0,-81.0,-81.0
2026-06-22 15:00:00+02:00,2025-06-22 15:00:00+02:00,2025,-40.09,-40.09,-40.09
2026-06-22 16:00:00+02:00,2025-06-22 16:00:00+02:00,2025,-7.68,-7.68,-7.68
2026-06-22 17:00:00+02:00,2025-06-22 17:00:00+02:00,2025,-0.01,-0.01,-0.01
2026-06-22 18:00:00+02:00,2025-06-22 18:00:00+02:00,2025,69.75,69.75,69.75
2026-06-22 19:00:00+02:00,2025-06-22 19:00:00+02:00,2025,109.33,109.33,109.33
2026-06-22 20:00:00+02:00,2025-06-22 20:00:00+02:00,2025,123.9,123.9,123.9
2026-06-22 21:00:00+02:00,2025-06-22 21:00:00+02:00,2025,134.33,134.33,134.33
2026-06-22 22:00:00+02:00,2025-06-22 22:00:00+02:00,2025,126.32,126.32,126.32
2026-06-22 23:00:00+02:00,2025-06-22 23:00:00+02:00,2025,101.63,101.63,101.63
2026-06-23 00:00:00+02:00,2025-06-23 00:00:00+02:00,2025,70.3,70.3,70.3
2026-06-23 01:00:00+02:00,2025-06-23 01:00:00+02:00,2025,63.8,63.8,63.8
2026-06-23 02:00:00+02:00,2025-06-23 02:00:00+02:00,2025,63.79,63.79,63.79
2026-06-23 03:00:00+02:00,2025-06-23 03:00:00+02:00,2025,64.51,64.51,64.51
2026-06-23 04:00:00+02:00,2025-06-23 04:00:00+02:00,2025,72.5,72.5,72.5
2026-06-23 05:00:00+02:00,2025-06-23 05:00:00+02:00,2025,84.92,84.92,84.92
2026-06-23 06:00:00+02:00,2025-06-23 06:00:00+02:00,2025,89.12,89.12,89.12
2026-06-23 07:00:00+02:00,2025-06-23 07:00:00+02:00,2025,92.24,92.24,92.24
2026-06-23 08:00:00+02:00,2025-06-23 08:00:00+02:00,2025,78.96,78.96,78.96
2026-06-23 09:00:00+02:00,2025-06-23 09:00:00+02:00,2025,18.64,18.64,18.64
2026-06-23 10:00:00+02:00,2025-06-23 10:00:00+02:00,2025,-0.01,-0.01,-0.01
2026-06-23 11:00:00+02:00,2025-06-23 11:00:00+02:00,2025,-6.11,-6.11,-6.11
2026-06-23 12:00:00+02:00,2025-06-23 12:00:00+02:00,2025,-12.76,-12.76,-12.76
2026-06-23 13:00:00+02:00,2025-06-23 13:00:00+02:00,2025,-26.45,-26.45,-26.45
2026-06-23 14:00:00+02:00,2025-06-23 14:00:00+02:00,2025,-32.75,-32.75,-32.75
2026-06-23 15:00:00+02:00,2025-06-23 15:00:00+02:00,2025,-32.69,-32.69,-32.69
2026-06-23 16:00:00+02:00,2025-06-23 16:00:00+02:00,2025,-25.0,-25.0,-25.0
2026-06-23 17:00:00+02:00,2025-06-23 17:00:00+02:00,2025,-13.11,-13.11,-13.11
2026-06-23 18:00:00+02:00,2025-06-23 18:00:00+02:00,2025,-1.01,-1.01,-1.01
2026-06-23 19:00:00+02:00,2025-06-23 19:00:00+02:00,2025,20.0,20.0,20.0
2026-06-23 20:00:00+02:00,2025-06-23 20:00:00+02:00,2025,83.5,83.5,83.5
2026-06-23 21:00:00+02:00,2025-06-23 21:00:00+02:00,2025,90.0,90.0,90.0
2026-06-23 22:00:00+02:00,2025-06-23 22:00:00+02:00,2025,97.78,97.78,97.78
2026-06-23 23:00:00+02:00,2025-06-23 23:00:00+02:00,2025,89.53,89.53,89.53
2026-06-24 00:00:00+02:00,2025-06-24 00:00:00+02:00,2025,77.08,77.08,77.08
2026-06-24 01:00:00+02:00,2025-06-24 01:00:00+02:00,2025,66.79,66.79,66.79
2026-06-24 02:00:00+02:00,2025-06-24 02:00:00+02:00,2025,63.79,63.79,63.79
2026-06-24 03:00:00+02:00,2025-06-24 03:00:00+02:00,2025,58.12,58.12,58.12
2026-06-24 04:00:00+02:00,2025-06-24 04:00:00+02:00,2025,66.52,66.52,66.52
2026-06-24 05:00:00+02:00,2025-06-24 05:00:00+02:00,2025,69.75,69.75,69.75
2026-06-24 06:00:00+02:00,2025-06-24 06:00:00+02:00,2025,88.15,88.15,88.15
2026-06-24 07:00:00+02:00,2025-06-24 07:00:00+02:00,2025,88.02,88.02,88.02
2026-06-24 08:00:00+02:00,2025-06-24 08:00:00+02:00,2025,41.27,41.27,41.27
2026-06-24 09:00:00+02:00,2025-06-24 09:00:00+02:00,2025,-0.01,-0.01,-0.01
2026-06-24 10:00:00+02:00,2025-06-24 10:00:00+02:00,2025,-4.01,-4.01,-4.01
2026-06-24 11:00:00+02:00,2025-06-24 11:00:00+02:00,2025,-12.41,-12.41,-12.41
2026-06-24 12:00:00+02:00,2025-06-24 12:00:00+02:00,2025,-20.09,-20.09,-20.09
2026-06-24 13:00:00+02:00,2025-06-24 13:00:00+02:00,2025,-22.75,-22.75,-22.75
2026-06-24 14:00:00+02:00,2025-06-24 14:00:00+02:00,2025,-19.27,-19.27,-19.27
2026-06-24 15:00:00+02:00,2025-06-24 15:00:00+02:00,2025,-7.56,-7.56,-7.56
2026-06-24 16:00:00+02:00,2025-06-24 16:00:00+02:00,2025,-3.06,-3.06,-3.06
2026-06-24 17:00:00+02:00,2025-06-24 17:00:00+02:00,2025,2.09,2.09,2.09
2026-06-24 18:00:00+02:00,2025-06-24 18:00:00+02:00,2025,61.77,61.77,61.77
2026-06-24 19:00:00+02:00,2025-06-24 19:00:00+02:00,2025,97.25,97.25,97.25
2026-06-24 20:00:00+02:00,2025-06-24 20:00:00+02:00,2025,123.9,123.9,123.9
2026-06-24 21:00:00+02:00,2025-06-24 21:00:00+02:00,2025,122.49,122.49,122.49
2026-06-24 22:00:00+02:00,2025-06-24 22:00:00+02:00,2025,97.41,97.41,97.41
2026-06-24 23:00:00+02:00,2025-06-24 23:00:00+02:00,2025,98.02,98.02,98.02
2026-06-25 00:00:00+02:00,2025-06-25 00:00:00+02:00,2025,78.85,78.85,78.85
2026-06-25 01:00:00+02:00,2025-06-25 01:00:00+02:00,2025,67.63,67.63,67.63
2026-06-25 02:00:00+02:00,2025-06-25 02:00:00+02:00,2025,70.02,70.02,70.02
2026-06-25 03:00:00+02:00,2025-06-25 03:00:00+02:00,2025,69.07,69.07,69.07
2026-06-25 04:00:00+02:00,2025-06-25 04:00:00+02:00,2025,70.01,70.01,70.01
2026-06-25 05:00:00+02:00,2025-06-25 05:00:00+02:00,2025,82.77,82.77,82.77
2026-06-25 06:00:00+02:00,2025-06-25 06:00:00+02:00,2025,105.72,105.72,105.72
2026-06-25 07:00:00+02:00,2025-06-25 07:00:00+02:00,2025,112.36,112.36,112.36
2026-06-25 08:00:00+02:00,2025-06-25 08:00:00+02:00,2025,97.87,97.87,97.87
2026-06-25 09:00:00+02:00,2025-06-25 09:00:00+02:00,2025,70.02,70.02,70.02
2026-06-25 10:00:00+02:00,2025-06-25 10:00:00+02:00,2025,10.07,10.07,10.07
2026-06-25 11:00:00+02:00,2025-06-25 11:00:00+02:00,2025,0.07,0.07,0.07
2026-06-25 12:00:00+02:00,2025-06-25 12:00:00+02:00,2025,-0.02,-0.02,-0.02
2026-06-25 13:00:00+02:00,2025-06-25 13:00:00+02:00,2025,-0.14,-0.14,-0.14
2026-06-25 14:00:00+02:00,2025-06-25 14:00:00+02:00,2025,-0.51,-0.51,-0.51
2026-06-25 15:00:00+02:00,2025-06-25 15:00:00+02:00,2025,0.0,0.0,0.0
2026-06-25 16:00:00+02:00,2025-06-25 16:00:00+02:00,2025,17.84,17.84,17.84
2026-06-25 17:00:00+02:00,2025-06-25 17:00:00+02:00,2025,84.47,84.47,84.47
2026-06-25 18:00:00+02:00,2025-06-25 18:00:00+02:00,2025,105.8,105.8,105.8
2026-06-25 19:00:00+02:00,2025-06-25 19:00:00+02:00,2025,134.19,134.19,134.19
2026-06-25 20:00:00+02:00,2025-06-25 20:00:00+02:00,2025,200.0,200.0,200.0
2026-06-25 21:00:00+02:00,2025-06-25 21:00:00+02:00,2025,247.02,247.02,247.02
2026-06-25 22:00:00+02:00,2025-06-25 22:00:00+02:00,2025,173.62,173.62,173.62
2026-06-25 23:00:00+02:00,2025-06-25 23:00:00+02:00,2025,126.84,126.84,126.84
2026-06-26 00:00:00+02:00,2025-06-26 00:00:00+02:00,2025,119.95,119.95,119.95
2026-06-26 01:00:00+02:00,2025-06-26 01:00:00+02:00,2025,107.63,107.63,107.63
2026-06-26 02:00:00+02:00,2025-06-26 02:00:00+02:00,2025,102.83,102.83,102.83
2026-06-26 03:00:00+02:00,2025-06-26 03:00:00+02:00,2025,98.62,98.62,98.62
2026-06-26 04:00:00+02:00,2025-06-26 04:00:00+02:00,2025,98.79,98.79,98.79
2026-06-26 05:00:00+02:00,2025-06-26 05:00:00+02:00,2025,102.91,102.91,102.91
2026-06-26 06:00:00+02:00,2025-06-26 06:00:00+02:00,2025,119.9,119.9,119.9
2026-06-26 07:00:00+02:00,2025-06-26 07:00:00+02:00,2025,120.91,120.91,120.91
2026-06-26 08:00:00+02:00,2025-06-26 08:00:00+02:00,2025,106.79,106.79,106.79
2026-06-26 09:00:00+02:00,2025-06-26 09:00:00+02:00,2025,96.45,96.45,96.45
2026-06-26 10:00:00+02:00,2025-06-26 10:00:00+02:00,2025,88.95,88.95,88.95
2026-06-26 11:00:00+02:00,2025-06-26 11:00:00+02:00,2025,77.88,77.88,77.88
2026-06-26 12:00:00+02:00,2025-06-26 12:00:00+02:00,2025,70.25,70.25,70.25
2026-06-26 13:00:00+02:00,2025-06-26 13:00:00+02:00,2025,59.25,59.25,59.25
2026-06-26 14:00:00+02:00,2025-06-26 14:00:00+02:00,2025,51.12,51.12,51.12
2026-06-26 15:00:00+02:00,2025-06-26 15:00:00+02:00,2025,48.99,48.99,48.99
2026-06-26 16:00:00+02:00,2025-06-26 16:00:00+02:00,2025,63.04,63.04,63.04
2026-06-26 17:00:00+02:00,2025-06-26 17:00:00+02:00,2025,70.3,70.3,70.3
2026-06-26 18:00:00+02:00,2025-06-26 18:00:00+02:00,2025,89.23,89.23,89.23
2026-06-26 19:00:00+02:00,2025-06-26 19:00:00+02:00,2025,93.95,93.95,93.95
2026-06-26 20:00:00+02:00,2025-06-26 20:00:00+02:00,2025,99.14,99.14,99.14
2026-06-26 21:00:00+02:00,2025-06-26 21:00:00+02:00,2025,100.0,100.0,100.0
2026-06-26 22:00:00+02:00,2025-06-26 22:00:00+02:00,2025,108.64,108.64,108.64
2026-06-26 23:00:00+02:00,2025-06-26 23:00:00+02:00,2025,97.23,97.23,97.23
2026-06-27 00:00:00+02:00,2025-06-27 00:00:00+02:00,2025,84.5,84.5,84.5
2026-06-27 01:00:00+02:00,2025-06-27 01:00:00+02:00,2025,78.83,78.83,78.83
2026-06-27 02:00:00+02:00,2025-06-27 02:00:00+02:00,2025,75.67,75.67,75.67
2026-06-27 03:00:00+02:00,2025-06-27 03:00:00+02:00,2025,80.41,80.41,80.41
2026-06-27 04:00:00+02:00,2025-06-27 04:00:00+02:00,2025,82.39,82.39,82.39
2026-06-27 05:00:00+02:00,2025-06-27 05:00:00+02:00,2025,88.9,88.9,88.9
2026-06-27 06:00:00+02:00,2025-06-27 06:00:00+02:00,2025,105.58,105.58,105.58
2026-06-27 07:00:00+02:00,2025-06-27 07:00:00+02:00,2025,113.2,113.2,113.2
2026-06-27 08:00:00+02:00,2025-06-27 08:00:00+02:00,2025,107.7,107.7,107.7
2026-06-27 09:00:00+02:00,2025-06-27 09:00:00+02:00,2025,90.94,90.94,90.94
2026-06-27 10:00:00+02:00,2025-06-27 10:00:00+02:00,2025,79.12,79.12,79.12
2026-06-27 11:00:00+02:00,2025-06-27 11:00:00+02:00,2025,67.45,67.45,67.45
2026-06-27 12:00:00+02:00,2025-06-27 12:00:00+02:00,2025,54.53,54.53,54.53
2026-06-27 13:00:00+02:00,2025-06-27 13:00:00+02:00,2025,28.3,28.3,28.3
2026-06-27 14:00:00+02:00,2025-06-27 14:00:00+02:00,2025,7.87,7.87,7.87
2026-06-27 15:00:00+02:00,2025-06-27 15:00:00+02:00,2025,9.88,9.88,9.88
2026-06-27 16:00:00+02:00,2025-06-27 16:00:00+02:00,2025,29.92,29.92,29.92
2026-06-27 17:00:00+02:00,2025-06-27 17:00:00+02:00,2025,70.68,70.68,70.68
2026-06-27 18:00:00+02:00,2025-06-27 18:00:00+02:00,2025,91.73,91.73,91.73
2026-06-27 19:00:00+02:00,2025-06-27 19:00:00+02:00,2025,107.15,107.15,107.15
2026-06-27 20:00:00+02:00,2025-06-27 20:00:00+02:00,2025,124.86,124.86,124.86
2026-06-27 21:00:00+02:00,2025-06-27 21:00:00+02:00,2025,134.94,134.94,134.94
2026-06-27 22:00:00+02:00,2025-06-27 22:00:00+02:00,2025,126.24,126.24,126.24
2026-06-27 23:00:00+02:00,2025-06-27 23:00:00+02:00,2025,107.7,107.7,107.7
2026-06-28 00:00:00+02:00,2025-06-28 00:00:00+02:00,2025,94.7,94.7,94.7
2026-06-28 01:00:00+02:00,2025-06-28 01:00:00+02:00,2025,89.61,89.61,89.61
2026-06-28 02:00:00+02:00,2025-06-28 02:00:00+02:00,2025,82.02,82.02,82.02
2026-06-28 03:00:00+02:00,2025-06-28 03:00:00+02:00,2025,76.59,76.59,76.59
2026-06-28 04:00:00+02:00,2025-06-28 04:00:00+02:00,2025,70.27,70.27,70.27
2026-06-28 05:00:00+02:00,2025-06-28 05:00:00+02:00,2025,75.4,75.4,75.4
2026-06-28 06:00:00+02:00,2025-06-28 06:00:00+02:00,2025,74.0,74.0,74.0
2026-06-28 07:00:00+02:00,2025-06-28 07:00:00+02:00,2025,58.84,58.84,58.84
2026-06-28 08:00:00+02:00,2025-06-28 08:00:00+02:00,2025,27.8,27.8,27.8
2026-06-28 09:00:00+02:00,2025-06-28 09:00:00+02:00,2025,2.34,2.34,2.34
2026-06-28 10:00:00+02:00,2025-06-28 10:00:00+02:00,2025,0.01,0.01,0.01
2026-06-28 11:00:00+02:00,2025-06-28 11:00:00+02:00,2025,-0.04,-0.04,-0.04
2026-06-28 12:00:00+02:00,2025-06-28 12:00:00+02:00,2025,-1.0,-1.0,-1.0
2026-06-28 13:00:00+02:00,2025-06-28 13:00:00+02:00,2025,-2.01,-2.01,-2.01
2026-06-28 14:00:00+02:00,2025-06-28 14:00:00+02:00,2025,-3.09,-3.09,-3.09
2026-06-28 15:00:00+02:00,2025-06-28 15:00:00+02:00,2025,-1.01,-1.01,-1.01
2026-06-28 16:00:00+02:00,2025-06-28 16:00:00+02:00,2025,-1.0,-1.0,-1.0
2026-06-28 17:00:00+02:00,2025-06-28 17:00:00+02:00,2025,2.97,2.97,2.97
2026-06-28 18:00:00+02:00,2025-06-28 18:00:00+02:00,2025,62.73,62.73,62.73
2026-06-28 19:00:00+02:00,2025-06-28 19:00:00+02:00,2025,95.03,95.03,95.03
2026-06-28 20:00:00+02:00,2025-06-28 20:00:00+02:00,2025,108.99,108.99,108.99
2026-06-28 21:00:00+02:00,2025-06-28 21:00:00+02:00,2025,123.86,123.86,123.86
2026-06-28 22:00:00+02:00,2025-06-28 22:00:00+02:00,2025,119.84,119.84,119.84
2026-06-28 23:00:00+02:00,2025-06-28 23:00:00+02:00,2025,103.5,103.5,103.5
2026-06-29 00:00:00+02:00,2025-06-29 00:00:00+02:00,2025,95.07,95.07,95.07
2026-06-29 01:00:00+02:00,2025-06-29 01:00:00+02:00,2025,89.42,89.42,89.42
2026-06-29 02:00:00+02:00,2025-06-29 02:00:00+02:00,2025,89.66,89.66,89.66
2026-06-29 03:00:00+02:00,2025-06-29 03:00:00+02:00,2025,86.82,86.82,86.82
2026-06-29 04:00:00+02:00,2025-06-29 04:00:00+02:00,2025,85.31,85.31,85.31
2026-06-29 05:00:00+02:00,2025-06-29 05:00:00+02:00,2025,85.3,85.3,85.3
2026-06-29 06:00:00+02:00,2025-06-29 06:00:00+02:00,2025,86.39,86.39,86.39
2026-06-29 07:00:00+02:00,2025-06-29 07:00:00+02:00,2025,74.92,74.92,74.92
2026-06-29 08:00:00+02:00,2025-06-29 08:00:00+02:00,2025,47.52,47.52,47.52
2026-06-29 09:00:00+02:00,2025-06-29 09:00:00+02:00,2025,1.99,1.99,1.99
2026-06-29 10:00:00+02:00,2025-06-29 10:00:00+02:00,2025,0.0,0.0,0.0
2026-06-29 11:00:00+02:00,2025-06-29 11:00:00+02:00,2025,-0.26,-0.26,-0.26
2026-06-29 12:00:00+02:00,2025-06-29 12:00:00+02:00,2025,-5.4,-5.4,-5.4
2026-06-29 13:00:00+02:00,2025-06-29 13:00:00+02:00,2025,-20.1,-20.1,-20.1
2026-06-29 14:00:00+02:00,2025-06-29 14:00:00+02:00,2025,-24.01,-24.01,-24.01
2026-06-29 15:00:00+02:00,2025-06-29 15:00:00+02:00,2025,-15.45,-15.45,-15.45
2026-06-29 16:00:00+02:00,2025-06-29 16:00:00+02:00,2025,-2.69,-2.69,-2.69
2026-06-29 17:00:00+02:00,2025-06-29 17:00:00+02:00,2025,0.01,0.01,0.01
2026-06-29 18:00:00+02:00,2025-06-29 18:00:00+02:00,2025,77.44,77.44,77.44
2026-06-29 19:00:00+02:00,2025-06-29 19:00:00+02:00,2025,102.14,102.14,102.14
2026-06-29 20:00:00+02:00,2025-06-29 20:00:00+02:00,2025,111.98,111.98,111.98
2026-06-29 21:00:00+02:00,2025-06-29 21:00:00+02:00,2025,118.07,118.07,118.07
2026-06-29 22:00:00+02:00,2025-06-29 22:00:00+02:00,2025,113.73,113.73,113.73
2026-06-29 23:00:00+02:00,2025-06-29 23:00:00+02:00,2025,101.0,101.0,101.0
2026-06-30 00:00:00+02:00,2025-06-30 00:00:00+02:00,2025,98.73,98.73,98.73
2026-06-30 01:00:00+02:00,2025-06-30 01:00:00+02:00,2025,89.03,89.03,89.03
2026-06-30 02:00:00+02:00,2025-06-30 02:00:00+02:00,2025,85.03,85.03,85.03
2026-06-30 03:00:00+02:00,2025-06-30 03:00:00+02:00,2025,84.13,84.13,84.13
2026-06-30 04:00:00+02:00,2025-06-30 04:00:00+02:00,2025,86.51,86.51,86.51
2026-06-30 05:00:00+02:00,2025-06-30 05:00:00+02:00,2025,97.41,97.41,97.41
2026-06-30 06:00:00+02:00,2025-06-30 06:00:00+02:00,2025,114.9,114.9,114.9
2026-06-30 07:00:00+02:00,2025-06-30 07:00:00+02:00,2025,111.7,111.7,111.7
2026-06-30 08:00:00+02:00,2025-06-30 08:00:00+02:00,2025,108.52,108.52,108.52
2026-06-30 09:00:00+02:00,2025-06-30 09:00:00+02:00,2025,91.77,91.77,91.77
2026-06-30 10:00:00+02:00,2025-06-30 10:00:00+02:00,2025,74.65,74.65,74.65
2026-06-30 11:00:00+02:00,2025-06-30 11:00:00+02:00,2025,43.73,43.73,43.73
2026-06-30 12:00:00+02:00,2025-06-30 12:00:00+02:00,2025,19.05,19.05,19.05
2026-06-30 13:00:00+02:00,2025-06-30 13:00:00+02:00,2025,9.96,9.96,9.96
2026-06-30 14:00:00+02:00,2025-06-30 14:00:00+02:00,2025,19.65,19.65,19.65
2026-06-30 15:00:00+02:00,2025-06-30 15:00:00+02:00,2025,60.0,60.0,60.0
2026-06-30 16:00:00+02:00,2025-06-30 16:00:00+02:00,2025,80.5,80.5,80.5
2026-06-30 17:00:00+02:00,2025-06-30 17:00:00+02:00,2025,91.98,91.98,91.98
2026-06-30 18:00:00+02:00,2025-06-30 18:00:00+02:00,2025,110.01,110.01,110.01
2026-06-30 19:00:00+02:00,2025-06-30 19:00:00+02:00,2025,178.94,178.94,178.94
2026-06-30 20:00:00+02:00,2025-06-30 20:00:00+02:00,2025,288.97,288.97,288.97
2026-06-30 21:00:00+02:00,2025-06-30 21:00:00+02:00,2025,233.35,233.35,233.35
2026-06-30 22:00:00+02:00,2025-06-30 22:00:00+02:00,2025,157.0,157.0,157.0
2026-06-30 23:00:00+02:00,2025-06-30 23:00:00+02:00,2025,122.65,122.65,122.65
2026-07-01 00:00:00+02:00,2025-07-01 00:00:00+02:00,2025,111.28,111.28,111.28
2026-07-01 01:00:00+02:00,2025-07-01 01:00:00+02:00,2025,95.29,95.29,95.29
2026-07-01 02:00:00+02:00,2025-07-01 02:00:00+02:00,2025,89.1,89.1,89.1
2026-07-01 03:00:00+02:00,2025-07-01 03:00:00+02:00,2025,88.08,88.08,88.08
2026-07-01 04:00:00+02:00,2025-07-01 04:00:00+02:00,2025,90.01,90.01,90.01
2026-07-01 05:00:00+02:00,2025-07-01 05:00:00+02:00,2025,96.5,96.5,96.5
2026-07-01 06:00:00+02:00,2025-07-01 06:00:00+02:00,2025,114.97,114.97,114.97
2026-07-01 07:00:00+02:00,2025-07-01 07:00:00+02:00,2025,120.11,120.11,120.11
2026-07-01 08:00:00+02:00,2025-07-01 08:00:00+02:00,2025,114.72,114.72,114.72
2026-07-01 09:00:00+02:00,2025-07-01 09:00:00+02:00,2025,91.19,91.19,91.19
2026-07-01 10:00:00+02:00,2025-07-01 10:00:00+02:00,2025,84.31,84.31,84.31
2026-07-01 11:00:00+02:00,2025-07-01 11:00:00+02:00,2025,69.56,69.56,69.56
2026-07-01 12:00:00+02:00,2025-07-01 12:00:00+02:00,2025,44.54,44.54,44.54
2026-07-01 13:00:00+02:00,2025-07-01 13:00:00+02:00,2025,42.47,42.47,42.47
2026-07-01 14:00:00+02:00,2025-07-01 14:00:00+02:00,2025,57.65,57.65,57.65
2026-07-01 15:00:00+02:00,2025-07-01 15:00:00+02:00,2025,78.14,78.14,78.14
2026-07-01 16:00:00+02:00,2025-07-01 16:00:00+02:00,2025,90.8,90.8,90.8
2026-07-01 17:00:00+02:00,2025-07-01 17:00:00+02:00,2025,102.02,102.02,102.02
2026-07-01 18:00:00+02:00,2025-07-01 18:00:00+02:00,2025,152.08,152.08,152.08
2026-07-01 19:00:00+02:00,2025-07-01 19:00:00+02:00,2025,307.27,307.27,307.27
2026-07-01 20:00:00+02:00,2025-07-01 20:00:00+02:00,2025,476.19,476.19,476.19
2026-07-01 21:00:00+02:00,2025-07-01 21:00:00+02:00,2025,406.81,406.81,406.81
2026-07-01 22:00:00+02:00,2025-07-01 22:00:00+02:00,2025,250.01,250.01,250.01
2026-07-01 23:00:00+02:00,2025-07-01 23:00:00+02:00,2025,147.65,147.65,147.65
2026-07-02 00:00:00+02:00,2025-07-02 00:00:00+02:00,2025,119.29,119.29,119.29
2026-07-02 01:00:00+02:00,2025-07-02 01:00:00+02:00,2025,102.7,102.7,102.7
2026-07-02 02:00:00+02:00,2025-07-02 02:00:00+02:00,2025,92.54,92.54,92.54
2026-07-02 03:00:00+02:00,2025-07-02 03:00:00+02:00,2025,92.08,92.08,92.08
2026-07-02 04:00:00+02:00,2025-07-02 04:00:00+02:00,2025,91.71,91.71,91.71
2026-07-02 05:00:00+02:00,2025-07-02 05:00:00+02:00,2025,100.55,100.55,100.55
2026-07-02 06:00:00+02:00,2025-07-02 06:00:00+02:00,2025,116.43,116.43,116.43
2026-07-02 07:00:00+02:00,2025-07-02 07:00:00+02:00,2025,110.42,110.42,110.42
2026-07-02 08:00:00+02:00,2025-07-02 08:00:00+02:00,2025,104.52,104.52,104.52
2026-07-02 09:00:00+02:00,2025-07-02 09:00:00+02:00,2025,92.62,92.62,92.62
2026-07-02 10:00:00+02:00,2025-07-02 10:00:00+02:00,2025,81.06,81.06,81.06
2026-07-02 11:00:00+02:00,2025-07-02 11:00:00+02:00,2025,69.93,69.93,69.93
2026-07-02 12:00:00+02:00,2025-07-02 12:00:00+02:00,2025,36.12,36.12,36.12
2026-07-02 13:00:00+02:00,2025-07-02 13:00:00+02:00,2025,32.59,32.59,32.59
2026-07-02 14:00:00+02:00,2025-07-02 14:00:00+02:00,2025,46.61,46.61,46.61
2026-07-02 15:00:00+02:00,2025-07-02 15:00:00+02:00,2025,71.49,71.49,71.49
2026-07-02 16:00:00+02:00,2025-07-02 16:00:00+02:00,2025,79.6,79.6,79.6
2026-07-02 17:00:00+02:00,2025-07-02 17:00:00+02:00,2025,89.27,89.27,89.27
2026-07-02 18:00:00+02:00,2025-07-02 18:00:00+02:00,2025,113.99,113.99,113.99
2026-07-02 19:00:00+02:00,2025-07-02 19:00:00+02:00,2025,186.01,186.01,186.01
2026-07-02 20:00:00+02:00,2025-07-02 20:00:00+02:00,2025,240.07,240.07,240.07
2026-07-02 21:00:00+02:00,2025-07-02 21:00:00+02:00,2025,180.21,180.21,180.21
2026-07-02 22:00:00+02:00,2025-07-02 22:00:00+02:00,2025,134.93,134.93,134.93
2026-07-02 23:00:00+02:00,2025-07-02 23:00:00+02:00,2025,108.5,108.5,108.5
2026-07-03 00:00:00+02:00,2025-07-03 00:00:00+02:00,2025,83.49,83.49,83.49
2026-07-03 01:00:00+02:00,2025-07-03 01:00:00+02:00,2025,81.15,81.15,81.15
2026-07-03 02:00:00+02:00,2025-07-03 02:00:00+02:00,2025,79.0,79.0,79.0
2026-07-03 03:00:00+02:00,2025-07-03 03:00:00+02:00,2025,78.93,78.93,78.93
2026-07-03 04:00:00+02:00,2025-07-03 04:00:00+02:00,2025,80.88,80.88,80.88
2026-07-03 05:00:00+02:00,2025-07-03 05:00:00+02:00,2025,86.45,86.45,86.45
2026-07-03 06:00:00+02:00,2025-07-03 06:00:00+02:00,2025,104.92,104.92,104.92
2026-07-03 07:00:00+02:00,2025-07-03 07:00:00+02:00,2025,108.03,108.03,108.03
2026-07-03 08:00:00+02:00,2025-07-03 08:00:00+02:00,2025,104.9,104.9,104.9
2026-07-03 09:00:00+02:00,2025-07-03 09:00:00+02:00,2025,90.45,90.45,90.45
2026-07-03 10:00:00+02:00,2025-07-03 10:00:00+02:00,2025,75.06,75.06,75.06
2026-07-03 11:00:00+02:00,2025-07-03 11:00:00+02:00,2025,57.35,57.35,57.35
2026-07-03 12:00:00+02:00,2025-07-03 12:00:00+02:00,2025,42.16,42.16,42.16
2026-07-03 13:00:00+02:00,2025-07-03 13:00:00+02:00,2025,33.91,33.91,33.91
2026-07-03 14:00:00+02:00,2025-07-03 14:00:00+02:00,2025,24.72,24.72,24.72
2026-07-03 15:00:00+02:00,2025-07-03 15:00:00+02:00,2025,37.86,37.86,37.86
2026-07-03 16:00:00+02:00,2025-07-03 16:00:00+02:00,2025,58.57,58.57,58.57
2026-07-03 17:00:00+02:00,2025-07-03 17:00:00+02:00,2025,81.0,81.0,81.0
2026-07-03 18:00:00+02:00,2025-07-03 18:00:00+02:00,2025,95.19,95.19,95.19
2026-07-03 19:00:00+02:00,2025-07-03 19:00:00+02:00,2025,107.2,107.2,107.2
2026-07-03 20:00:00+02:00,2025-07-03 20:00:00+02:00,2025,146.96,146.96,146.96
2026-07-03 21:00:00+02:00,2025-07-03 21:00:00+02:00,2025,166.67,166.67,166.67
2026-07-03 22:00:00+02:00,2025-07-03 22:00:00+02:00,2025,133.3,133.3,133.3
2026-07-03 23:00:00+02:00,2025-07-03 23:00:00+02:00,2025,117.03,117.03,117.03
2026-07-04 00:00:00+02:00,2025-07-04 00:00:00+02:00,2025,111.01,111.01,111.01
2026-07-04 01:00:00+02:00,2025-07-04 01:00:00+02:00,2025,105.45,105.45,105.45
2026-07-04 02:00:00+02:00,2025-07-04 02:00:00+02:00,2025,101.31,101.31,101.31
2026-07-04 03:00:00+02:00,2025-07-04 03:00:00+02:00,2025,98.44,98.44,98.44
2026-07-04 04:00:00+02:00,2025-07-04 04:00:00+02:00,2025,103.2,103.2,103.2
2026-07-04 05:00:00+02:00,2025-07-04 05:00:00+02:00,2025,106.63,106.63,106.63
2026-07-04 06:00:00+02:00,2025-07-04 06:00:00+02:00,2025,122.38,122.38,122.38
2026-07-04 07:00:00+02:00,2025-07-04 07:00:00+02:00,2025,116.46,116.46,116.46
2026-07-04 08:00:00+02:00,2025-07-04 08:00:00+02:00,2025,100.0,100.0,100.0
2026-07-04 09:00:00+02:00,2025-07-04 09:00:00+02:00,2025,91.15,91.15,91.15
2026-07-04 10:00:00+02:00,2025-07-04 10:00:00+02:00,2025,70.01,70.01,70.01
2026-07-04 11:00:00+02:00,2025-07-04 11:00:00+02:00,2025,6.69,6.69,6.69
2026-07-04 12:00:00+02:00,2025-07-04 12:00:00+02:00,2025,-0.05,-0.05,-0.05
2026-07-04 13:00:00+02:00,2025-07-04 13:00:00+02:00,2025,-1.56,-1.56,-1.56
2026-07-04 14:00:00+02:00,2025-07-04 14:00:00+02:00,2025,-1.37,-1.37,-1.37
2026-07-04 15:00:00+02:00,2025-07-04 15:00:00+02:00,2025,-0.61,-0.61,-0.61
2026-07-04 16:00:00+02:00,2025-07-04 16:00:00+02:00,2025,2.39,2.39,2.39
2026-07-04 17:00:00+02:00,2025-07-04 17:00:00+02:00,2025,62.04,62.04,62.04
2026-07-04 18:00:00+02:00,2025-07-04 18:00:00+02:00,2025,88.68,88.68,88.68
2026-07-04 19:00:00+02:00,2025-07-04 19:00:00+02:00,2025,110.0,110.0,110.0
2026-07-04 20:00:00+02:00,2025-07-04 20:00:00+02:00,2025,130.74,130.74,130.74
2026-07-04 21:00:00+02:00,2025-07-04 21:00:00+02:00,2025,150.1,150.1,150.1
2026-07-04 22:00:00+02:00,2025-07-04 22:00:00+02:00,2025,129.68,129.68,129.68
2026-07-04 23:00:00+02:00,2025-07-04 23:00:00+02:00,2025,107.99,107.99,107.99
2026-07-05 00:00:00+02:00,2025-07-05 00:00:00+02:00,2025,104.2,104.2,104.2
2026-07-05 01:00:00+02:00,2025-07-05 01:00:00+02:00,2025,94.98,94.98,94.98
2026-07-05 02:00:00+02:00,2025-07-05 02:00:00+02:00,2025,96.5,96.5,96.5
2026-07-05 03:00:00+02:00,2025-07-05 03:00:00+02:00,2025,93.4,93.4,93.4
2026-07-05 04:00:00+02:00,2025-07-05 04:00:00+02:00,2025,94.5,94.5,94.5
2026-07-05 05:00:00+02:00,2025-07-05 05:00:00+02:00,2025,83.49,83.49,83.49
2026-07-05 06:00:00+02:00,2025-07-05 06:00:00+02:00,2025,84.47,84.47,84.47
2026-07-05 07:00:00+02:00,2025-07-05 07:00:00+02:00,2025,43.77,43.77,43.77
2026-07-05 08:00:00+02:00,2025-07-05 08:00:00+02:00,2025,17.86,17.86,17.86
2026-07-05 09:00:00+02:00,2025-07-05 09:00:00+02:00,2025,3.34,3.34,3.34
2026-07-05 10:00:00+02:00,2025-07-05 10:00:00+02:00,2025,0.0,0.0,0.0
2026-07-05 11:00:00+02:00,2025-07-05 11:00:00+02:00,2025,-0.08,-0.08,-0.08
2026-07-05 12:00:00+02:00,2025-07-05 12:00:00+02:00,2025,-1.01,-1.01,-1.01
2026-07-05 13:00:00+02:00,2025-07-05 13:00:00+02:00,2025,-2.05,-2.05,-2.05
2026-07-05 14:00:00+02:00,2025-07-05 14:00:00+02:00,2025,-2.11,-2.11,-2.11
2026-07-05 15:00:00+02:00,2025-07-05 15:00:00+02:00,2025,-2.01,-2.01,-2.01
2026-07-05 16:00:00+02:00,2025-07-05 16:00:00+02:00,2025,-2.26,-2.26,-2.26
2026-07-05 17:00:00+02:00,2025-07-05 17:00:00+02:00,2025,0.0,0.0,0.0
2026-07-05 18:00:00+02:00,2025-07-05 18:00:00+02:00,2025,41.25,41.25,41.25
2026-07-05 19:00:00+02:00,2025-07-05 19:00:00+02:00,2025,85.0,85.0,85.0
2026-07-05 20:00:00+02:00,2025-07-05 20:00:00+02:00,2025,111.01,111.01,111.01
2026-07-05 21:00:00+02:00,2025-07-05 21:00:00+02:00,2025,122.96,122.96,122.96
2026-07-05 22:00:00+02:00,2025-07-05 22:00:00+02:00,2025,117.14,117.14,117.14
2026-07-05 23:00:00+02:00,2025-07-05 23:00:00+02:00,2025,108.21,108.21,108.21
2026-07-06 00:00:00+02:00,2025-07-06 00:00:00+02:00,2025,95.15,95.15,95.15
2026-07-06 01:00:00+02:00,2025-07-06 01:00:00+02:00,2025,89.5,89.5,89.5
2026-07-06 02:00:00+02:00,2025-07-06 02:00:00+02:00,2025,85.94,85.94,85.94
2026-07-06 03:00:00+02:00,2025-07-06 03:00:00+02:00,2025,83.95,83.95,83.95
2026-07-06 04:00:00+02:00,2025-07-06 04:00:00+02:00,2025,82.6,82.6,82.6
2026-07-06 05:00:00+02:00,2025-07-06 05:00:00+02:00,2025,82.0,82.0,82.0
2026-07-06 06:00:00+02:00,2025-07-06 06:00:00+02:00,2025,78.46,78.46,78.46
2026-07-06 07:00:00+02:00,2025-07-06 07:00:00+02:00,2025,77.57,77.57,77.57
2026-07-06 08:00:00+02:00,2025-07-06 08:00:00+02:00,2025,70.57,70.57,70.57
2026-07-06 09:00:00+02:00,2025-07-06 09:00:00+02:00,2025,38.81,38.81,38.81
2026-07-06 10:00:00+02:00,2025-07-06 10:00:00+02:00,2025,19.21,19.21,19.21
2026-07-06 11:00:00+02:00,2025-07-06 11:00:00+02:00,2025,13.19,13.19,13.19
2026-07-06 12:00:00+02:00,2025-07-06 12:00:00+02:00,2025,10.26,10.26,10.26
2026-07-06 13:00:00+02:00,2025-07-06 13:00:00+02:00,2025,5.85,5.85,5.85
2026-07-06 14:00:00+02:00,2025-07-06 14:00:00+02:00,2025,11.2,11.2,11.2
2026-07-06 15:00:00+02:00,2025-07-06 15:00:00+02:00,2025,50.57,50.57,50.57
2026-07-06 16:00:00+02:00,2025-07-06 16:00:00+02:00,2025,70.77,70.77,70.77
2026-07-06 17:00:00+02:00,2025-07-06 17:00:00+02:00,2025,100.29,100.29,100.29
2026-07-06 18:00:00+02:00,2025-07-06 18:00:00+02:00,2025,107.37,107.37,107.37
2026-07-06 19:00:00+02:00,2025-07-06 19:00:00+02:00,2025,112.16,112.16,112.16
2026-07-06 20:00:00+02:00,2025-07-06 20:00:00+02:00,2025,120.32,120.32,120.32
2026-07-06 21:00:00+02:00,2025-07-06 21:00:00+02:00,2025,125.04,125.04,125.04
2026-07-06 22:00:00+02:00,2025-07-06 22:00:00+02:00,2025,122.21,122.21,122.21
2026-07-06 23:00:00+02:00,2025-07-06 23:00:00+02:00,2025,110.78,110.78,110.78
2026-07-07 00:00:00+02:00,2025-07-07 00:00:00+02:00,2025,118.84,118.84,118.84
2026-07-07 01:00:00+02:00,2025-07-07 01:00:00+02:00,2025,107.42,107.42,107.42
2026-07-07 02:00:00+02:00,2025-07-07 02:00:00+02:00,2025,101.92,101.92,101.92
2026-07-07 03:00:00+02:00,2025-07-07 03:00:00+02:00,2025,99.12,99.12,99.12
2026-07-07 04:00:00+02:00,2025-07-07 04:00:00+02:00,2025,101.0,101.0,101.0
2026-07-07 05:00:00+02:00,2025-07-07 05:00:00+02:00,2025,108.22,108.22,108.22
2026-07-07 06:00:00+02:00,2025-07-07 06:00:00+02:00,2025,134.2,134.2,134.2
2026-07-07 07:00:00+02:00,2025-07-07 07:00:00+02:00,2025,143.67,143.67,143.67
2026-07-07 08:00:00+02:00,2025-07-07 08:00:00+02:00,2025,152.29,152.29,152.29
2026-07-07 09:00:00+02:00,2025-07-07 09:00:00+02:00,2025,131.99,131.99,131.99
2026-07-07 10:00:00+02:00,2025-07-07 10:00:00+02:00,2025,108.64,108.64,108.64
2026-07-07 11:00:00+02:00,2025-07-07 11:00:00+02:00,2025,108.98,108.98,108.98
2026-07-07 12:00:00+02:00,2025-07-07 12:00:00+02:00,2025,90.24,90.24,90.24
2026-07-07 13:00:00+02:00,2025-07-07 13:00:00+02:00,2025,71.0,71.0,71.0
2026-07-07 14:00:00+02:00,2025-07-07 14:00:00+02:00,2025,53.02,53.02,53.02
2026-07-07 15:00:00+02:00,2025-07-07 15:00:00+02:00,2025,50.67,50.67,50.67
2026-07-07 16:00:00+02:00,2025-07-07 16:00:00+02:00,2025,52.51,52.51,52.51
2026-07-07 17:00:00+02:00,2025-07-07 17:00:00+02:00,2025,72.3,72.3,72.3
2026-07-07 18:00:00+02:00,2025-07-07 18:00:00+02:00,2025,87.95,87.95,87.95
2026-07-07 19:00:00+02:00,2025-07-07 19:00:00+02:00,2025,92.27,92.27,92.27
2026-07-07 20:00:00+02:00,2025-07-07 20:00:00+02:00,2025,97.28,97.28,97.28
2026-07-07 21:00:00+02:00,2025-07-07 21:00:00+02:00,2025,109.92,109.92,109.92
2026-07-07 22:00:00+02:00,2025-07-07 22:00:00+02:00,2025,110.09,110.09,110.09
2026-07-07 23:00:00+02:00,2025-07-07 23:00:00+02:00,2025,95.82,95.82,95.82
2026-07-08 00:00:00+02:00,2025-07-08 00:00:00+02:00,2025,103.83,103.83,103.83
2026-07-08 01:00:00+02:00,2025-07-08 01:00:00+02:00,2025,92.9,92.9,92.9
2026-07-08 02:00:00+02:00,2025-07-08 02:00:00+02:00,2025,86.13,86.13,86.13
2026-07-08 03:00:00+02:00,2025-07-08 03:00:00+02:00,2025,84.78,84.78,84.78
2026-07-08 04:00:00+02:00,2025-07-08 04:00:00+02:00,2025,85.37,85.37,85.37
2026-07-08 05:00:00+02:00,2025-07-08 05:00:00+02:00,2025,91.14,91.14,91.14
2026-07-08 06:00:00+02:00,2025-07-08 06:00:00+02:00,2025,107.99,107.99,107.99
2026-07-08 07:00:00+02:00,2025-07-08 07:00:00+02:00,2025,118.65,118.65,118.65
2026-07-08 08:00:00+02:00,2025-07-08 08:00:00+02:00,2025,117.76,117.76,117.76
2026-07-08 09:00:00+02:00,2025-07-08 09:00:00+02:00,2025,94.06,94.06,94.06
2026-07-08 10:00:00+02:00,2025-07-08 10:00:00+02:00,2025,81.78,81.78,81.78
2026-07-08 11:00:00+02:00,2025-07-08 11:00:00+02:00,2025,78.44,78.44,78.44
2026-07-08 12:00:00+02:00,2025-07-08 12:00:00+02:00,2025,60.15,60.15,60.15
2026-07-08 13:00:00+02:00,2025-07-08 13:00:00+02:00,2025,54.72,54.72,54.72
2026-07-08 14:00:00+02:00,2025-07-08 14:00:00+02:00,2025,53.04,53.04,53.04
2026-07-08 15:00:00+02:00,2025-07-08 15:00:00+02:00,2025,54.65,54.65,54.65
2026-07-08 16:00:00+02:00,2025-07-08 16:00:00+02:00,2025,65.2,65.2,65.2
2026-07-08 17:00:00+02:00,2025-07-08 17:00:00+02:00,2025,79.98,79.98,79.98
2026-07-08 18:00:00+02:00,2025-07-08 18:00:00+02:00,2025,83.92,83.92,83.92
2026-07-08 19:00:00+02:00,2025-07-08 19:00:00+02:00,2025,102.1,102.1,102.1
2026-07-08 20:00:00+02:00,2025-07-08 20:00:00+02:00,2025,122.77,122.77,122.77
2026-07-08 21:00:00+02:00,2025-07-08 21:00:00+02:00,2025,123.34,123.34,123.34
2026-07-08 22:00:00+02:00,2025-07-08 22:00:00+02:00,2025,116.65,116.65,116.65
2026-07-08 23:00:00+02:00,2025-07-08 23:00:00+02:00,2025,100.95,100.95,100.95
2026-07-09 00:00:00+02:00,2025-07-09 00:00:00+02:00,2025,97.15,97.15,97.15
2026-07-09 01:00:00+02:00,2025-07-09 01:00:00+02:00,2025,86.85,86.85,86.85
2026-07-09 02:00:00+02:00,2025-07-09 02:00:00+02:00,2025,83.86,83.86,83.86
2026-07-09 03:00:00+02:00,2025-07-09 03:00:00+02:00,2025,84.65,84.65,84.65
2026-07-09 04:00:00+02:00,2025-07-09 04:00:00+02:00,2025,85.1,85.1,85.1
2026-07-09 05:00:00+02:00,2025-07-09 05:00:00+02:00,2025,96.15,96.15,96.15
2026-07-09 06:00:00+02:00,2025-07-09 06:00:00+02:00,2025,113.66,113.66,113.66
2026-07-09 07:00:00+02:00,2025-07-09 07:00:00+02:00,2025,116.46,116.46,116.46
2026-07-09 08:00:00+02:00,2025-07-09 08:00:00+02:00,2025,113.59,113.59,113.59
2026-07-09 09:00:00+02:00,2025-07-09 09:00:00+02:00,2025,95.66,95.66,95.66
2026-07-09 10:00:00+02:00,2025-07-09 10:00:00+02:00,2025,84.68,84.68,84.68
2026-07-09 11:00:00+02:00,2025-07-09 11:00:00+02:00,2025,77.77,77.77,77.77
2026-07-09 12:00:00+02:00,2025-07-09 12:00:00+02:00,2025,65.67,65.67,65.67
2026-07-09 13:00:00+02:00,2025-07-09 13:00:00+02:00,2025,46.69,46.69,46.69
2026-07-09 14:00:00+02:00,2025-07-09 14:00:00+02:00,2025,37.78,37.78,37.78
2026-07-09 15:00:00+02:00,2025-07-09 15:00:00+02:00,2025,48.32,48.32,48.32
2026-07-09 16:00:00+02:00,2025-07-09 16:00:00+02:00,2025,71.13,71.13,71.13
2026-07-09 17:00:00+02:00,2025-07-09 17:00:00+02:00,2025,84.73,84.73,84.73
2026-07-09 18:00:00+02:00,2025-07-09 18:00:00+02:00,2025,99.01,99.01,99.01
2026-07-09 19:00:00+02:00,2025-07-09 19:00:00+02:00,2025,115.98,115.98,115.98
2026-07-09 20:00:00+02:00,2025-07-09 20:00:00+02:00,2025,135.34,135.34,135.34
2026-07-09 21:00:00+02:00,2025-07-09 21:00:00+02:00,2025,138.24,138.24,138.24
2026-07-09 22:00:00+02:00,2025-07-09 22:00:00+02:00,2025,119.79,119.79,119.79
2026-07-09 23:00:00+02:00,2025-07-09 23:00:00+02:00,2025,104.9,104.9,104.9
2026-07-10 00:00:00+02:00,2025-07-10 00:00:00+02:00,2025,100.91,100.91,100.91
2026-07-10 01:00:00+02:00,2025-07-10 01:00:00+02:00,2025,95.73,95.73,95.73
2026-07-10 02:00:00+02:00,2025-07-10 02:00:00+02:00,2025,89.1,89.1,89.1
2026-07-10 03:00:00+02:00,2025-07-10 03:00:00+02:00,2025,86.45,86.45,86.45
2026-07-10 04:00:00+02:00,2025-07-10 04:00:00+02:00,2025,87.97,87.97,87.97
2026-07-10 05:00:00+02:00,2025-07-10 05:00:00+02:00,2025,98.62,98.62,98.62
2026-07-10 06:00:00+02:00,2025-07-10 06:00:00+02:00,2025,107.61,107.61,107.61
2026-07-10 07:00:00+02:00,2025-07-10 07:00:00+02:00,2025,107.23,107.23,107.23
2026-07-10 08:00:00+02:00,2025-07-10 08:00:00+02:00,2025,105.35,105.35,105.35
2026-07-10 09:00:00+02:00,2025-07-10 09:00:00+02:00,2025,88.9,88.9,88.9
2026-07-10 10:00:00+02:00,2025-07-10 10:00:00+02:00,2025,82.0,82.0,82.0
2026-07-10 11:00:00+02:00,2025-07-10 11:00:00+02:00,2025,65.33,65.33,65.33
2026-07-10 12:00:00+02:00,2025-07-10 12:00:00+02:00,2025,45.22,45.22,45.22
2026-07-10 13:00:00+02:00,2025-07-10 13:00:00+02:00,2025,39.51,39.51,39.51
2026-07-10 14:00:00+02:00,2025-07-10 14:00:00+02:00,2025,39.55,39.55,39.55
2026-07-10 15:00:00+02:00,2025-07-10 15:00:00+02:00,2025,56.71,56.71,56.71
2026-07-10 16:00:00+02:00,2025-07-10 16:00:00+02:00,2025,76.8,76.8,76.8
2026-07-10 17:00:00+02:00,2025-07-10 17:00:00+02:00,2025,86.4,86.4,86.4
2026-07-10 18:00:00+02:00,2025-07-10 18:00:00+02:00,2025,100.2,100.2,100.2
2026-07-10 19:00:00+02:00,2025-07-10 19:00:00+02:00,2025,114.39,114.39,114.39
2026-07-10 20:00:00+02:00,2025-07-10 20:00:00+02:00,2025,134.67,134.67,134.67
2026-07-10 21:00:00+02:00,2025-07-10 21:00:00+02:00,2025,132.7,132.7,132.7
2026-07-10 22:00:00+02:00,2025-07-10 22:00:00+02:00,2025,120.88,120.88,120.88
2026-07-10 23:00:00+02:00,2025-07-10 23:00:00+02:00,2025,107.69,107.69,107.69
2026-07-11 00:00:00+02:00,2025-07-11 00:00:00+02:00,2025,104.75,104.75,104.75
2026-07-11 01:00:00+02:00,2025-07-11 01:00:00+02:00,2025,99.57,99.57,99.57
2026-07-11 02:00:00+02:00,2025-07-11 02:00:00+02:00,2025,95.0,95.0,95.0
2026-07-11 03:00:00+02:00,2025-07-11 03:00:00+02:00,2025,90.69,90.69,90.69
2026-07-11 04:00:00+02:00,2025-07-11 04:00:00+02:00,2025,91.53,91.53,91.53
2026-07-11 05:00:00+02:00,2025-07-11 05:00:00+02:00,2025,99.4,99.4,99.4
2026-07-11 06:00:00+02:00,2025-07-11 06:00:00+02:00,2025,107.41,107.41,107.41
2026-07-11 07:00:00+02:00,2025-07-11 07:00:00+02:00,2025,105.92,105.92,105.92
2026-07-11 08:00:00+02:00,2025-07-11 08:00:00+02:00,2025,105.18,105.18,105.18
2026-07-11 09:00:00+02:00,2025-07-11 09:00:00+02:00,2025,93.3,93.3,93.3
2026-07-11 10:00:00+02:00,2025-07-11 10:00:00+02:00,2025,82.9,82.9,82.9
2026-07-11 11:00:00+02:00,2025-07-11 11:00:00+02:00,2025,73.15,73.15,73.15
2026-07-11 12:00:00+02:00,2025-07-11 12:00:00+02:00,2025,63.82,63.82,63.82
2026-07-11 13:00:00+02:00,2025-07-11 13:00:00+02:00,2025,42.16,42.16,42.16
2026-07-11 14:00:00+02:00,2025-07-11 14:00:00+02:00,2025,32.04,32.04,32.04
2026-07-11 15:00:00+02:00,2025-07-11 15:00:00+02:00,2025,38.1,38.1,38.1
2026-07-11 16:00:00+02:00,2025-07-11 16:00:00+02:00,2025,59.55,59.55,59.55
2026-07-11 17:00:00+02:00,2025-07-11 17:00:00+02:00,2025,83.15,83.15,83.15
2026-07-11 18:00:00+02:00,2025-07-11 18:00:00+02:00,2025,86.44,86.44,86.44
2026-07-11 19:00:00+02:00,2025-07-11 19:00:00+02:00,2025,101.93,101.93,101.93
2026-07-11 20:00:00+02:00,2025-07-11 20:00:00+02:00,2025,117.5,117.5,117.5
2026-07-11 21:00:00+02:00,2025-07-11 21:00:00+02:00,2025,118.08,118.08,118.08
2026-07-11 22:00:00+02:00,2025-07-11 22:00:00+02:00,2025,113.8,113.8,113.8
2026-07-11 23:00:00+02:00,2025-07-11 23:00:00+02:00,2025,103.82,103.82,103.82
2026-07-12 00:00:00+02:00,2025-07-12 00:00:00+02:00,2025,112.23,112.23,112.23
2026-07-12 01:00:00+02:00,2025-07-12 01:00:00+02:00,2025,104.57,104.57,104.57
2026-07-12 02:00:00+02:00,2025-07-12 02:00:00+02:00,2025,103.68,103.68,103.68
2026-07-12 03:00:00+02:00,2025-07-12 03:00:00+02:00,2025,97.4,97.4,97.4
2026-07-12 04:00:00+02:00,2025-07-12 04:00:00+02:00,2025,93.33,93.33,93.33
2026-07-12 05:00:00+02:00,2025-07-12 05:00:00+02:00,2025,89.94,89.94,89.94
2026-07-12 06:00:00+02:00,2025-07-12 06:00:00+02:00,2025,85.27,85.27,85.27
2026-07-12 07:00:00+02:00,2025-07-12 07:00:00+02:00,2025,87.98,87.98,87.98
2026-07-12 08:00:00+02:00,2025-07-12 08:00:00+02:00,2025,83.8,83.8,83.8
2026-07-12 09:00:00+02:00,2025-07-12 09:00:00+02:00,2025,59.86,59.86,59.86
2026-07-12 10:00:00+02:00,2025-07-12 10:00:00+02:00,2025,18.19,18.19,18.19
2026-07-12 11:00:00+02:00,2025-07-12 11:00:00+02:00,2025,3.0,3.0,3.0
2026-07-12 12:00:00+02:00,2025-07-12 12:00:00+02:00,2025,0.22,0.22,0.22
2026-07-12 13:00:00+02:00,2025-07-12 13:00:00+02:00,2025,0.0,0.0,0.0
2026-07-12 14:00:00+02:00,2025-07-12 14:00:00+02:00,2025,0.0,0.0,0.0
2026-07-12 15:00:00+02:00,2025-07-12 15:00:00+02:00,2025,0.22,0.22,0.22
2026-07-12 16:00:00+02:00,2025-07-12 16:00:00+02:00,2025,19.73,19.73,19.73
2026-07-12 17:00:00+02:00,2025-07-12 17:00:00+02:00,2025,73.89,73.89,73.89
2026-07-12 18:00:00+02:00,2025-07-12 18:00:00+02:00,2025,106.2,106.2,106.2
2026-07-12 19:00:00+02:00,2025-07-12 19:00:00+02:00,2025,109.2,109.2,109.2
2026-07-12 20:00:00+02:00,2025-07-12 20:00:00+02:00,2025,120.0,120.0,120.0
2026-07-12 21:00:00+02:00,2025-07-12 21:00:00+02:00,2025,125.02,125.02,125.02
2026-07-12 22:00:00+02:00,2025-07-12 22:00:00+02:00,2025,125.0,125.0,125.0
2026-07-12 23:00:00+02:00,2025-07-12 23:00:00+02:00,2025,115.42,115.42,115.42
2026-07-13 00:00:00+02:00,2025-07-13 00:00:00+02:00,2025,115.35,115.35,115.35
2026-07-13 01:00:00+02:00,2025-07-13 01:00:00+02:00,2025,109.14,109.14,109.14
2026-07-13 02:00:00+02:00,2025-07-13 02:00:00+02:00,2025,108.42,108.42,108.42
2026-07-13 03:00:00+02:00,2025-07-13 03:00:00+02:00,2025,107.35,107.35,107.35
2026-07-13 04:00:00+02:00,2025-07-13 04:00:00+02:00,2025,104.64,104.64,104.64
2026-07-13 05:00:00+02:00,2025-07-13 05:00:00+02:00,2025,100.85,100.85,100.85
2026-07-13 06:00:00+02:00,2025-07-13 06:00:00+02:00,2025,95.8,95.8,95.8
2026-07-13 07:00:00+02:00,2025-07-13 07:00:00+02:00,2025,92.18,92.18,92.18
2026-07-13 08:00:00+02:00,2025-07-13 08:00:00+02:00,2025,87.94,87.94,87.94
2026-07-13 09:00:00+02:00,2025-07-13 09:00:00+02:00,2025,57.62,57.62,57.62
2026-07-13 10:00:00+02:00,2025-07-13 10:00:00+02:00,2025,4.28,4.28,4.28
2026-07-13 11:00:00+02:00,2025-07-13 11:00:00+02:00,2025,0.05,0.05,0.05
2026-07-13 12:00:00+02:00,2025-07-13 12:00:00+02:00,2025,0.0,0.0,0.0
2026-07-13 13:00:00+02:00,2025-07-13 13:00:00+02:00,2025,0.0,0.0,0.0
2026-07-13 14:00:00+02:00,2025-07-13 14:00:00+02:00,2025,0.0,0.0,0.0
2026-07-13 15:00:00+02:00,2025-07-13 15:00:00+02:00,2025,0.0,0.0,0.0
2026-07-13 16:00:00+02:00,2025-07-13 16:00:00+02:00,2025,2.36,2.36,2.36
2026-07-13 17:00:00+02:00,2025-07-13 17:00:00+02:00,2025,73.4,73.4,73.4
2026-07-13 18:00:00+02:00,2025-07-13 18:00:00+02:00,2025,100.61,100.61,100.61
2026-07-13 19:00:00+02:00,2025-07-13 19:00:00+02:00,2025,113.74,113.74,113.74
2026-07-13 20:00:00+02:00,2025-07-13 20:00:00+02:00,2025,120.0,120.0,120.0
2026-07-13 21:00:00+02:00,2025-07-13 21:00:00+02:00,2025,127.7,127.7,127.7
2026-07-13 22:00:00+02:00,2025-07-13 22:00:00+02:00,2025,126.94,126.94,126.94
2026-07-13 23:00:00+02:00,2025-07-13 23:00:00+02:00,2025,115.41,115.41,115.41
2026-07-14 00:00:00+02:00,2025-07-14 00:00:00+02:00,2025,114.02,114.02,114.02
2026-07-14 01:00:00+02:00,2025-07-14 01:00:00+02:00,2025,104.01,104.01,104.01
2026-07-14 02:00:00+02:00,2025-07-14 02:00:00+02:00,2025,98.17,98.17,98.17
2026-07-14 03:00:00+02:00,2025-07-14 03:00:00+02:00,2025,94.94,94.94,94.94
2026-07-14 04:00:00+02:00,2025-07-14 04:00:00+02:00,2025,99.32,99.32,99.32
2026-07-14 05:00:00+02:00,2025-07-14 05:00:00+02:00,2025,108.93,108.93,108.93
2026-07-14 06:00:00+02:00,2025-07-14 06:00:00+02:00,2025,117.87,117.87,117.87
2026-07-14 07:00:00+02:00,2025-07-14 07:00:00+02:00,2025,121.62,121.62,121.62
2026-07-14 08:00:00+02:00,2025-07-14 08:00:00+02:00,2025,112.06,112.06,112.06
2026-07-14 09:00:00+02:00,2025-07-14 09:00:00+02:00,2025,92.43,92.43,92.43
2026-07-14 10:00:00+02:00,2025-07-14 10:00:00+02:00,2025,84.58,84.58,84.58
2026-07-14 11:00:00+02:00,2025-07-14 11:00:00+02:00,2025,79.67,79.67,79.67
2026-07-14 12:00:00+02:00,2025-07-14 12:00:00+02:00,2025,70.98,70.98,70.98
2026-07-14 13:00:00+02:00,2025-07-14 13:00:00+02:00,2025,64.17,64.17,64.17
2026-07-14 14:00:00+02:00,2025-07-14 14:00:00+02:00,2025,57.15,57.15,57.15
2026-07-14 15:00:00+02:00,2025-07-14 15:00:00+02:00,2025,55.82,55.82,55.82
2026-07-14 16:00:00+02:00,2025-07-14 16:00:00+02:00,2025,71.1,71.1,71.1
2026-07-14 17:00:00+02:00,2025-07-14 17:00:00+02:00,2025,84.58,84.58,84.58
2026-07-14 18:00:00+02:00,2025-07-14 18:00:00+02:00,2025,98.94,98.94,98.94
2026-07-14 19:00:00+02:00,2025-07-14 19:00:00+02:00,2025,110.11,110.11,110.11
2026-07-14 20:00:00+02:00,2025-07-14 20:00:00+02:00,2025,139.99,139.99,139.99
2026-07-14 21:00:00+02:00,2025-07-14 21:00:00+02:00,2025,141.57,141.57,141.57
2026-07-14 22:00:00+02:00,2025-07-14 22:00:00+02:00,2025,126.14,126.14,126.14
2026-07-14 23:00:00+02:00,2025-07-14 23:00:00+02:00,2025,115.15,115.15,115.15
2026-07-15 00:00:00+02:00,2025-07-15 00:00:00+02:00,2025,106.1,106.1,106.1
2026-07-15 01:00:00+02:00,2025-07-15 01:00:00+02:00,2025,103.06,103.06,103.06
2026-07-15 02:00:00+02:00,2025-07-15 02:00:00+02:00,2025,93.86,93.86,93.86
2026-07-15 03:00:00+02:00,2025-07-15 03:00:00+02:00,2025,88.28,88.28,88.28
2026-07-15 04:00:00+02:00,2025-07-15 04:00:00+02:00,2025,87.12,87.12,87.12
2026-07-15 05:00:00+02:00,2025-07-15 05:00:00+02:00,2025,93.0,93.0,93.0
2026-07-15 06:00:00+02:00,2025-07-15 06:00:00+02:00,2025,110.33,110.33,110.33
2026-07-15 07:00:00+02:00,2025-07-15 07:00:00+02:00,2025,113.41,113.41,113.41
2026-07-15 08:00:00+02:00,2025-07-15 08:00:00+02:00,2025,106.86,106.86,106.86
2026-07-15 09:00:00+02:00,2025-07-15 09:00:00+02:00,2025,90.82,90.82,90.82
2026-07-15 10:00:00+02:00,2025-07-15 10:00:00+02:00,2025,77.67,77.67,77.67
2026-07-15 11:00:00+02:00,2025-07-15 11:00:00+02:00,2025,65.0,65.0,65.0
2026-07-15 12:00:00+02:00,2025-07-15 12:00:00+02:00,2025,59.19,59.19,59.19
2026-07-15 13:00:00+02:00,2025-07-15 13:00:00+02:00,2025,47.26,47.26,47.26
2026-07-15 14:00:00+02:00,2025-07-15 14:00:00+02:00,2025,40.2,40.2,40.2
2026-07-15 15:00:00+02:00,2025-07-15 15:00:00+02:00,2025,42.57,42.57,42.57
2026-07-15 16:00:00+02:00,2025-07-15 16:00:00+02:00,2025,65.0,65.0,65.0
2026-07-15 17:00:00+02:00,2025-07-15 17:00:00+02:00,2025,84.87,84.87,84.87
2026-07-15 18:00:00+02:00,2025-07-15 18:00:00+02:00,2025,101.54,101.54,101.54
2026-07-15 19:00:00+02:00,2025-07-15 19:00:00+02:00,2025,108.15,108.15,108.15
2026-07-15 20:00:00+02:00,2025-07-15 20:00:00+02:00,2025,119.78,119.78,119.78
2026-07-15 21:00:00+02:00,2025-07-15 21:00:00+02:00,2025,141.99,141.99,141.99
2026-07-15 22:00:00+02:00,2025-07-15 22:00:00+02:00,2025,121.28,121.28,121.28
2026-07-15 23:00:00+02:00,2025-07-15 23:00:00+02:00,2025,112.45,112.45,112.45
2026-07-16 00:00:00+02:00,2025-07-16 00:00:00+02:00,2025,97.63,97.63,97.63
2026-07-16 01:00:00+02:00,2025-07-16 01:00:00+02:00,2025,93.99,93.99,93.99
2026-07-16 02:00:00+02:00,2025-07-16 02:00:00+02:00,2025,86.67,86.67,86.67
2026-07-16 03:00:00+02:00,2025-07-16 03:00:00+02:00,2025,83.43,83.43,83.43
2026-07-16 04:00:00+02:00,2025-07-16 04:00:00+02:00,2025,84.26,84.26,84.26
2026-07-16 05:00:00+02:00,2025-07-16 05:00:00+02:00,2025,90.41,90.41,90.41
2026-07-16 06:00:00+02:00,2025-07-16 06:00:00+02:00,2025,105.74,105.74,105.74
2026-07-16 07:00:00+02:00,2025-07-16 07:00:00+02:00,2025,112.63,112.63,112.63
2026-07-16 08:00:00+02:00,2025-07-16 08:00:00+02:00,2025,111.92,111.92,111.92
2026-07-16 09:00:00+02:00,2025-07-16 09:00:00+02:00,2025,104.21,104.21,104.21
2026-07-16 10:00:00+02:00,2025-07-16 10:00:00+02:00,2025,89.8,89.8,89.8
2026-07-16 11:00:00+02:00,2025-07-16 11:00:00+02:00,2025,85.65,85.65,85.65
2026-07-16 12:00:00+02:00,2025-07-16 12:00:00+02:00,2025,81.96,81.96,81.96
2026-07-16 13:00:00+02:00,2025-07-16 13:00:00+02:00,2025,78.62,78.62,78.62
2026-07-16 14:00:00+02:00,2025-07-16 14:00:00+02:00,2025,68.06,68.06,68.06
2026-07-16 15:00:00+02:00,2025-07-16 15:00:00+02:00,2025,69.2,69.2,69.2
2026-07-16 16:00:00+02:00,2025-07-16 16:00:00+02:00,2025,80.86,80.86,80.86
2026-07-16 17:00:00+02:00,2025-07-16 17:00:00+02:00,2025,89.09,89.09,89.09
2026-07-16 18:00:00+02:00,2025-07-16 18:00:00+02:00,2025,95.49,95.49,95.49
2026-07-16 19:00:00+02:00,2025-07-16 19:00:00+02:00,2025,108.37,108.37,108.37
2026-07-16 20:00:00+02:00,2025-07-16 20:00:00+02:00,2025,119.72,119.72,119.72
2026-07-16 21:00:00+02:00,2025-07-16 21:00:00+02:00,2025,129.04,129.04,129.04
2026-07-16 22:00:00+02:00,2025-07-16 22:00:00+02:00,2025,120.71,120.71,120.71
2026-07-16 23:00:00+02:00,2025-07-16 23:00:00+02:00,2025,110.55,110.55,110.55
2026-07-17 00:00:00+02:00,2025-07-17 00:00:00+02:00,2025,103.76,103.76,103.76
2026-07-17 01:00:00+02:00,2025-07-17 01:00:00+02:00,2025,98.33,98.33,98.33
2026-07-17 02:00:00+02:00,2025-07-17 02:00:00+02:00,2025,89.96,89.96,89.96
2026-07-17 03:00:00+02:00,2025-07-17 03:00:00+02:00,2025,84.81,84.81,84.81
2026-07-17 04:00:00+02:00,2025-07-17 04:00:00+02:00,2025,85.76,85.76,85.76
2026-07-17 05:00:00+02:00,2025-07-17 05:00:00+02:00,2025,89.0,89.0,89.0
2026-07-17 06:00:00+02:00,2025-07-17 06:00:00+02:00,2025,104.05,104.05,104.05
2026-07-17 07:00:00+02:00,2025-07-17 07:00:00+02:00,2025,110.33,110.33,110.33
2026-07-17 08:00:00+02:00,2025-07-17 08:00:00+02:00,2025,105.92,105.92,105.92
2026-07-17 09:00:00+02:00,2025-07-17 09:00:00+02:00,2025,93.1,93.1,93.1
2026-07-17 10:00:00+02:00,2025-07-17 10:00:00+02:00,2025,85.0,85.0,85.0
2026-07-17 11:00:00+02:00,2025-07-17 11:00:00+02:00,2025,77.07,77.07,77.07
2026-07-17 12:00:00+02:00,2025-07-17 12:00:00+02:00,2025,70.17,70.17,70.17
2026-07-17 13:00:00+02:00,2025-07-17 13:00:00+02:00,2025,55.26,55.26,55.26
2026-07-17 14:00:00+02:00,2025-07-17 14:00:00+02:00,2025,49.78,49.78,49.78
2026-07-17 15:00:00+02:00,2025-07-17 15:00:00+02:00,2025,66.18,66.18,66.18
2026-07-17 16:00:00+02:00,2025-07-17 16:00:00+02:00,2025,74.79,74.79,74.79
2026-07-17 17:00:00+02:00,2025-07-17 17:00:00+02:00,2025,82.71,82.71,82.71
2026-07-17 18:00:00+02:00,2025-07-17 18:00:00+02:00,2025,94.98,94.98,94.98
2026-07-17 19:00:00+02:00,2025-07-17 19:00:00+02:00,2025,109.73,109.73,109.73
2026-07-17 20:00:00+02:00,2025-07-17 20:00:00+02:00,2025,120.75,120.75,120.75
2026-07-17 21:00:00+02:00,2025-07-17 21:00:00+02:00,2025,132.0,132.0,132.0
2026-07-17 22:00:00+02:00,2025-07-17 22:00:00+02:00,2025,125.07,125.07,125.07
2026-07-17 23:00:00+02:00,2025-07-17 23:00:00+02:00,2025,114.18,114.18,114.18
2026-07-18 00:00:00+02:00,2025-07-18 00:00:00+02:00,2025,106.8,106.8,106.8
2026-07-18 01:00:00+02:00,2025-07-18 01:00:00+02:00,2025,99.15,99.15,99.15
2026-07-18 02:00:00+02:00,2025-07-18 02:00:00+02:00,2025,95.36,95.36,95.36
2026-07-18 03:00:00+02:00,2025-07-18 03:00:00+02:00,2025,96.37,96.37,96.37
2026-07-18 04:00:00+02:00,2025-07-18 04:00:00+02:00,2025,98.66,98.66,98.66
2026-07-18 05:00:00+02:00,2025-07-18 05:00:00+02:00,2025,108.23,108.23,108.23
2026-07-18 06:00:00+02:00,2025-07-18 06:00:00+02:00,2025,115.92,115.92,115.92
2026-07-18 07:00:00+02:00,2025-07-18 07:00:00+02:00,2025,116.17,116.17,116.17
2026-07-18 08:00:00+02:00,2025-07-18 08:00:00+02:00,2025,109.39,109.39,109.39
2026-07-18 09:00:00+02:00,2025-07-18 09:00:00+02:00,2025,98.13,98.13,98.13
2026-07-18 10:00:00+02:00,2025-07-18 10:00:00+02:00,2025,84.98,84.98,84.98
2026-07-18 11:00:00+02:00,2025-07-18 11:00:00+02:00,2025,82.02,82.02,82.02
2026-07-18 12:00:00+02:00,2025-07-18 12:00:00+02:00,2025,80.0,80.0,80.0
2026-07-18 13:00:00+02:00,2025-07-18 13:00:00+02:00,2025,73.02,73.02,73.02
2026-07-18 14:00:00+02:00,2025-07-18 14:00:00+02:00,2025,71.2,71.2,71.2
2026-07-18 15:00:00+02:00,2025-07-18 15:00:00+02:00,2025,72.68,72.68,72.68
2026-07-18 16:00:00+02:00,2025-07-18 16:00:00+02:00,2025,79.99,79.99,79.99
2026-07-18 17:00:00+02:00,2025-07-18 17:00:00+02:00,2025,84.07,84.07,84.07
2026-07-18 18:00:00+02:00,2025-07-18 18:00:00+02:00,2025,99.92,99.92,99.92
2026-07-18 19:00:00+02:00,2025-07-18 19:00:00+02:00,2025,120.0,120.0,120.0
2026-07-18 20:00:00+02:00,2025-07-18 20:00:00+02:00,2025,146.55,146.55,146.55
2026-07-18 21:00:00+02:00,2025-07-18 21:00:00+02:00,2025,144.44,144.44,144.44
2026-07-18 22:00:00+02:00,2025-07-18 22:00:00+02:00,2025,125.88,125.88,125.88
2026-07-18 23:00:00+02:00,2025-07-18 23:00:00+02:00,2025,113.48,113.48,113.48
2026-07-19 00:00:00+02:00,2025-07-19 00:00:00+02:00,2025,107.6,107.6,107.6
2026-07-19 01:00:00+02:00,2025-07-19 01:00:00+02:00,2025,105.35,105.35,105.35
2026-07-19 02:00:00+02:00,2025-07-19 02:00:00+02:00,2025,103.19,103.19,103.19
2026-07-19 03:00:00+02:00,2025-07-19 03:00:00+02:00,2025,101.63,101.63,101.63
2026-07-19 04:00:00+02:00,2025-07-19 04:00:00+02:00,2025,98.38,98.38,98.38
2026-07-19 05:00:00+02:00,2025-07-19 05:00:00+02:00,2025,93.69,93.69,93.69
2026-07-19 06:00:00+02:00,2025-07-19 06:00:00+02:00,2025,98.39,98.39,98.39
2026-07-19 07:00:00+02:00,2025-07-19 07:00:00+02:00,2025,86.89,86.89,86.89
2026-07-19 08:00:00+02:00,2025-07-19 08:00:00+02:00,2025,78.89,78.89,78.89
2026-07-19 09:00:00+02:00,2025-07-19 09:00:00+02:00,2025,52.98,52.98,52.98
2026-07-19 10:00:00+02:00,2025-07-19 10:00:00+02:00,2025,10.0,10.0,10.0
2026-07-19 11:00:00+02:00,2025-07-19 11:00:00+02:00,2025,0.65,0.65,0.65
2026-07-19 12:00:00+02:00,2025-07-19 12:00:00+02:00,2025,0.0,0.0,0.0
2026-07-19 13:00:00+02:00,2025-07-19 13:00:00+02:00,2025,-0.01,-0.01,-0.01
2026-07-19 14:00:00+02:00,2025-07-19 14:00:00+02:00,2025,0.0,0.0,0.0
2026-07-19 15:00:00+02:00,2025-07-19 15:00:00+02:00,2025,2.08,2.08,2.08
2026-07-19 16:00:00+02:00,2025-07-19 16:00:00+02:00,2025,29.33,29.33,29.33
2026-07-19 17:00:00+02:00,2025-07-19 17:00:00+02:00,2025,76.85,76.85,76.85
2026-07-19 18:00:00+02:00,2025-07-19 18:00:00+02:00,2025,98.4,98.4,98.4
2026-07-19 19:00:00+02:00,2025-07-19 19:00:00+02:00,2025,114.47,114.47,114.47
2026-07-19 20:00:00+02:00,2025-07-19 20:00:00+02:00,2025,112.87,112.87,112.87
2026-07-19 21:00:00+02:00,2025-07-19 21:00:00+02:00,2025,108.08,108.08,108.08
2026-07-19 22:00:00+02:00,2025-07-19 22:00:00+02:00,2025,105.63,105.63,105.63
2026-07-19 23:00:00+02:00,2025-07-19 23:00:00+02:00,2025,98.07,98.07,98.07
2026-07-20 00:00:00+02:00,2025-07-20 00:00:00+02:00,2025,91.29,91.29,91.29
2026-07-20 01:00:00+02:00,2025-07-20 01:00:00+02:00,2025,88.94,88.94,88.94
2026-07-20 02:00:00+02:00,2025-07-20 02:00:00+02:00,2025,89.27,89.27,89.27
2026-07-20 03:00:00+02:00,2025-07-20 03:00:00+02:00,2025,100.41,100.41,100.41
2026-07-20 04:00:00+02:00,2025-07-20 04:00:00+02:00,2025,101.7,101.7,101.7
2026-07-20 05:00:00+02:00,2025-07-20 05:00:00+02:00,2025,98.27,98.27,98.27
2026-07-20 06:00:00+02:00,2025-07-20 06:00:00+02:00,2025,97.2,97.2,97.2
2026-07-20 07:00:00+02:00,2025-07-20 07:00:00+02:00,2025,80.59,80.59,80.59
2026-07-20 08:00:00+02:00,2025-07-20 08:00:00+02:00,2025,77.86,77.86,77.86
2026-07-20 09:00:00+02:00,2025-07-20 09:00:00+02:00,2025,44.58,44.58,44.58
2026-07-20 10:00:00+02:00,2025-07-20 10:00:00+02:00,2025,9.04,9.04,9.04
2026-07-20 11:00:00+02:00,2025-07-20 11:00:00+02:00,2025,2.07,2.07,2.07
2026-07-20 12:00:00+02:00,2025-07-20 12:00:00+02:00,2025,0.0,0.0,0.0
2026-07-20 13:00:00+02:00,2025-07-20 13:00:00+02:00,2025,-0.01,-0.01,-0.01
2026-07-20 14:00:00+02:00,2025-07-20 14:00:00+02:00,2025,0.0,0.0,0.0
2026-07-20 15:00:00+02:00,2025-07-20 15:00:00+02:00,2025,9.09,9.09,9.09
2026-07-20 16:00:00+02:00,2025-07-20 16:00:00+02:00,2025,69.33,69.33,69.33
2026-07-20 17:00:00+02:00,2025-07-20 17:00:00+02:00,2025,92.74,92.74,92.74
2026-07-20 18:00:00+02:00,2025-07-20 18:00:00+02:00,2025,100.26,100.26,100.26
2026-07-20 19:00:00+02:00,2025-07-20 19:00:00+02:00,2025,112.0,112.0,112.0
2026-07-20 20:00:00+02:00,2025-07-20 20:00:00+02:00,2025,116.0,116.0,116.0
2026-07-20 21:00:00+02:00,2025-07-20 21:00:00+02:00,2025,115.01,115.01,115.01
2026-07-20 22:00:00+02:00,2025-07-20 22:00:00+02:00,2025,114.85,114.85,114.85
2026-07-20 23:00:00+02:00,2025-07-20 23:00:00+02:00,2025,105.05,105.05,105.05
2026-07-21 00:00:00+02:00,2025-07-21 00:00:00+02:00,2025,87.08,87.08,87.08
2026-07-21 01:00:00+02:00,2025-07-21 01:00:00+02:00,2025,79.73,79.73,79.73
2026-07-21 02:00:00+02:00,2025-07-21 02:00:00+02:00,2025,83.48,83.48,83.48
2026-07-21 03:00:00+02:00,2025-07-21 03:00:00+02:00,2025,83.3,83.3,83.3
2026-07-21 04:00:00+02:00,2025-07-21 04:00:00+02:00,2025,83.49,83.49,83.49
2026-07-21 05:00:00+02:00,2025-07-21 05:00:00+02:00,2025,96.22,96.22,96.22
2026-07-21 06:00:00+02:00,2025-07-21 06:00:00+02:00,2025,113.96,113.96,113.96
2026-07-21 07:00:00+02:00,2025-07-21 07:00:00+02:00,2025,126.56,126.56,126.56
2026-07-21 08:00:00+02:00,2025-07-21 08:00:00+02:00,2025,123.91,123.91,123.91
2026-07-21 09:00:00+02:00,2025-07-21 09:00:00+02:00,2025,109.64,109.64,109.64
2026-07-21 10:00:00+02:00,2025-07-21 10:00:00+02:00,2025,105.99,105.99,105.99
2026-07-21 11:00:00+02:00,2025-07-21 11:00:00+02:00,2025,98.88,98.88,98.88
2026-07-21 12:00:00+02:00,2025-07-21 12:00:00+02:00,2025,84.9,84.9,84.9
2026-07-21 13:00:00+02:00,2025-07-21 13:00:00+02:00,2025,81.73,81.73,81.73
2026-07-21 14:00:00+02:00,2025-07-21 14:00:00+02:00,2025,85.79,85.79,85.79
2026-07-21 15:00:00+02:00,2025-07-21 15:00:00+02:00,2025,87.96,87.96,87.96
2026-07-21 16:00:00+02:00,2025-07-21 16:00:00+02:00,2025,90.95,90.95,90.95
2026-07-21 17:00:00+02:00,2025-07-21 17:00:00+02:00,2025,104.3,104.3,104.3
2026-07-21 18:00:00+02:00,2025-07-21 18:00:00+02:00,2025,105.82,105.82,105.82
2026-07-21 19:00:00+02:00,2025-07-21 19:00:00+02:00,2025,119.69,119.69,119.69
2026-07-21 20:00:00+02:00,2025-07-21 20:00:00+02:00,2025,123.25,123.25,123.25
2026-07-21 21:00:00+02:00,2025-07-21 21:00:00+02:00,2025,120.09,120.09,120.09
2026-07-21 22:00:00+02:00,2025-07-21 22:00:00+02:00,2025,108.76,108.76,108.76
2026-07-21 23:00:00+02:00,2025-07-21 23:00:00+02:00,2025,100.04,100.04,100.04
2026-07-22 00:00:00+02:00,2025-07-22 00:00:00+02:00,2025,92.79,92.79,92.79
2026-07-22 01:00:00+02:00,2025-07-22 01:00:00+02:00,2025,87.2,87.2,87.2
2026-07-22 02:00:00+02:00,2025-07-22 02:00:00+02:00,2025,85.48,85.48,85.48
2026-07-22 03:00:00+02:00,2025-07-22 03:00:00+02:00,2025,82.0,82.0,82.0
2026-07-22 04:00:00+02:00,2025-07-22 04:00:00+02:00,2025,81.0,81.0,81.0
2026-07-22 05:00:00+02:00,2025-07-22 05:00:00+02:00,2025,89.28,89.28,89.28
2026-07-22 06:00:00+02:00,2025-07-22 06:00:00+02:00,2025,108.8,108.8,108.8
2026-07-22 07:00:00+02:00,2025-07-22 07:00:00+02:00,2025,109.28,109.28,109.28
2026-07-22 08:00:00+02:00,2025-07-22 08:00:00+02:00,2025,102.49,102.49,102.49
2026-07-22 09:00:00+02:00,2025-07-22 09:00:00+02:00,2025,91.29,91.29,91.29
2026-07-22 10:00:00+02:00,2025-07-22 10:00:00+02:00,2025,81.73,81.73,81.73
2026-07-22 11:00:00+02:00,2025-07-22 11:00:00+02:00,2025,68.41,68.41,68.41
2026-07-22 12:00:00+02:00,2025-07-22 12:00:00+02:00,2025,39.63,39.63,39.63
2026-07-22 13:00:00+02:00,2025-07-22 13:00:00+02:00,2025,10.0,10.0,10.0
2026-07-22 14:00:00+02:00,2025-07-22 14:00:00+02:00,2025,0.17,0.17,0.17
2026-07-22 15:00:00+02:00,2025-07-22 15:00:00+02:00,2025,4.16,4.16,4.16
2026-07-22 16:00:00+02:00,2025-07-22 16:00:00+02:00,2025,36.9,36.9,36.9
2026-07-22 17:00:00+02:00,2025-07-22 17:00:00+02:00,2025,75.79,75.79,75.79
2026-07-22 18:00:00+02:00,2025-07-22 18:00:00+02:00,2025,88.98,88.98,88.98
2026-07-22 19:00:00+02:00,2025-07-22 19:00:00+02:00,2025,108.57,108.57,108.57
2026-07-22 20:00:00+02:00,2025-07-22 20:00:00+02:00,2025,112.56,112.56,112.56
2026-07-22 21:00:00+02:00,2025-07-22 21:00:00+02:00,2025,113.22,113.22,113.22
2026-07-22 22:00:00+02:00,2025-07-22 22:00:00+02:00,2025,108.48,108.48,108.48
2026-07-22 23:00:00+02:00,2025-07-22 23:00:00+02:00,2025,102.93,102.93,102.93
2026-07-23 00:00:00+02:00,2025-07-23 00:00:00+02:00,2025,87.65,87.65,87.65
2026-07-23 01:00:00+02:00,2025-07-23 01:00:00+02:00,2025,79.47,79.47,79.47
2026-07-23 02:00:00+02:00,2025-07-23 02:00:00+02:00,2025,78.5,78.5,78.5
2026-07-23 03:00:00+02:00,2025-07-23 03:00:00+02:00,2025,76.04,76.04,76.04
2026-07-23 04:00:00+02:00,2025-07-23 04:00:00+02:00,2025,77.69,77.69,77.69
2026-07-23 05:00:00+02:00,2025-07-23 05:00:00+02:00,2025,80.64,80.64,80.64
2026-07-23 06:00:00+02:00,2025-07-23 06:00:00+02:00,2025,91.35,91.35,91.35
2026-07-23 07:00:00+02:00,2025-07-23 07:00:00+02:00,2025,99.87,99.87,99.87
2026-07-23 08:00:00+02:00,2025-07-23 08:00:00+02:00,2025,96.5,96.5,96.5
2026-07-23 09:00:00+02:00,2025-07-23 09:00:00+02:00,2025,81.69,81.69,81.69
2026-07-23 10:00:00+02:00,2025-07-23 10:00:00+02:00,2025,67.3,67.3,67.3
2026-07-23 11:00:00+02:00,2025-07-23 11:00:00+02:00,2025,53.5,53.5,53.5
2026-07-23 12:00:00+02:00,2025-07-23 12:00:00+02:00,2025,33.72,33.72,33.72
2026-07-23 13:00:00+02:00,2025-07-23 13:00:00+02:00,2025,23.73,23.73,23.73
2026-07-23 14:00:00+02:00,2025-07-23 14:00:00+02:00,2025,26.82,26.82,26.82
2026-07-23 15:00:00+02:00,2025-07-23 15:00:00+02:00,2025,40.3,40.3,40.3
2026-07-23 16:00:00+02:00,2025-07-23 16:00:00+02:00,2025,67.81,67.81,67.81
2026-07-23 17:00:00+02:00,2025-07-23 17:00:00+02:00,2025,78.05,78.05,78.05
2026-07-23 18:00:00+02:00,2025-07-23 18:00:00+02:00,2025,86.07,86.07,86.07
2026-07-23 19:00:00+02:00,2025-07-23 19:00:00+02:00,2025,105.0,105.0,105.0
2026-07-23 20:00:00+02:00,2025-07-23 20:00:00+02:00,2025,112.98,112.98,112.98
2026-07-23 21:00:00+02:00,2025-07-23 21:00:00+02:00,2025,119.74,119.74,119.74
2026-07-23 22:00:00+02:00,2025-07-23 22:00:00+02:00,2025,110.54,110.54,110.54
2026-07-23 23:00:00+02:00,2025-07-23 23:00:00+02:00,2025,103.06,103.06,103.06
2026-07-24 00:00:00+02:00,2025-07-24 00:00:00+02:00,2025,97.82,97.82,97.82
2026-07-24 01:00:00+02:00,2025-07-24 01:00:00+02:00,2025,94.08,94.08,94.08
2026-07-24 02:00:00+02:00,2025-07-24 02:00:00+02:00,2025,89.29,89.29,89.29
2026-07-24 03:00:00+02:00,2025-07-24 03:00:00+02:00,2025,89.29,89.29,89.29
2026-07-24 04:00:00+02:00,2025-07-24 04:00:00+02:00,2025,93.45,93.45,93.45
2026-07-24 05:00:00+02:00,2025-07-24 05:00:00+02:00,2025,102.65,102.65,102.65
2026-07-24 06:00:00+02:00,2025-07-24 06:00:00+02:00,2025,112.05,112.05,112.05
2026-07-24 07:00:00+02:00,2025-07-24 07:00:00+02:00,2025,117.22,117.22,117.22
2026-07-24 08:00:00+02:00,2025-07-24 08:00:00+02:00,2025,110.4,110.4,110.4
2026-07-24 09:00:00+02:00,2025-07-24 09:00:00+02:00,2025,96.22,96.22,96.22
2026-07-24 10:00:00+02:00,2025-07-24 10:00:00+02:00,2025,89.17,89.17,89.17
2026-07-24 11:00:00+02:00,2025-07-24 11:00:00+02:00,2025,84.39,84.39,84.39
2026-07-24 12:00:00+02:00,2025-07-24 12:00:00+02:00,2025,82.17,82.17,82.17
2026-07-24 13:00:00+02:00,2025-07-24 13:00:00+02:00,2025,80.43,80.43,80.43
2026-07-24 14:00:00+02:00,2025-07-24 14:00:00+02:00,2025,82.05,82.05,82.05
2026-07-24 15:00:00+02:00,2025-07-24 15:00:00+02:00,2025,84.77,84.77,84.77
2026-07-24 16:00:00+02:00,2025-07-24 16:00:00+02:00,2025,93.34,93.34,93.34
2026-07-24 17:00:00+02:00,2025-07-24 17:00:00+02:00,2025,100.6,100.6,100.6
2026-07-24 18:00:00+02:00,2025-07-24 18:00:00+02:00,2025,109.2,109.2,109.2
2026-07-24 19:00:00+02:00,2025-07-24 19:00:00+02:00,2025,130.0,130.0,130.0
2026-07-24 20:00:00+02:00,2025-07-24 20:00:00+02:00,2025,154.16,154.16,154.16
2026-07-24 21:00:00+02:00,2025-07-24 21:00:00+02:00,2025,140.64,140.64,140.64
2026-07-24 22:00:00+02:00,2025-07-24 22:00:00+02:00,2025,118.38,118.38,118.38
2026-07-24 23:00:00+02:00,2025-07-24 23:00:00+02:00,2025,109.39,109.39,109.39
2026-07-25 00:00:00+02:00,2025-07-25 00:00:00+02:00,2025,111.27,111.27,111.27
2026-07-25 01:00:00+02:00,2025-07-25 01:00:00+02:00,2025,103.67,103.67,103.67
2026-07-25 02:00:00+02:00,2025-07-25 02:00:00+02:00,2025,97.05,97.05,97.05
2026-07-25 03:00:00+02:00,2025-07-25 03:00:00+02:00,2025,92.94,92.94,92.94
2026-07-25 04:00:00+02:00,2025-07-25 04:00:00+02:00,2025,96.97,96.97,96.97
2026-07-25 05:00:00+02:00,2025-07-25 05:00:00+02:00,2025,98.2,98.2,98.2
2026-07-25 06:00:00+02:00,2025-07-25 06:00:00+02:00,2025,108.87,108.87,108.87
2026-07-25 07:00:00+02:00,2025-07-25 07:00:00+02:00,2025,112.95,112.95,112.95
2026-07-25 08:00:00+02:00,2025-07-25 08:00:00+02:00,2025,110.85,110.85,110.85
2026-07-25 09:00:00+02:00,2025-07-25 09:00:00+02:00,2025,98.2,98.2,98.2
2026-07-25 10:00:00+02:00,2025-07-25 10:00:00+02:00,2025,94.08,94.08,94.08
2026-07-25 11:00:00+02:00,2025-07-25 11:00:00+02:00,2025,85.15,85.15,85.15
2026-07-25 12:00:00+02:00,2025-07-25 12:00:00+02:00,2025,83.09,83.09,83.09
2026-07-25 13:00:00+02:00,2025-07-25 13:00:00+02:00,2025,78.7,78.7,78.7
2026-07-25 14:00:00+02:00,2025-07-25 14:00:00+02:00,2025,76.31,76.31,76.31
2026-07-25 15:00:00+02:00,2025-07-25 15:00:00+02:00,2025,79.27,79.27,79.27
2026-07-25 16:00:00+02:00,2025-07-25 16:00:00+02:00,2025,81.09,81.09,81.09
2026-07-25 17:00:00+02:00,2025-07-25 17:00:00+02:00,2025,84.02,84.02,84.02
2026-07-25 18:00:00+02:00,2025-07-25 18:00:00+02:00,2025,90.45,90.45,90.45
2026-07-25 19:00:00+02:00,2025-07-25 19:00:00+02:00,2025,101.81,101.81,101.81
2026-07-25 20:00:00+02:00,2025-07-25 20:00:00+02:00,2025,109.28,109.28,109.28
2026-07-25 21:00:00+02:00,2025-07-25 21:00:00+02:00,2025,121.21,121.21,121.21
2026-07-25 22:00:00+02:00,2025-07-25 22:00:00+02:00,2025,112.6,112.6,112.6
2026-07-25 23:00:00+02:00,2025-07-25 23:00:00+02:00,2025,110.25,110.25,110.25
2026-07-26 00:00:00+02:00,2025-07-26 00:00:00+02:00,2025,106.76,106.76,106.76
2026-07-26 01:00:00+02:00,2025-07-26 01:00:00+02:00,2025,100.7,100.7,100.7
2026-07-26 02:00:00+02:00,2025-07-26 02:00:00+02:00,2025,97.73,97.73,97.73
2026-07-26 03:00:00+02:00,2025-07-26 03:00:00+02:00,2025,96.65,96.65,96.65
2026-07-26 04:00:00+02:00,2025-07-26 04:00:00+02:00,2025,96.45,96.45,96.45
2026-07-26 05:00:00+02:00,2025-07-26 05:00:00+02:00,2025,94.89,94.89,94.89
2026-07-26 06:00:00+02:00,2025-07-26 06:00:00+02:00,2025,97.13,97.13,97.13
2026-07-26 07:00:00+02:00,2025-07-26 07:00:00+02:00,2025,96.1,96.1,96.1
2026-07-26 08:00:00+02:00,2025-07-26 08:00:00+02:00,2025,87.96,87.96,87.96
2026-07-26 09:00:00+02:00,2025-07-26 09:00:00+02:00,2025,85.85,85.85,85.85
2026-07-26 10:00:00+02:00,2025-07-26 10:00:00+02:00,2025,79.59,79.59,79.59
2026-07-26 11:00:00+02:00,2025-07-26 11:00:00+02:00,2025,75.2,75.2,75.2
2026-07-26 12:00:00+02:00,2025-07-26 12:00:00+02:00,2025,66.42,66.42,66.42
2026-07-26 13:00:00+02:00,2025-07-26 13:00:00+02:00,2025,49.87,49.87,49.87
2026-07-26 14:00:00+02:00,2025-07-26 14:00:00+02:00,2025,50.09,50.09,50.09
2026-07-26 15:00:00+02:00,2025-07-26 15:00:00+02:00,2025,68.07,68.07,68.07
2026-07-26 16:00:00+02:00,2025-07-26 16:00:00+02:00,2025,74.81,74.81,74.81
2026-07-26 17:00:00+02:00,2025-07-26 17:00:00+02:00,2025,84.2,84.2,84.2
2026-07-26 18:00:00+02:00,2025-07-26 18:00:00+02:00,2025,98.2,98.2,98.2
2026-07-26 19:00:00+02:00,2025-07-26 19:00:00+02:00,2025,106.6,106.6,106.6
2026-07-26 20:00:00+02:00,2025-07-26 20:00:00+02:00,2025,121.95,121.95,121.95
2026-07-26 21:00:00+02:00,2025-07-26 21:00:00+02:00,2025,127.07,127.07,127.07
2026-07-26 22:00:00+02:00,2025-07-26 22:00:00+02:00,2025,116.72,116.72,116.72
2026-07-26 23:00:00+02:00,2025-07-26 23:00:00+02:00,2025,108.8,108.8,108.8
2026-07-27 00:00:00+02:00,2025-07-27 00:00:00+02:00,2025,104.64,104.64,104.64
2026-07-27 01:00:00+02:00,2025-07-27 01:00:00+02:00,2025,99.47,99.47,99.47
2026-07-27 02:00:00+02:00,2025-07-27 02:00:00+02:00,2025,95.01,95.01,95.01
2026-07-27 03:00:00+02:00,2025-07-27 03:00:00+02:00,2025,92.07,92.07,92.07
2026-07-27 04:00:00+02:00,2025-07-27 04:00:00+02:00,2025,91.99,91.99,91.99
2026-07-27 05:00:00+02:00,2025-07-27 05:00:00+02:00,2025,89.88,89.88,89.88
2026-07-27 06:00:00+02:00,2025-07-27 06:00:00+02:00,2025,88.79,88.79,88.79
2026-07-27 07:00:00+02:00,2025-07-27 07:00:00+02:00,2025,86.58,86.58,86.58
2026-07-27 08:00:00+02:00,2025-07-27 08:00:00+02:00,2025,83.76,83.76,83.76
2026-07-27 09:00:00+02:00,2025-07-27 09:00:00+02:00,2025,81.71,81.71,81.71
2026-07-27 10:00:00+02:00,2025-07-27 10:00:00+02:00,2025,75.91,75.91,75.91
2026-07-27 11:00:00+02:00,2025-07-27 11:00:00+02:00,2025,70.52,70.52,70.52
2026-07-27 12:00:00+02:00,2025-07-27 12:00:00+02:00,2025,45.93,45.93,45.93
2026-07-27 13:00:00+02:00,2025-07-27 13:00:00+02:00,2025,15.04,15.04,15.04
2026-07-27 14:00:00+02:00,2025-07-27 14:00:00+02:00,2025,8.85,8.85,8.85
2026-07-27 15:00:00+02:00,2025-07-27 15:00:00+02:00,2025,17.3,17.3,17.3
2026-07-27 16:00:00+02:00,2025-07-27 16:00:00+02:00,2025,45.74,45.74,45.74
2026-07-27 17:00:00+02:00,2025-07-27 17:00:00+02:00,2025,82.36,82.36,82.36
2026-07-27 18:00:00+02:00,2025-07-27 18:00:00+02:00,2025,95.66,95.66,95.66
2026-07-27 19:00:00+02:00,2025-07-27 19:00:00+02:00,2025,102.47,102.47,102.47
2026-07-27 20:00:00+02:00,2025-07-27 20:00:00+02:00,2025,107.95,107.95,107.95
2026-07-27 21:00:00+02:00,2025-07-27 21:00:00+02:00,2025,114.71,114.71,114.71
2026-07-27 22:00:00+02:00,2025-07-27 22:00:00+02:00,2025,107.33,107.33,107.33
2026-07-27 23:00:00+02:00,2025-07-27 23:00:00+02:00,2025,102.69,102.69,102.69
2026-07-28 00:00:00+02:00,2025-07-28 00:00:00+02:00,2025,100.0,100.0,100.0
2026-07-28 01:00:00+02:00,2025-07-28 01:00:00+02:00,2025,88.77,88.77,88.77
2026-07-28 02:00:00+02:00,2025-07-28 02:00:00+02:00,2025,83.5,83.5,83.5
2026-07-28 03:00:00+02:00,2025-07-28 03:00:00+02:00,2025,79.67,79.67,79.67
2026-07-28 04:00:00+02:00,2025-07-28 04:00:00+02:00,2025,79.51,79.51,79.51
2026-07-28 05:00:00+02:00,2025-07-28 05:00:00+02:00,2025,89.52,89.52,89.52
2026-07-28 06:00:00+02:00,2025-07-28 06:00:00+02:00,2025,108.88,108.88,108.88
2026-07-28 07:00:00+02:00,2025-07-28 07:00:00+02:00,2025,121.97,121.97,121.97
2026-07-28 08:00:00+02:00,2025-07-28 08:00:00+02:00,2025,118.37,118.37,118.37
2026-07-28 09:00:00+02:00,2025-07-28 09:00:00+02:00,2025,105.45,105.45,105.45
2026-07-28 10:00:00+02:00,2025-07-28 10:00:00+02:00,2025,97.25,97.25,97.25
2026-07-28 11:00:00+02:00,2025-07-28 11:00:00+02:00,2025,90.96,90.96,90.96
2026-07-28 12:00:00+02:00,2025-07-28 12:00:00+02:00,2025,81.79,81.79,81.79
2026-07-28 13:00:00+02:00,2025-07-28 13:00:00+02:00,2025,77.52,77.52,77.52
2026-07-28 14:00:00+02:00,2025-07-28 14:00:00+02:00,2025,68.33,68.33,68.33
2026-07-28 15:00:00+02:00,2025-07-28 15:00:00+02:00,2025,73.97,73.97,73.97
2026-07-28 16:00:00+02:00,2025-07-28 16:00:00+02:00,2025,77.28,77.28,77.28
2026-07-28 17:00:00+02:00,2025-07-28 17:00:00+02:00,2025,88.12,88.12,88.12
2026-07-28 18:00:00+02:00,2025-07-28 18:00:00+02:00,2025,97.2,97.2,97.2
2026-07-28 19:00:00+02:00,2025-07-28 19:00:00+02:00,2025,103.59,103.59,103.59
2026-07-28 20:00:00+02:00,2025-07-28 20:00:00+02:00,2025,114.14,114.14,114.14
2026-07-28 21:00:00+02:00,2025-07-28 21:00:00+02:00,2025,114.34,114.34,114.34
2026-07-28 22:00:00+02:00,2025-07-28 22:00:00+02:00,2025,105.26,105.26,105.26
2026-07-28 23:00:00+02:00,2025-07-28 23:00:00+02:00,2025,92.43,92.43,92.43
2026-07-29 00:00:00+02:00,2025-07-29 00:00:00+02:00,2025,87.51,87.51,87.51
2026-07-29 01:00:00+02:00,2025-07-29 01:00:00+02:00,2025,84.1,84.1,84.1
2026-07-29 02:00:00+02:00,2025-07-29 02:00:00+02:00,2025,82.9,82.9,82.9
2026-07-29 03:00:00+02:00,2025-07-29 03:00:00+02:00,2025,82.1,82.1,82.1
2026-07-29 04:00:00+02:00,2025-07-29 04:00:00+02:00,2025,83.89,83.89,83.89
2026-07-29 05:00:00+02:00,2025-07-29 05:00:00+02:00,2025,92.88,92.88,92.88
2026-07-29 06:00:00+02:00,2025-07-29 06:00:00+02:00,2025,101.07,101.07,101.07
2026-07-29 07:00:00+02:00,2025-07-29 07:00:00+02:00,2025,109.25,109.25,109.25
2026-07-29 08:00:00+02:00,2025-07-29 08:00:00+02:00,2025,99.02,99.02,99.02
2026-07-29 09:00:00+02:00,2025-07-29 09:00:00+02:00,2025,80.2,80.2,80.2
2026-07-29 10:00:00+02:00,2025-07-29 10:00:00+02:00,2025,66.37,66.37,66.37
2026-07-29 11:00:00+02:00,2025-07-29 11:00:00+02:00,2025,54.0,54.0,54.0
2026-07-29 12:00:00+02:00,2025-07-29 12:00:00+02:00,2025,25.6,25.6,25.6
2026-07-29 13:00:00+02:00,2025-07-29 13:00:00+02:00,2025,4.34,4.34,4.34
2026-07-29 14:00:00+02:00,2025-07-29 14:00:00+02:00,2025,1.07,1.07,1.07
2026-07-29 15:00:00+02:00,2025-07-29 15:00:00+02:00,2025,6.2,6.2,6.2
2026-07-29 16:00:00+02:00,2025-07-29 16:00:00+02:00,2025,44.41,44.41,44.41
2026-07-29 17:00:00+02:00,2025-07-29 17:00:00+02:00,2025,78.24,78.24,78.24
2026-07-29 18:00:00+02:00,2025-07-29 18:00:00+02:00,2025,94.81,94.81,94.81
2026-07-29 19:00:00+02:00,2025-07-29 19:00:00+02:00,2025,105.32,105.32,105.32
2026-07-29 20:00:00+02:00,2025-07-29 20:00:00+02:00,2025,123.56,123.56,123.56
2026-07-29 21:00:00+02:00,2025-07-29 21:00:00+02:00,2025,126.01,126.01,126.01
2026-07-29 22:00:00+02:00,2025-07-29 22:00:00+02:00,2025,111.94,111.94,111.94
2026-07-29 23:00:00+02:00,2025-07-29 23:00:00+02:00,2025,102.07,102.07,102.07
2026-07-30 00:00:00+02:00,2025-07-30 00:00:00+02:00,2025,94.92,94.92,94.92
2026-07-30 01:00:00+02:00,2025-07-30 01:00:00+02:00,2025,90.88,90.88,90.88
2026-07-30 02:00:00+02:00,2025-07-30 02:00:00+02:00,2025,86.93,86.93,86.93
2026-07-30 03:00:00+02:00,2025-07-30 03:00:00+02:00,2025,83.24,83.24,83.24
2026-07-30 04:00:00+02:00,2025-07-30 04:00:00+02:00,2025,84.89,84.89,84.89
2026-07-30 05:00:00+02:00,2025-07-30 05:00:00+02:00,2025,94.72,94.72,94.72
2026-07-30 06:00:00+02:00,2025-07-30 06:00:00+02:00,2025,100.38,100.38,100.38
2026-07-30 07:00:00+02:00,2025-07-30 07:00:00+02:00,2025,97.47,97.47,97.47
2026-07-30 08:00:00+02:00,2025-07-30 08:00:00+02:00,2025,93.88,93.88,93.88
2026-07-30 09:00:00+02:00,2025-07-30 09:00:00+02:00,2025,79.02,79.02,79.02
2026-07-30 10:00:00+02:00,2025-07-30 10:00:00+02:00,2025,63.29,63.29,63.29
2026-07-30 11:00:00+02:00,2025-07-30 11:00:00+02:00,2025,40.43,40.43,40.43
2026-07-30 12:00:00+02:00,2025-07-30 12:00:00+02:00,2025,24.79,24.79,24.79
2026-07-30 13:00:00+02:00,2025-07-30 13:00:00+02:00,2025,17.69,17.69,17.69
2026-07-30 14:00:00+02:00,2025-07-30 14:00:00+02:00,2025,10.7,10.7,10.7
2026-07-30 15:00:00+02:00,2025-07-30 15:00:00+02:00,2025,28.03,28.03,28.03
2026-07-30 16:00:00+02:00,2025-07-30 16:00:00+02:00,2025,45.61,45.61,45.61
2026-07-30 17:00:00+02:00,2025-07-30 17:00:00+02:00,2025,75.68,75.68,75.68
2026-07-30 18:00:00+02:00,2025-07-30 18:00:00+02:00,2025,93.97,93.97,93.97
2026-07-30 19:00:00+02:00,2025-07-30 19:00:00+02:00,2025,101.86,101.86,101.86
2026-07-30 20:00:00+02:00,2025-07-30 20:00:00+02:00,2025,109.07,109.07,109.07
2026-07-30 21:00:00+02:00,2025-07-30 21:00:00+02:00,2025,109.0,109.0,109.0
2026-07-30 22:00:00+02:00,2025-07-30 22:00:00+02:00,2025,104.0,104.0,104.0
2026-07-30 23:00:00+02:00,2025-07-30 23:00:00+02:00,2025,92.41,92.41,92.41
2026-07-31 00:00:00+02:00,2025-07-31 00:00:00+02:00,2025,88.93,88.93,88.93
2026-07-31 01:00:00+02:00,2025-07-31 01:00:00+02:00,2025,82.11,82.11,82.11
2026-07-31 02:00:00+02:00,2025-07-31 02:00:00+02:00,2025,79.0,79.0,79.0
2026-07-31 03:00:00+02:00,2025-07-31 03:00:00+02:00,2025,77.27,77.27,77.27
2026-07-31 04:00:00+02:00,2025-07-31 04:00:00+02:00,2025,78.51,78.51,78.51
2026-07-31 05:00:00+02:00,2025-07-31 05:00:00+02:00,2025,85.43,85.43,85.43
2026-07-31 06:00:00+02:00,2025-07-31 06:00:00+02:00,2025,98.14,98.14,98.14
2026-07-31 07:00:00+02:00,2025-07-31 07:00:00+02:00,2025,100.46,100.46,100.46
2026-07-31 08:00:00+02:00,2025-07-31 08:00:00+02:00,2025,94.09,94.09,94.09
2026-07-31 09:00:00+02:00,2025-07-31 09:00:00+02:00,2025,88.91,88.91,88.91
2026-07-31 10:00:00+02:00,2025-07-31 10:00:00+02:00,2025,74.17,74.17,74.17
2026-07-31 11:00:00+02:00,2025-07-31 11:00:00+02:00,2025,70.04,70.04,70.04
2026-07-31 12:00:00+02:00,2025-07-31 12:00:00+02:00,2025,61.15,61.15,61.15
2026-07-31 13:00:00+02:00,2025-07-31 13:00:00+02:00,2025,48.05,48.05,48.05
2026-07-31 14:00:00+02:00,2025-07-31 14:00:00+02:00,2025,35.06,35.06,35.06
2026-07-31 15:00:00+02:00,2025-07-31 15:00:00+02:00,2025,55.07,55.07,55.07
2026-07-31 16:00:00+02:00,2025-07-31 16:00:00+02:00,2025,72.43,72.43,72.43
2026-07-31 17:00:00+02:00,2025-07-31 17:00:00+02:00,2025,84.56,84.56,84.56
2026-07-31 18:00:00+02:00,2025-07-31 18:00:00+02:00,2025,96.9,96.9,96.9
2026-07-31 19:00:00+02:00,2025-07-31 19:00:00+02:00,2025,111.92,111.92,111.92
2026-07-31 20:00:00+02:00,2025-07-31 20:00:00+02:00,2025,128.27,128.27,128.27
2026-07-31 21:00:00+02:00,2025-07-31 21:00:00+02:00,2025,125.11,125.11,125.11
2026-07-31 22:00:00+02:00,2025-07-31 22:00:00+02:00,2025,114.16,114.16,114.16
2026-07-31 23:00:00+02:00,2025-07-31 23:00:00+02:00,2025,102.79,102.79,102.79
2026-08-01 00:00:00+02:00,2025-08-01 00:00:00+02:00,2025,105.31,105.31,105.31
2026-08-01 01:00:00+02:00,2025-08-01 01:00:00+02:00,2025,98.54,98.54,98.54
2026-08-01 02:00:00+02:00,2025-08-01 02:00:00+02:00,2025,92.15,92.15,92.15
2026-08-01 03:00:00+02:00,2025-08-01 03:00:00+02:00,2025,89.17,89.17,89.17
2026-08-01 04:00:00+02:00,2025-08-01 04:00:00+02:00,2025,94.21,94.21,94.21
2026-08-01 05:00:00+02:00,2025-08-01 05:00:00+02:00,2025,100.58,100.58,100.58
2026-08-01 06:00:00+02:00,2025-08-01 06:00:00+02:00,2025,106.69,106.69,106.69
2026-08-01 07:00:00+02:00,2025-08-01 07:00:00+02:00,2025,110.71,110.71,110.71
2026-08-01 08:00:00+02:00,2025-08-01 08:00:00+02:00,2025,106.64,106.64,106.64
2026-08-01 09:00:00+02:00,2025-08-01 09:00:00+02:00,2025,103.67,103.67,103.67
2026-08-01 10:00:00+02:00,2025-08-01 10:00:00+02:00,2025,97.95,97.95,97.95
2026-08-01 11:00:00+02:00,2025-08-01 11:00:00+02:00,2025,84.1,84.1,84.1
2026-08-01 12:00:00+02:00,2025-08-01 12:00:00+02:00,2025,77.05,77.05,77.05
2026-08-01 13:00:00+02:00,2025-08-01 13:00:00+02:00,2025,61.97,61.97,61.97
2026-08-01 14:00:00+02:00,2025-08-01 14:00:00+02:00,2025,49.06,49.06,49.06
2026-08-01 15:00:00+02:00,2025-08-01 15:00:00+02:00,2025,49.1,49.1,49.1
2026-08-01 16:00:00+02:00,2025-08-01 16:00:00+02:00,2025,69.93,69.93,69.93
2026-08-01 17:00:00+02:00,2025-08-01 17:00:00+02:00,2025,83.59,83.59,83.59
2026-08-01 18:00:00+02:00,2025-08-01 18:00:00+02:00,2025,96.45,96.45,96.45
2026-08-01 19:00:00+02:00,2025-08-01 19:00:00+02:00,2025,109.51,109.51,109.51
2026-08-01 20:00:00+02:00,2025-08-01 20:00:00+02:00,2025,119.23,119.23,119.23
2026-08-01 21:00:00+02:00,2025-08-01 21:00:00+02:00,2025,117.51,117.51,117.51
2026-08-01 22:00:00+02:00,2025-08-01 22:00:00+02:00,2025,110.72,110.72,110.72
2026-08-01 23:00:00+02:00,2025-08-01 23:00:00+02:00,2025,102.73,102.73,102.73
2026-08-02 00:00:00+02:00,2025-08-02 00:00:00+02:00,2025,104.47,104.47,104.47
2026-08-02 01:00:00+02:00,2025-08-02 01:00:00+02:00,2025,100.32,100.32,100.32
2026-08-02 02:00:00+02:00,2025-08-02 02:00:00+02:00,2025,97.79,97.79,97.79
2026-08-02 03:00:00+02:00,2025-08-02 03:00:00+02:00,2025,92.16,92.16,92.16
2026-08-02 04:00:00+02:00,2025-08-02 04:00:00+02:00,2025,91.29,91.29,91.29
2026-08-02 05:00:00+02:00,2025-08-02 05:00:00+02:00,2025,90.77,90.77,90.77
2026-08-02 06:00:00+02:00,2025-08-02 06:00:00+02:00,2025,89.67,89.67,89.67
2026-08-02 07:00:00+02:00,2025-08-02 07:00:00+02:00,2025,84.7,84.7,84.7
2026-08-02 08:00:00+02:00,2025-08-02 08:00:00+02:00,2025,78.4,78.4,78.4
2026-08-02 09:00:00+02:00,2025-08-02 09:00:00+02:00,2025,65.68,65.68,65.68
2026-08-02 10:00:00+02:00,2025-08-02 10:00:00+02:00,2025,31.09,31.09,31.09
2026-08-02 11:00:00+02:00,2025-08-02 11:00:00+02:00,2025,5.68,5.68,5.68
2026-08-02 12:00:00+02:00,2025-08-02 12:00:00+02:00,2025,2.95,2.95,2.95
2026-08-02 13:00:00+02:00,2025-08-02 13:00:00+02:00,2025,0.0,0.0,0.0
2026-08-02 14:00:00+02:00,2025-08-02 14:00:00+02:00,2025,0.0,0.0,0.0
2026-08-02 15:00:00+02:00,2025-08-02 15:00:00+02:00,2025,0.0,0.0,0.0
2026-08-02 16:00:00+02:00,2025-08-02 16:00:00+02:00,2025,5.3,5.3,5.3
2026-08-02 17:00:00+02:00,2025-08-02 17:00:00+02:00,2025,60.69,60.69,60.69
2026-08-02 18:00:00+02:00,2025-08-02 18:00:00+02:00,2025,91.32,91.32,91.32
2026-08-02 19:00:00+02:00,2025-08-02 19:00:00+02:00,2025,102.0,102.0,102.0
2026-08-02 20:00:00+02:00,2025-08-02 20:00:00+02:00,2025,109.49,109.49,109.49
2026-08-02 21:00:00+02:00,2025-08-02 21:00:00+02:00,2025,108.42,108.42,108.42
2026-08-02 22:00:00+02:00,2025-08-02 22:00:00+02:00,2025,104.34,104.34,104.34
2026-08-02 23:00:00+02:00,2025-08-02 23:00:00+02:00,2025,95.0,95.0,95.0
2026-08-03 00:00:00+02:00,2025-08-03 00:00:00+02:00,2025,85.09,85.09,85.09
2026-08-03 01:00:00+02:00,2025-08-03 01:00:00+02:00,2025,77.52,77.52,77.52
2026-08-03 02:00:00+02:00,2025-08-03 02:00:00+02:00,2025,71.95,71.95,71.95
2026-08-03 03:00:00+02:00,2025-08-03 03:00:00+02:00,2025,68.14,68.14,68.14
2026-08-03 04:00:00+02:00,2025-08-03 04:00:00+02:00,2025,65.77,65.77,65.77
2026-08-03 05:00:00+02:00,2025-08-03 05:00:00+02:00,2025,59.98,59.98,59.98
2026-08-03 06:00:00+02:00,2025-08-03 06:00:00+02:00,2025,46.8,46.8,46.8
2026-08-03 07:00:00+02:00,2025-08-03 07:00:00+02:00,2025,26.0,26.0,26.0
2026-08-03 08:00:00+02:00,2025-08-03 08:00:00+02:00,2025,6.16,6.16,6.16
2026-08-03 09:00:00+02:00,2025-08-03 09:00:00+02:00,2025,0.0,0.0,0.0
2026-08-03 10:00:00+02:00,2025-08-03 10:00:00+02:00,2025,-1.01,-1.01,-1.01
2026-08-03 11:00:00+02:00,2025-08-03 11:00:00+02:00,2025,-2.1,-2.1,-2.1
2026-08-03 12:00:00+02:00,2025-08-03 12:00:00+02:00,2025,-3.0,-3.0,-3.0
2026-08-03 13:00:00+02:00,2025-08-03 13:00:00+02:00,2025,-9.9,-9.9,-9.9
2026-08-03 14:00:00+02:00,2025-08-03 14:00:00+02:00,2025,-10.08,-10.08,-10.08
2026-08-03 15:00:00+02:00,2025-08-03 15:00:00+02:00,2025,-4.98,-4.98,-4.98
2026-08-03 16:00:00+02:00,2025-08-03 16:00:00+02:00,2025,-1.5,-1.5,-1.5
2026-08-03 17:00:00+02:00,2025-08-03 17:00:00+02:00,2025,3.61,3.61,3.61
2026-08-03 18:00:00+02:00,2025-08-03 18:00:00+02:00,2025,71.13,71.13,71.13
2026-08-03 19:00:00+02:00,2025-08-03 19:00:00+02:00,2025,88.13,88.13,88.13
2026-08-03 20:00:00+02:00,2025-08-03 20:00:00+02:00,2025,97.87,97.87,97.87
2026-08-03 21:00:00+02:00,2025-08-03 21:00:00+02:00,2025,95.99,95.99,95.99
2026-08-03 22:00:00+02:00,2025-08-03 22:00:00+02:00,2025,97.3,97.3,97.3
2026-08-03 23:00:00+02:00,2025-08-03 23:00:00+02:00,2025,85.09,85.09,85.09
2026-08-04 00:00:00+02:00,2025-08-04 00:00:00+02:00,2025,81.05,81.05,81.05
2026-08-04 01:00:00+02:00,2025-08-04 01:00:00+02:00,2025,70.07,70.07,70.07
2026-08-04 02:00:00+02:00,2025-08-04 02:00:00+02:00,2025,69.97,69.97,69.97
2026-08-04 03:00:00+02:00,2025-08-04 03:00:00+02:00,2025,70.62,70.62,70.62
2026-08-04 04:00:00+02:00,2025-08-04 04:00:00+02:00,2025,74.03,74.03,74.03
2026-08-04 05:00:00+02:00,2025-08-04 05:00:00+02:00,2025,82.94,82.94,82.94
2026-08-04 06:00:00+02:00,2025-08-04 06:00:00+02:00,2025,95.12,95.12,95.12
2026-08-04 07:00:00+02:00,2025-08-04 07:00:00+02:00,2025,102.72,102.72,102.72
2026-08-04 08:00:00+02:00,2025-08-04 08:00:00+02:00,2025,101.44,101.44,101.44
2026-08-04 09:00:00+02:00,2025-08-04 09:00:00+02:00,2025,97.05,97.05,97.05
2026-08-04 10:00:00+02:00,2025-08-04 10:00:00+02:00,2025,80.05,80.05,80.05
2026-08-04 11:00:00+02:00,2025-08-04 11:00:00+02:00,2025,56.33,56.33,56.33
2026-08-04 12:00:00+02:00,2025-08-04 12:00:00+02:00,2025,14.84,14.84,14.84
2026-08-04 13:00:00+02:00,2025-08-04 13:00:00+02:00,2025,4.05,4.05,4.05
2026-08-04 14:00:00+02:00,2025-08-04 14:00:00+02:00,2025,0.66,0.66,0.66
2026-08-04 15:00:00+02:00,2025-08-04 15:00:00+02:00,2025,0.02,0.02,0.02
2026-08-04 16:00:00+02:00,2025-08-04 16:00:00+02:00,2025,22.09,22.09,22.09
2026-08-04 17:00:00+02:00,2025-08-04 17:00:00+02:00,2025,67.24,67.24,67.24
2026-08-04 18:00:00+02:00,2025-08-04 18:00:00+02:00,2025,80.91,80.91,80.91
2026-08-04 19:00:00+02:00,2025-08-04 19:00:00+02:00,2025,84.54,84.54,84.54
2026-08-04 20:00:00+02:00,2025-08-04 20:00:00+02:00,2025,80.21,80.21,80.21
2026-08-04 21:00:00+02:00,2025-08-04 21:00:00+02:00,2025,72.7,72.7,72.7
2026-08-04 22:00:00+02:00,2025-08-04 22:00:00+02:00,2025,66.63,66.63,66.63
2026-08-04 23:00:00+02:00,2025-08-04 23:00:00+02:00,2025,47.69,47.69,47.69
2026-08-05 00:00:00+02:00,2025-08-05 00:00:00+02:00,2025,21.52,21.52,21.52
2026-08-05 01:00:00+02:00,2025-08-05 01:00:00+02:00,2025,15.34,15.34,15.34
2026-08-05 02:00:00+02:00,2025-08-05 02:00:00+02:00,2025,15.9,15.9,15.9
2026-08-05 03:00:00+02:00,2025-08-05 03:00:00+02:00,2025,23.96,23.96,23.96
2026-08-05 04:00:00+02:00,2025-08-05 04:00:00+02:00,2025,54.47,54.47,54.47
2026-08-05 05:00:00+02:00,2025-08-05 05:00:00+02:00,2025,76.19,76.19,76.19
2026-08-05 06:00:00+02:00,2025-08-05 06:00:00+02:00,2025,92.25,92.25,92.25
2026-08-05 07:00:00+02:00,2025-08-05 07:00:00+02:00,2025,92.08,92.08,92.08
2026-08-05 08:00:00+02:00,2025-08-05 08:00:00+02:00,2025,74.74,74.74,74.74
2026-08-05 09:00:00+02:00,2025-08-05 09:00:00+02:00,2025,3.89,3.89,3.89
2026-08-05 10:00:00+02:00,2025-08-05 10:00:00+02:00,2025,-0.21,-0.21,-0.21
2026-08-05 11:00:00+02:00,2025-08-05 11:00:00+02:00,2025,-2.01,-2.01,-2.01
2026-08-05 12:00:00+02:00,2025-08-05 12:00:00+02:00,2025,-4.94,-4.94,-4.94
2026-08-05 13:00:00+02:00,2025-08-05 13:00:00+02:00,2025,-9.5,-9.5,-9.5
2026-08-05 14:00:00+02:00,2025-08-05 14:00:00+02:00,2025,-11.83,-11.83,-11.83
2026-08-05 15:00:00+02:00,2025-08-05 15:00:00+02:00,2025,-9.92,-9.92,-9.92
2026-08-05 16:00:00+02:00,2025-08-05 16:00:00+02:00,2025,-5.07,-5.07,-5.07
2026-08-05 17:00:00+02:00,2025-08-05 17:00:00+02:00,2025,-0.52,-0.52,-0.52
2026-08-05 18:00:00+02:00,2025-08-05 18:00:00+02:00,2025,1.07,1.07,1.07
2026-08-05 19:00:00+02:00,2025-08-05 19:00:00+02:00,2025,72.48,72.48,72.48
2026-08-05 20:00:00+02:00,2025-08-05 20:00:00+02:00,2025,89.97,89.97,89.97
2026-08-05 21:00:00+02:00,2025-08-05 21:00:00+02:00,2025,107.15,107.15,107.15
2026-08-05 22:00:00+02:00,2025-08-05 22:00:00+02:00,2025,87.18,87.18,87.18
2026-08-05 23:00:00+02:00,2025-08-05 23:00:00+02:00,2025,81.0,81.0,81.0
2026-08-06 00:00:00+02:00,2025-08-06 00:00:00+02:00,2025,75.13,75.13,75.13
2026-08-06 01:00:00+02:00,2025-08-06 01:00:00+02:00,2025,59.89,59.89,59.89
2026-08-06 02:00:00+02:00,2025-08-06 02:00:00+02:00,2025,60.76,60.76,60.76
2026-08-06 03:00:00+02:00,2025-08-06 03:00:00+02:00,2025,61.01,61.01,61.01
2026-08-06 04:00:00+02:00,2025-08-06 04:00:00+02:00,2025,60.35,60.35,60.35
2026-08-06 05:00:00+02:00,2025-08-06 05:00:00+02:00,2025,81.7,81.7,81.7
2026-08-06 06:00:00+02:00,2025-08-06 06:00:00+02:00,2025,103.77,103.77,103.77
2026-08-06 07:00:00+02:00,2025-08-06 07:00:00+02:00,2025,102.94,102.94,102.94
2026-08-06 08:00:00+02:00,2025-08-06 08:00:00+02:00,2025,83.94,83.94,83.94
2026-08-06 09:00:00+02:00,2025-08-06 09:00:00+02:00,2025,27.74,27.74,27.74
2026-08-06 10:00:00+02:00,2025-08-06 10:00:00+02:00,2025,-0.01,-0.01,-0.01
2026-08-06 11:00:00+02:00,2025-08-06 11:00:00+02:00,2025,-2.05,-2.05,-2.05
2026-08-06 12:00:00+02:00,2025-08-06 12:00:00+02:00,2025,-8.47,-8.47,-8.47
2026-08-06 13:00:00+02:00,2025-08-06 13:00:00+02:00,2025,-11.79,-11.79,-11.79
2026-08-06 14:00:00+02:00,2025-08-06 14:00:00+02:00,2025,-6.0,-6.0,-6.0
2026-08-06 15:00:00+02:00,2025-08-06 15:00:00+02:00,2025,-3.11,-3.11,-3.11
2026-08-06 16:00:00+02:00,2025-08-06 16:00:00+02:00,2025,-1.01,-1.01,-1.01
2026-08-06 17:00:00+02:00,2025-08-06 17:00:00+02:00,2025,52.15,52.15,52.15
2026-08-06 18:00:00+02:00,2025-08-06 18:00:00+02:00,2025,97.19,97.19,97.19
2026-08-06 19:00:00+02:00,2025-08-06 19:00:00+02:00,2025,113.7,113.7,113.7
2026-08-06 20:00:00+02:00,2025-08-06 20:00:00+02:00,2025,170.16,170.16,170.16
2026-08-06 21:00:00+02:00,2025-08-06 21:00:00+02:00,2025,157.08,157.08,157.08
2026-08-06 22:00:00+02:00,2025-08-06 22:00:00+02:00,2025,110.0,110.0,110.0
2026-08-06 23:00:00+02:00,2025-08-06 23:00:00+02:00,2025,101.6,101.6,101.6
2026-08-07 00:00:00+02:00,2025-08-07 00:00:00+02:00,2025,97.58,97.58,97.58
2026-08-07 01:00:00+02:00,2025-08-07 01:00:00+02:00,2025,97.04,97.04,97.04
2026-08-07 02:00:00+02:00,2025-08-07 02:00:00+02:00,2025,91.44,91.44,91.44
2026-08-07 03:00:00+02:00,2025-08-07 03:00:00+02:00,2025,88.79,88.79,88.79
2026-08-07 04:00:00+02:00,2025-08-07 04:00:00+02:00,2025,88.93,88.93,88.93
2026-08-07 05:00:00+02:00,2025-08-07 05:00:00+02:00,2025,92.85,92.85,92.85
2026-08-07 06:00:00+02:00,2025-08-07 06:00:00+02:00,2025,107.46,107.46,107.46
2026-08-07 07:00:00+02:00,2025-08-07 07:00:00+02:00,2025,106.5,106.5,106.5
2026-08-07 08:00:00+02:00,2025-08-07 08:00:00+02:00,2025,100.48,100.48,100.48
2026-08-07 09:00:00+02:00,2025-08-07 09:00:00+02:00,2025,77.63,77.63,77.63
2026-08-07 10:00:00+02:00,2025-08-07 10:00:00+02:00,2025,22.23,22.23,22.23
2026-08-07 11:00:00+02:00,2025-08-07 11:00:00+02:00,2025,0.0,0.0,0.0
2026-08-07 12:00:00+02:00,2025-08-07 12:00:00+02:00,2025,-0.12,-0.12,-0.12
2026-08-07 13:00:00+02:00,2025-08-07 13:00:00+02:00,2025,-1.99,-1.99,-1.99
2026-08-07 14:00:00+02:00,2025-08-07 14:00:00+02:00,2025,-0.29,-0.29,-0.29
2026-08-07 15:00:00+02:00,2025-08-07 15:00:00+02:00,2025,-0.01,-0.01,-0.01
2026-08-07 16:00:00+02:00,2025-08-07 16:00:00+02:00,2025,2.0,2.0,2.0
2026-08-07 17:00:00+02:00,2025-08-07 17:00:00+02:00,2025,65.59,65.59,65.59
2026-08-07 18:00:00+02:00,2025-08-07 18:00:00+02:00,2025,94.23,94.23,94.23
2026-08-07 19:00:00+02:00,2025-08-07 19:00:00+02:00,2025,111.95,111.95,111.95
2026-08-07 20:00:00+02:00,2025-08-07 20:00:00+02:00,2025,141.94,141.94,141.94
2026-08-07 21:00:00+02:00,2025-08-07 21:00:00+02:00,2025,127.5,127.5,127.5
2026-08-07 22:00:00+02:00,2025-08-07 22:00:00+02:00,2025,110.0,110.0,110.0
2026-08-07 23:00:00+02:00,2025-08-07 23:00:00+02:00,2025,101.28,101.28,101.28
2026-08-08 00:00:00+02:00,2025-08-08 00:00:00+02:00,2025,93.9,93.9,93.9
2026-08-08 01:00:00+02:00,2025-08-08 01:00:00+02:00,2025,89.49,89.49,89.49
2026-08-08 02:00:00+02:00,2025-08-08 02:00:00+02:00,2025,86.13,86.13,86.13
2026-08-08 03:00:00+02:00,2025-08-08 03:00:00+02:00,2025,82.66,82.66,82.66
2026-08-08 04:00:00+02:00,2025-08-08 04:00:00+02:00,2025,81.45,81.45,81.45
2026-08-08 05:00:00+02:00,2025-08-08 05:00:00+02:00,2025,91.14,91.14,91.14
2026-08-08 06:00:00+02:00,2025-08-08 06:00:00+02:00,2025,100.43,100.43,100.43
2026-08-08 07:00:00+02:00,2025-08-08 07:00:00+02:00,2025,103.05,103.05,103.05
2026-08-08 08:00:00+02:00,2025-08-08 08:00:00+02:00,2025,109.14,109.14,109.14
2026-08-08 09:00:00+02:00,2025-08-08 09:00:00+02:00,2025,89.9,89.9,89.9
2026-08-08 10:00:00+02:00,2025-08-08 10:00:00+02:00,2025,66.0,66.0,66.0
2026-08-08 11:00:00+02:00,2025-08-08 11:00:00+02:00,2025,8.39,8.39,8.39
2026-08-08 12:00:00+02:00,2025-08-08 12:00:00+02:00,2025,0.0,0.0,0.0
2026-08-08 13:00:00+02:00,2025-08-08 13:00:00+02:00,2025,-0.01,-0.01,-0.01
2026-08-08 14:00:00+02:00,2025-08-08 14:00:00+02:00,2025,-0.02,-0.02,-0.02
2026-08-08 15:00:00+02:00,2025-08-08 15:00:00+02:00,2025,-0.01,-0.01,-0.01
2026-08-08 16:00:00+02:00,2025-08-08 16:00:00+02:00,2025,10.49,10.49,10.49
2026-08-08 17:00:00+02:00,2025-08-08 17:00:00+02:00,2025,71.74,71.74,71.74
2026-08-08 18:00:00+02:00,2025-08-08 18:00:00+02:00,2025,103.86,103.86,103.86
2026-08-08 19:00:00+02:00,2025-08-08 19:00:00+02:00,2025,113.97,113.97,113.97
2026-08-08 20:00:00+02:00,2025-08-08 20:00:00+02:00,2025,144.62,144.62,144.62
2026-08-08 21:00:00+02:00,2025-08-08 21:00:00+02:00,2025,151.51,151.51,151.51
2026-08-08 22:00:00+02:00,2025-08-08 22:00:00+02:00,2025,121.59,121.59,121.59
2026-08-08 23:00:00+02:00,2025-08-08 23:00:00+02:00,2025,108.46,108.46,108.46
2026-08-09 00:00:00+02:00,2025-08-09 00:00:00+02:00,2025,101.93,101.93,101.93
2026-08-09 01:00:00+02:00,2025-08-09 01:00:00+02:00,2025,100.43,100.43,100.43
2026-08-09 02:00:00+02:00,2025-08-09 02:00:00+02:00,2025,99.94,99.94,99.94
2026-08-09 03:00:00+02:00,2025-08-09 03:00:00+02:00,2025,97.8,97.8,97.8
2026-08-09 04:00:00+02:00,2025-08-09 04:00:00+02:00,2025,96.87,96.87,96.87
2026-08-09 05:00:00+02:00,2025-08-09 05:00:00+02:00,2025,97.01,97.01,97.01
2026-08-09 06:00:00+02:00,2025-08-09 06:00:00+02:00,2025,97.26,97.26,97.26
2026-08-09 07:00:00+02:00,2025-08-09 07:00:00+02:00,2025,93.45,93.45,93.45
2026-08-09 08:00:00+02:00,2025-08-09 08:00:00+02:00,2025,70.19,70.19,70.19
2026-08-09 09:00:00+02:00,2025-08-09 09:00:00+02:00,2025,15.34,15.34,15.34
2026-08-09 10:00:00+02:00,2025-08-09 10:00:00+02:00,2025,-0.02,-0.02,-0.02
2026-08-09 11:00:00+02:00,2025-08-09 11:00:00+02:00,2025,-1.0,-1.0,-1.0
2026-08-09 12:00:00+02:00,2025-08-09 12:00:00+02:00,2025,-6.63,-6.63,-6.63
2026-08-09 13:00:00+02:00,2025-08-09 13:00:00+02:00,2025,-15.14,-15.14,-15.14
2026-08-09 14:00:00+02:00,2025-08-09 14:00:00+02:00,2025,-15.37,-15.37,-15.37
2026-08-09 15:00:00+02:00,2025-08-09 15:00:00+02:00,2025,-4.1,-4.1,-4.1
2026-08-09 16:00:00+02:00,2025-08-09 16:00:00+02:00,2025,-0.04,-0.04,-0.04
2026-08-09 17:00:00+02:00,2025-08-09 17:00:00+02:00,2025,6.29,6.29,6.29
2026-08-09 18:00:00+02:00,2025-08-09 18:00:00+02:00,2025,85.9,85.9,85.9
2026-08-09 19:00:00+02:00,2025-08-09 19:00:00+02:00,2025,104.2,104.2,104.2
2026-08-09 20:00:00+02:00,2025-08-09 20:00:00+02:00,2025,127.62,127.62,127.62
2026-08-09 21:00:00+02:00,2025-08-09 21:00:00+02:00,2025,119.31,119.31,119.31
2026-08-09 22:00:00+02:00,2025-08-09 22:00:00+02:00,2025,107.89,107.89,107.89
2026-08-09 23:00:00+02:00,2025-08-09 23:00:00+02:00,2025,94.97,94.97,94.97
2026-08-10 00:00:00+02:00,2025-08-10 00:00:00+02:00,2025,84.79,84.79,84.79
2026-08-10 01:00:00+02:00,2025-08-10 01:00:00+02:00,2025,83.23,83.23,83.23
2026-08-10 02:00:00+02:00,2025-08-10 02:00:00+02:00,2025,83.1,83.1,83.1
2026-08-10 03:00:00+02:00,2025-08-10 03:00:00+02:00,2025,77.95,77.95,77.95
2026-08-10 04:00:00+02:00,2025-08-10 04:00:00+02:00,2025,80.68,80.68,80.68
2026-08-10 05:00:00+02:00,2025-08-10 05:00:00+02:00,2025,83.69,83.69,83.69
2026-08-10 06:00:00+02:00,2025-08-10 06:00:00+02:00,2025,82.27,82.27,82.27
2026-08-10 07:00:00+02:00,2025-08-10 07:00:00+02:00,2025,74.7,74.7,74.7
2026-08-10 08:00:00+02:00,2025-08-10 08:00:00+02:00,2025,26.36,26.36,26.36
2026-08-10 09:00:00+02:00,2025-08-10 09:00:00+02:00,2025,-0.01,-0.01,-0.01
2026-08-10 10:00:00+02:00,2025-08-10 10:00:00+02:00,2025,-3.11,-3.11,-3.11
2026-08-10 11:00:00+02:00,2025-08-10 11:00:00+02:00,2025,-15.6,-15.6,-15.6
2026-08-10 12:00:00+02:00,2025-08-10 12:00:00+02:00,2025,-40.03,-40.03,-40.03
2026-08-10 13:00:00+02:00,2025-08-10 13:00:00+02:00,2025,-61.08,-61.08,-61.08
2026-08-10 14:00:00+02:00,2025-08-10 14:00:00+02:00,2025,-50.94,-50.94,-50.94
2026-08-10 15:00:00+02:00,2025-08-10 15:00:00+02:00,2025,-22.12,-22.12,-22.12
2026-08-10 16:00:00+02:00,2025-08-10 16:00:00+02:00,2025,-1.21,-1.21,-1.21
2026-08-10 17:00:00+02:00,2025-08-10 17:00:00+02:00,2025,2.13,2.13,2.13
2026-08-10 18:00:00+02:00,2025-08-10 18:00:00+02:00,2025,82.64,82.64,82.64
2026-08-10 19:00:00+02:00,2025-08-10 19:00:00+02:00,2025,108.55,108.55,108.55
2026-08-10 20:00:00+02:00,2025-08-10 20:00:00+02:00,2025,118.95,118.95,118.95
2026-08-10 21:00:00+02:00,2025-08-10 21:00:00+02:00,2025,122.45,122.45,122.45
2026-08-10 22:00:00+02:00,2025-08-10 22:00:00+02:00,2025,106.98,106.98,106.98
2026-08-10 23:00:00+02:00,2025-08-10 23:00:00+02:00,2025,98.9,98.9,98.9
2026-08-11 00:00:00+02:00,2025-08-11 00:00:00+02:00,2025,99.82,99.82,99.82
2026-08-11 01:00:00+02:00,2025-08-11 01:00:00+02:00,2025,91.97,91.97,91.97
2026-08-11 02:00:00+02:00,2025-08-11 02:00:00+02:00,2025,87.44,87.44,87.44
2026-08-11 03:00:00+02:00,2025-08-11 03:00:00+02:00,2025,85.19,85.19,85.19
2026-08-11 04:00:00+02:00,2025-08-11 04:00:00+02:00,2025,92.85,92.85,92.85
2026-08-11 05:00:00+02:00,2025-08-11 05:00:00+02:00,2025,103.51,103.51,103.51
2026-08-11 06:00:00+02:00,2025-08-11 06:00:00+02:00,2025,129.22,129.22,129.22
2026-08-11 07:00:00+02:00,2025-08-11 07:00:00+02:00,2025,133.49,133.49,133.49
2026-08-11 08:00:00+02:00,2025-08-11 08:00:00+02:00,2025,105.35,105.35,105.35
2026-08-11 09:00:00+02:00,2025-08-11 09:00:00+02:00,2025,90.75,90.75,90.75
2026-08-11 10:00:00+02:00,2025-08-11 10:00:00+02:00,2025,50.0,50.0,50.0
2026-08-11 11:00:00+02:00,2025-08-11 11:00:00+02:00,2025,2.54,2.54,2.54
2026-08-11 12:00:00+02:00,2025-08-11 12:00:00+02:00,2025,0.0,0.0,0.0
2026-08-11 13:00:00+02:00,2025-08-11 13:00:00+02:00,2025,0.0,0.0,0.0
2026-08-11 14:00:00+02:00,2025-08-11 14:00:00+02:00,2025,0.0,0.0,0.0
2026-08-11 15:00:00+02:00,2025-08-11 15:00:00+02:00,2025,9.0,9.0,9.0
2026-08-11 16:00:00+02:00,2025-08-11 16:00:00+02:00,2025,56.14,56.14,56.14
2026-08-11 17:00:00+02:00,2025-08-11 17:00:00+02:00,2025,92.25,92.25,92.25
2026-08-11 18:00:00+02:00,2025-08-11 18:00:00+02:00,2025,108.26,108.26,108.26
2026-08-11 19:00:00+02:00,2025-08-11 19:00:00+02:00,2025,154.0,154.0,154.0
2026-08-11 20:00:00+02:00,2025-08-11 20:00:00+02:00,2025,191.95,191.95,191.95
2026-08-11 21:00:00+02:00,2025-08-11 21:00:00+02:00,2025,138.88,138.88,138.88
2026-08-11 22:00:00+02:00,2025-08-11 22:00:00+02:00,2025,108.87,108.87,108.87
2026-08-11 23:00:00+02:00,2025-08-11 23:00:00+02:00,2025,96.0,96.0,96.0
2026-08-12 00:00:00+02:00,2025-08-12 00:00:00+02:00,2025,93.0,93.0,93.0
2026-08-12 01:00:00+02:00,2025-08-12 01:00:00+02:00,2025,89.67,89.67,89.67
2026-08-12 02:00:00+02:00,2025-08-12 02:00:00+02:00,2025,85.41,85.41,85.41
2026-08-12 03:00:00+02:00,2025-08-12 03:00:00+02:00,2025,85.13,85.13,85.13
2026-08-12 04:00:00+02:00,2025-08-12 04:00:00+02:00,2025,86.48,86.48,86.48
2026-08-12 05:00:00+02:00,2025-08-12 05:00:00+02:00,2025,93.97,93.97,93.97
2026-08-12 06:00:00+02:00,2025-08-12 06:00:00+02:00,2025,106.91,106.91,106.91
2026-08-12 07:00:00+02:00,2025-08-12 07:00:00+02:00,2025,104.63,104.63,104.63
2026-08-12 08:00:00+02:00,2025-08-12 08:00:00+02:00,2025,98.71,98.71,98.71
2026-08-12 09:00:00+02:00,2025-08-12 09:00:00+02:00,2025,92.49,92.49,92.49
2026-08-12 10:00:00+02:00,2025-08-12 10:00:00+02:00,2025,79.53,79.53,79.53
2026-08-12 11:00:00+02:00,2025-08-12 11:00:00+02:00,2025,40.41,40.41,40.41
2026-08-12 12:00:00+02:00,2025-08-12 12:00:00+02:00,2025,8.38,8.38,8.38
2026-08-12 13:00:00+02:00,2025-08-12 13:00:00+02:00,2025,3.0,3.0,3.0
2026-08-12 14:00:00+02:00,2025-08-12 14:00:00+02:00,2025,5.15,5.15,5.15
2026-08-12 15:00:00+02:00,2025-08-12 15:00:00+02:00,2025,35.05,35.05,35.05
2026-08-12 16:00:00+02:00,2025-08-12 16:00:00+02:00,2025,73.12,73.12,73.12
2026-08-12 17:00:00+02:00,2025-08-12 17:00:00+02:00,2025,94.06,94.06,94.06
2026-08-12 18:00:00+02:00,2025-08-12 18:00:00+02:00,2025,106.1,106.1,106.1
2026-08-12 19:00:00+02:00,2025-08-12 19:00:00+02:00,2025,149.31,149.31,149.31
2026-08-12 20:00:00+02:00,2025-08-12 20:00:00+02:00,2025,156.16,156.16,156.16
2026-08-12 21:00:00+02:00,2025-08-12 21:00:00+02:00,2025,140.4,140.4,140.4
2026-08-12 22:00:00+02:00,2025-08-12 22:00:00+02:00,2025,114.07,114.07,114.07
2026-08-12 23:00:00+02:00,2025-08-12 23:00:00+02:00,2025,97.73,97.73,97.73
2026-08-13 00:00:00+02:00,2025-08-13 00:00:00+02:00,2025,95.72,95.72,95.72
2026-08-13 01:00:00+02:00,2025-08-13 01:00:00+02:00,2025,90.0,90.0,90.0
2026-08-13 02:00:00+02:00,2025-08-13 02:00:00+02:00,2025,86.89,86.89,86.89
2026-08-13 03:00:00+02:00,2025-08-13 03:00:00+02:00,2025,84.71,84.71,84.71
2026-08-13 04:00:00+02:00,2025-08-13 04:00:00+02:00,2025,87.07,87.07,87.07
2026-08-13 05:00:00+02:00,2025-08-13 05:00:00+02:00,2025,93.3,93.3,93.3
2026-08-13 06:00:00+02:00,2025-08-13 06:00:00+02:00,2025,108.87,108.87,108.87
2026-08-13 07:00:00+02:00,2025-08-13 07:00:00+02:00,2025,107.52,107.52,107.52
2026-08-13 08:00:00+02:00,2025-08-13 08:00:00+02:00,2025,105.87,105.87,105.87
2026-08-13 09:00:00+02:00,2025-08-13 09:00:00+02:00,2025,93.6,93.6,93.6
2026-08-13 10:00:00+02:00,2025-08-13 10:00:00+02:00,2025,89.26,89.26,89.26
2026-08-13 11:00:00+02:00,2025-08-13 11:00:00+02:00,2025,68.2,68.2,68.2
2026-08-13 12:00:00+02:00,2025-08-13 12:00:00+02:00,2025,44.29,44.29,44.29
2026-08-13 13:00:00+02:00,2025-08-13 13:00:00+02:00,2025,27.89,27.89,27.89
2026-08-13 14:00:00+02:00,2025-08-13 14:00:00+02:00,2025,41.66,41.66,41.66
2026-08-13 15:00:00+02:00,2025-08-13 15:00:00+02:00,2025,70.9,70.9,70.9
2026-08-13 16:00:00+02:00,2025-08-13 16:00:00+02:00,2025,84.3,84.3,84.3
2026-08-13 17:00:00+02:00,2025-08-13 17:00:00+02:00,2025,96.64,96.64,96.64
2026-08-13 18:00:00+02:00,2025-08-13 18:00:00+02:00,2025,115.34,115.34,115.34
2026-08-13 19:00:00+02:00,2025-08-13 19:00:00+02:00,2025,193.3,193.3,193.3
2026-08-13 20:00:00+02:00,2025-08-13 20:00:00+02:00,2025,226.64,226.64,226.64
2026-08-13 21:00:00+02:00,2025-08-13 21:00:00+02:00,2025,154.52,154.52,154.52
2026-08-13 22:00:00+02:00,2025-08-13 22:00:00+02:00,2025,123.21,123.21,123.21
2026-08-13 23:00:00+02:00,2025-08-13 23:00:00+02:00,2025,106.27,106.27,106.27
2026-08-14 00:00:00+02:00,2025-08-14 00:00:00+02:00,2025,98.1,98.1,98.1
2026-08-14 01:00:00+02:00,2025-08-14 01:00:00+02:00,2025,92.0,92.0,92.0
2026-08-14 02:00:00+02:00,2025-08-14 02:00:00+02:00,2025,88.45,88.45,88.45
2026-08-14 03:00:00+02:00,2025-08-14 03:00:00+02:00,2025,88.2,88.2,88.2
2026-08-14 04:00:00+02:00,2025-08-14 04:00:00+02:00,2025,88.53,88.53,88.53
2026-08-14 05:00:00+02:00,2025-08-14 05:00:00+02:00,2025,97.52,97.52,97.52
2026-08-14 06:00:00+02:00,2025-08-14 06:00:00+02:00,2025,107.94,107.94,107.94
2026-08-14 07:00:00+02:00,2025-08-14 07:00:00+02:00,2025,109.92,109.92,109.92
2026-08-14 08:00:00+02:00,2025-08-14 08:00:00+02:00,2025,99.51,99.51,99.51
2026-08-14 09:00:00+02:00,2025-08-14 09:00:00+02:00,2025,91.1,91.1,91.1
2026-08-14 10:00:00+02:00,2025-08-14 10:00:00+02:00,2025,81.26,81.26,81.26
2026-08-14 11:00:00+02:00,2025-08-14 11:00:00+02:00,2025,67.57,67.57,67.57
2026-08-14 12:00:00+02:00,2025-08-14 12:00:00+02:00,2025,54.09,54.09,54.09
2026-08-14 13:00:00+02:00,2025-08-14 13:00:00+02:00,2025,41.02,41.02,41.02
2026-08-14 14:00:00+02:00,2025-08-14 14:00:00+02:00,2025,54.9,54.9,54.9
2026-08-14 15:00:00+02:00,2025-08-14 15:00:00+02:00,2025,69.43,69.43,69.43
2026-08-14 16:00:00+02:00,2025-08-14 16:00:00+02:00,2025,78.99,78.99,78.99
2026-08-14 17:00:00+02:00,2025-08-14 17:00:00+02:00,2025,97.22,97.22,97.22
2026-08-14 18:00:00+02:00,2025-08-14 18:00:00+02:00,2025,115.54,115.54,115.54
2026-08-14 19:00:00+02:00,2025-08-14 19:00:00+02:00,2025,233.8,233.8,233.8
2026-08-14 20:00:00+02:00,2025-08-14 20:00:00+02:00,2025,283.89,283.89,283.89
2026-08-14 21:00:00+02:00,2025-08-14 21:00:00+02:00,2025,155.84,155.84,155.84
2026-08-14 22:00:00+02:00,2025-08-14 22:00:00+02:00,2025,120.71,120.71,120.71
2026-08-14 23:00:00+02:00,2025-08-14 23:00:00+02:00,2025,105.95,105.95,105.95
2026-08-15 00:00:00+02:00,2025-08-15 00:00:00+02:00,2025,99.59,99.59,99.59
2026-08-15 01:00:00+02:00,2025-08-15 01:00:00+02:00,2025,98.97,98.97,98.97
2026-08-15 02:00:00+02:00,2025-08-15 02:00:00+02:00,2025,93.9,93.9,93.9
2026-08-15 03:00:00+02:00,2025-08-15 03:00:00+02:00,2025,90.33,90.33,90.33
2026-08-15 04:00:00+02:00,2025-08-15 04:00:00+02:00,2025,92.0,92.0,92.0
2026-08-15 05:00:00+02:00,2025-08-15 05:00:00+02:00,2025,96.91,96.91,96.91
2026-08-15 06:00:00+02:00,2025-08-15 06:00:00+02:00,2025,101.66,101.66,101.66
2026-08-15 07:00:00+02:00,2025-08-15 07:00:00+02:00,2025,101.31,101.31,101.31
2026-08-15 08:00:00+02:00,2025-08-15 08:00:00+02:00,2025,96.6,96.6,96.6
2026-08-15 09:00:00+02:00,2025-08-15 09:00:00+02:00,2025,83.47,83.47,83.47
2026-08-15 10:00:00+02:00,2025-08-15 10:00:00+02:00,2025,43.9,43.9,43.9
2026-08-15 11:00:00+02:00,2025-08-15 11:00:00+02:00,2025,3.0,3.0,3.0
2026-08-15 12:00:00+02:00,2025-08-15 12:00:00+02:00,2025,0.08,0.08,0.08
2026-08-15 13:00:00+02:00,2025-08-15 13:00:00+02:00,2025,0.0,0.0,0.0
2026-08-15 14:00:00+02:00,2025-08-15 14:00:00+02:00,2025,0.0,0.0,0.0
2026-08-15 15:00:00+02:00,2025-08-15 15:00:00+02:00,2025,1.72,1.72,1.72
2026-08-15 16:00:00+02:00,2025-08-15 16:00:00+02:00,2025,27.66,27.66,27.66
2026-08-15 17:00:00+02:00,2025-08-15 17:00:00+02:00,2025,77.96,77.96,77.96
2026-08-15 18:00:00+02:00,2025-08-15 18:00:00+02:00,2025,105.89,105.89,105.89
2026-08-15 19:00:00+02:00,2025-08-15 19:00:00+02:00,2025,114.38,114.38,114.38
2026-08-15 20:00:00+02:00,2025-08-15 20:00:00+02:00,2025,124.01,124.01,124.01
2026-08-15 21:00:00+02:00,2025-08-15 21:00:00+02:00,2025,111.5,111.5,111.5
2026-08-15 22:00:00+02:00,2025-08-15 22:00:00+02:00,2025,105.94,105.94,105.94
2026-08-15 23:00:00+02:00,2025-08-15 23:00:00+02:00,2025,95.96,95.96,95.96
2026-08-16 00:00:00+02:00,2025-08-16 00:00:00+02:00,2025,96.11,96.11,96.11
2026-08-16 01:00:00+02:00,2025-08-16 01:00:00+02:00,2025,90.92,90.92,90.92
2026-08-16 02:00:00+02:00,2025-08-16 02:00:00+02:00,2025,89.78,89.78,89.78
2026-08-16 03:00:00+02:00,2025-08-16 03:00:00+02:00,2025,85.35,85.35,85.35
2026-08-16 04:00:00+02:00,2025-08-16 04:00:00+02:00,2025,84.05,84.05,84.05
2026-08-16 05:00:00+02:00,2025-08-16 05:00:00+02:00,2025,87.09,87.09,87.09
2026-08-16 06:00:00+02:00,2025-08-16 06:00:00+02:00,2025,91.01,91.01,91.01
2026-08-16 07:00:00+02:00,2025-08-16 07:00:00+02:00,2025,90.02,90.02,90.02
2026-08-16 08:00:00+02:00,2025-08-16 08:00:00+02:00,2025,80.99,80.99,80.99
2026-08-16 09:00:00+02:00,2025-08-16 09:00:00+02:00,2025,67.94,67.94,67.94
2026-08-16 10:00:00+02:00,2025-08-16 10:00:00+02:00,2025,25.12,25.12,25.12
2026-08-16 11:00:00+02:00,2025-08-16 11:00:00+02:00,2025,3.8,3.8,3.8
2026-08-16 12:00:00+02:00,2025-08-16 12:00:00+02:00,2025,0.17,0.17,0.17
2026-08-16 13:00:00+02:00,2025-08-16 13:00:00+02:00,2025,-0.01,-0.01,-0.01
2026-08-16 14:00:00+02:00,2025-08-16 14:00:00+02:00,2025,-0.01,-0.01,-0.01
2026-08-16 15:00:00+02:00,2025-08-16 15:00:00+02:00,2025,-0.01,-0.01,-0.01
2026-08-16 16:00:00+02:00,2025-08-16 16:00:00+02:00,2025,0.71,0.71,0.71
2026-08-16 17:00:00+02:00,2025-08-16 17:00:00+02:00,2025,16.21,16.21,16.21
2026-08-16 18:00:00+02:00,2025-08-16 18:00:00+02:00,2025,69.92,69.92,69.92
2026-08-16 19:00:00+02:00,2025-08-16 19:00:00+02:00,2025,95.0,95.0,95.0
2026-08-16 20:00:00+02:00,2025-08-16 20:00:00+02:00,2025,102.62,102.62,102.62
2026-08-16 21:00:00+02:00,2025-08-16 21:00:00+02:00,2025,100.61,100.61,100.61
2026-08-16 22:00:00+02:00,2025-08-16 22:00:00+02:00,2025,95.0,95.0,95.0
2026-08-16 23:00:00+02:00,2025-08-16 23:00:00+02:00,2025,90.0,90.0,90.0
2026-08-17 00:00:00+02:00,2025-08-17 00:00:00+02:00,2025,91.28,91.28,91.28
2026-08-17 01:00:00+02:00,2025-08-17 01:00:00+02:00,2025,85.34,85.34,85.34
2026-08-17 02:00:00+02:00,2025-08-17 02:00:00+02:00,2025,86.86,86.86,86.86
2026-08-17 03:00:00+02:00,2025-08-17 03:00:00+02:00,2025,86.63,86.63,86.63
2026-08-17 04:00:00+02:00,2025-08-17 04:00:00+02:00,2025,87.73,87.73,87.73
2026-08-17 05:00:00+02:00,2025-08-17 05:00:00+02:00,2025,89.93,89.93,89.93
2026-08-17 06:00:00+02:00,2025-08-17 06:00:00+02:00,2025,89.89,89.89,89.89
2026-08-17 07:00:00+02:00,2025-08-17 07:00:00+02:00,2025,81.03,81.03,81.03
2026-08-17 08:00:00+02:00,2025-08-17 08:00:00+02:00,2025,76.24,76.24,76.24
2026-08-17 09:00:00+02:00,2025-08-17 09:00:00+02:00,2025,32.59,32.59,32.59
2026-08-17 10:00:00+02:00,2025-08-17 10:00:00+02:00,2025,9.96,9.96,9.96
2026-08-17 11:00:00+02:00,2025-08-17 11:00:00+02:00,2025,0.1,0.1,0.1
2026-08-17 12:00:00+02:00,2025-08-17 12:00:00+02:00,2025,-0.2,-0.2,-0.2
2026-08-17 13:00:00+02:00,2025-08-17 13:00:00+02:00,2025,-0.93,-0.93,-0.93
2026-08-17 14:00:00+02:00,2025-08-17 14:00:00+02:00,2025,-1.25,-1.25,-1.25
2026-08-17 15:00:00+02:00,2025-08-17 15:00:00+02:00,2025,0.65,0.65,0.65
2026-08-17 16:00:00+02:00,2025-08-17 16:00:00+02:00,2025,13.81,13.81,13.81
2026-08-17 17:00:00+02:00,2025-08-17 17:00:00+02:00,2025,72.4,72.4,72.4
2026-08-17 18:00:00+02:00,2025-08-17 18:00:00+02:00,2025,96.69,96.69,96.69
2026-08-17 19:00:00+02:00,2025-08-17 19:00:00+02:00,2025,110.0,110.0,110.0
2026-08-17 20:00:00+02:00,2025-08-17 20:00:00+02:00,2025,110.66,110.66,110.66
2026-08-17 21:00:00+02:00,2025-08-17 21:00:00+02:00,2025,110.14,110.14,110.14
2026-08-17 22:00:00+02:00,2025-08-17 22:00:00+02:00,2025,105.1,105.1,105.1
2026-08-17 23:00:00+02:00,2025-08-17 23:00:00+02:00,2025,102.54,102.54,102.54
2026-08-18 00:00:00+02:00,2025-08-18 00:00:00+02:00,2025,91.99,91.99,91.99
2026-08-18 01:00:00+02:00,2025-08-18 01:00:00+02:00,2025,87.13,87.13,87.13
2026-08-18 02:00:00+02:00,2025-08-18 02:00:00+02:00,2025,84.33,84.33,84.33
2026-08-18 03:00:00+02:00,2025-08-18 03:00:00+02:00,2025,83.85,83.85,83.85
2026-08-18 04:00:00+02:00,2025-08-18 04:00:00+02:00,2025,89.46,89.46,89.46
2026-08-18 05:00:00+02:00,2025-08-18 05:00:00+02:00,2025,99.27,99.27,99.27
2026-08-18 06:00:00+02:00,2025-08-18 06:00:00+02:00,2025,118.51,118.51,118.51
2026-08-18 07:00:00+02:00,2025-08-18 07:00:00+02:00,2025,130.13,130.13,130.13
2026-08-18 08:00:00+02:00,2025-08-18 08:00:00+02:00,2025,109.87,109.87,109.87
2026-08-18 09:00:00+02:00,2025-08-18 09:00:00+02:00,2025,88.84,88.84,88.84
2026-08-18 10:00:00+02:00,2025-08-18 10:00:00+02:00,2025,72.06,72.06,72.06
2026-08-18 11:00:00+02:00,2025-08-18 11:00:00+02:00,2025,45.93,45.93,45.93
2026-08-18 12:00:00+02:00,2025-08-18 12:00:00+02:00,2025,20.04,20.04,20.04
2026-08-18 13:00:00+02:00,2025-08-18 13:00:00+02:00,2025,14.23,14.23,14.23
2026-08-18 14:00:00+02:00,2025-08-18 14:00:00+02:00,2025,18.34,18.34,18.34
2026-08-18 15:00:00+02:00,2025-08-18 15:00:00+02:00,2025,54.56,54.56,54.56
2026-08-18 16:00:00+02:00,2025-08-18 16:00:00+02:00,2025,70.94,70.94,70.94
2026-08-18 17:00:00+02:00,2025-08-18 17:00:00+02:00,2025,90.32,90.32,90.32
2026-08-18 18:00:00+02:00,2025-08-18 18:00:00+02:00,2025,109.87,109.87,109.87
2026-08-18 19:00:00+02:00,2025-08-18 19:00:00+02:00,2025,185.5,185.5,185.5
2026-08-18 20:00:00+02:00,2025-08-18 20:00:00+02:00,2025,197.42,197.42,197.42
2026-08-18 21:00:00+02:00,2025-08-18 21:00:00+02:00,2025,124.67,124.67,124.67
2026-08-18 22:00:00+02:00,2025-08-18 22:00:00+02:00,2025,107.49,107.49,107.49
2026-08-18 23:00:00+02:00,2025-08-18 23:00:00+02:00,2025,102.0,102.0,102.0
2026-08-19 00:00:00+02:00,2025-08-19 00:00:00+02:00,2025,101.01,101.01,101.01
2026-08-19 01:00:00+02:00,2025-08-19 01:00:00+02:00,2025,94.82,94.82,94.82
2026-08-19 02:00:00+02:00,2025-08-19 02:00:00+02:00,2025,88.2,88.2,88.2
2026-08-19 03:00:00+02:00,2025-08-19 03:00:00+02:00,2025,86.37,86.37,86.37
2026-08-19 04:00:00+02:00,2025-08-19 04:00:00+02:00,2025,90.09,90.09,90.09
2026-08-19 05:00:00+02:00,2025-08-19 05:00:00+02:00,2025,102.5,102.5,102.5
2026-08-19 06:00:00+02:00,2025-08-19 06:00:00+02:00,2025,111.1,111.1,111.1
2026-08-19 07:00:00+02:00,2025-08-19 07:00:00+02:00,2025,109.95,109.95,109.95
2026-08-19 08:00:00+02:00,2025-08-19 08:00:00+02:00,2025,98.05,98.05,98.05
2026-08-19 09:00:00+02:00,2025-08-19 09:00:00+02:00,2025,88.57,88.57,88.57
2026-08-19 10:00:00+02:00,2025-08-19 10:00:00+02:00,2025,69.64,69.64,69.64
2026-08-19 11:00:00+02:00,2025-08-19 11:00:00+02:00,2025,43.23,43.23,43.23
2026-08-19 12:00:00+02:00,2025-08-19 12:00:00+02:00,2025,22.85,22.85,22.85
2026-08-19 13:00:00+02:00,2025-08-19 13:00:00+02:00,2025,8.97,8.97,8.97
2026-08-19 14:00:00+02:00,2025-08-19 14:00:00+02:00,2025,15.26,15.26,15.26
2026-08-19 15:00:00+02:00,2025-08-19 15:00:00+02:00,2025,30.89,30.89,30.89
2026-08-19 16:00:00+02:00,2025-08-19 16:00:00+02:00,2025,60.6,60.6,60.6
2026-08-19 17:00:00+02:00,2025-08-19 17:00:00+02:00,2025,91.48,91.48,91.48
2026-08-19 18:00:00+02:00,2025-08-19 18:00:00+02:00,2025,101.91,101.91,101.91
2026-08-19 19:00:00+02:00,2025-08-19 19:00:00+02:00,2025,120.51,120.51,120.51
2026-08-19 20:00:00+02:00,2025-08-19 20:00:00+02:00,2025,128.62,128.62,128.62
2026-08-19 21:00:00+02:00,2025-08-19 21:00:00+02:00,2025,111.06,111.06,111.06
2026-08-19 22:00:00+02:00,2025-08-19 22:00:00+02:00,2025,104.41,104.41,104.41
2026-08-19 23:00:00+02:00,2025-08-19 23:00:00+02:00,2025,97.2,97.2,97.2
2026-08-20 00:00:00+02:00,2025-08-20 00:00:00+02:00,2025,97.7,97.7,97.7
2026-08-20 01:00:00+02:00,2025-08-20 01:00:00+02:00,2025,93.18,93.18,93.18
2026-08-20 02:00:00+02:00,2025-08-20 02:00:00+02:00,2025,87.64,87.64,87.64
2026-08-20 03:00:00+02:00,2025-08-20 03:00:00+02:00,2025,85.78,85.78,85.78
2026-08-20 04:00:00+02:00,2025-08-20 04:00:00+02:00,2025,89.66,89.66,89.66
2026-08-20 05:00:00+02:00,2025-08-20 05:00:00+02:00,2025,98.8,98.8,98.8
2026-08-20 06:00:00+02:00,2025-08-20 06:00:00+02:00,2025,108.84,108.84,108.84
2026-08-20 07:00:00+02:00,2025-08-20 07:00:00+02:00,2025,110.12,110.12,110.12
2026-08-20 08:00:00+02:00,2025-08-20 08:00:00+02:00,2025,103.91,103.91,103.91
2026-08-20 09:00:00+02:00,2025-08-20 09:00:00+02:00,2025,90.05,90.05,90.05
2026-08-20 10:00:00+02:00,2025-08-20 10:00:00+02:00,2025,80.98,80.98,80.98
2026-08-20 11:00:00+02:00,2025-08-20 11:00:00+02:00,2025,69.06,69.06,69.06
2026-08-20 12:00:00+02:00,2025-08-20 12:00:00+02:00,2025,49.07,49.07,49.07
2026-08-20 13:00:00+02:00,2025-08-20 13:00:00+02:00,2025,35.0,35.0,35.0
2026-08-20 14:00:00+02:00,2025-08-20 14:00:00+02:00,2025,42.03,42.03,42.03
2026-08-20 15:00:00+02:00,2025-08-20 15:00:00+02:00,2025,73.02,73.02,73.02
2026-08-20 16:00:00+02:00,2025-08-20 16:00:00+02:00,2025,81.45,81.45,81.45
2026-08-20 17:00:00+02:00,2025-08-20 17:00:00+02:00,2025,101.69,101.69,101.69
2026-08-20 18:00:00+02:00,2025-08-20 18:00:00+02:00,2025,109.16,109.16,109.16
2026-08-20 19:00:00+02:00,2025-08-20 19:00:00+02:00,2025,135.15,135.15,135.15
2026-08-20 20:00:00+02:00,2025-08-20 20:00:00+02:00,2025,126.11,126.11,126.11
2026-08-20 21:00:00+02:00,2025-08-20 21:00:00+02:00,2025,114.95,114.95,114.95
2026-08-20 22:00:00+02:00,2025-08-20 22:00:00+02:00,2025,103.49,103.49,103.49
2026-08-20 23:00:00+02:00,2025-08-20 23:00:00+02:00,2025,97.34,97.34,97.34
2026-08-21 00:00:00+02:00,2025-08-21 00:00:00+02:00,2025,96.11,96.11,96.11
2026-08-21 01:00:00+02:00,2025-08-21 01:00:00+02:00,2025,90.73,90.73,90.73
2026-08-21 02:00:00+02:00,2025-08-21 02:00:00+02:00,2025,87.52,87.52,87.52
2026-08-21 03:00:00+02:00,2025-08-21 03:00:00+02:00,2025,90.88,90.88,90.88
2026-08-21 04:00:00+02:00,2025-08-21 04:00:00+02:00,2025,92.37,92.37,92.37
2026-08-21 05:00:00+02:00,2025-08-21 05:00:00+02:00,2025,108.59,108.59,108.59
2026-08-21 06:00:00+02:00,2025-08-21 06:00:00+02:00,2025,115.6,115.6,115.6
2026-08-21 07:00:00+02:00,2025-08-21 07:00:00+02:00,2025,116.89,116.89,116.89
2026-08-21 08:00:00+02:00,2025-08-21 08:00:00+02:00,2025,107.79,107.79,107.79
2026-08-21 09:00:00+02:00,2025-08-21 09:00:00+02:00,2025,97.32,97.32,97.32
2026-08-21 10:00:00+02:00,2025-08-21 10:00:00+02:00,2025,85.85,85.85,85.85
2026-08-21 11:00:00+02:00,2025-08-21 11:00:00+02:00,2025,77.64,77.64,77.64
2026-08-21 12:00:00+02:00,2025-08-21 12:00:00+02:00,2025,69.49,69.49,69.49
2026-08-21 13:00:00+02:00,2025-08-21 13:00:00+02:00,2025,66.09,66.09,66.09
2026-08-21 14:00:00+02:00,2025-08-21 14:00:00+02:00,2025,56.26,56.26,56.26
2026-08-21 15:00:00+02:00,2025-08-21 15:00:00+02:00,2025,68.2,68.2,68.2
2026-08-21 16:00:00+02:00,2025-08-21 16:00:00+02:00,2025,72.39,72.39,72.39
2026-08-21 17:00:00+02:00,2025-08-21 17:00:00+02:00,2025,92.88,92.88,92.88
2026-08-21 18:00:00+02:00,2025-08-21 18:00:00+02:00,2025,103.2,103.2,103.2
2026-08-21 19:00:00+02:00,2025-08-21 19:00:00+02:00,2025,106.39,106.39,106.39
2026-08-21 20:00:00+02:00,2025-08-21 20:00:00+02:00,2025,110.73,110.73,110.73
2026-08-21 21:00:00+02:00,2025-08-21 21:00:00+02:00,2025,110.73,110.73,110.73
2026-08-21 22:00:00+02:00,2025-08-21 22:00:00+02:00,2025,105.0,105.0,105.0
2026-08-21 23:00:00+02:00,2025-08-21 23:00:00+02:00,2025,95.78,95.78,95.78
2026-08-22 00:00:00+02:00,2025-08-22 00:00:00+02:00,2025,89.27,89.27,89.27
2026-08-22 01:00:00+02:00,2025-08-22 01:00:00+02:00,2025,81.99,81.99,81.99
2026-08-22 02:00:00+02:00,2025-08-22 02:00:00+02:00,2025,78.59,78.59,78.59
2026-08-22 03:00:00+02:00,2025-08-22 03:00:00+02:00,2025,77.52,77.52,77.52
2026-08-22 04:00:00+02:00,2025-08-22 04:00:00+02:00,2025,77.65,77.65,77.65
2026-08-22 05:00:00+02:00,2025-08-22 05:00:00+02:00,2025,87.9,87.9,87.9
2026-08-22 06:00:00+02:00,2025-08-22 06:00:00+02:00,2025,105.76,105.76,105.76
2026-08-22 07:00:00+02:00,2025-08-22 07:00:00+02:00,2025,107.45,107.45,107.45
2026-08-22 08:00:00+02:00,2025-08-22 08:00:00+02:00,2025,102.32,102.32,102.32
2026-08-22 09:00:00+02:00,2025-08-22 09:00:00+02:00,2025,90.02,90.02,90.02
2026-08-22 10:00:00+02:00,2025-08-22 10:00:00+02:00,2025,72.44,72.44,72.44
2026-08-22 11:00:00+02:00,2025-08-22 11:00:00+02:00,2025,42.5,42.5,42.5
2026-08-22 12:00:00+02:00,2025-08-22 12:00:00+02:00,2025,14.07,14.07,14.07
2026-08-22 13:00:00+02:00,2025-08-22 13:00:00+02:00,2025,3.84,3.84,3.84
2026-08-22 14:00:00+02:00,2025-08-22 14:00:00+02:00,2025,0.02,0.02,0.02
2026-08-22 15:00:00+02:00,2025-08-22 15:00:00+02:00,2025,4.01,4.01,4.01
2026-08-22 16:00:00+02:00,2025-08-22 16:00:00+02:00,2025,40.64,40.64,40.64
2026-08-22 17:00:00+02:00,2025-08-22 17:00:00+02:00,2025,73.14,73.14,73.14
2026-08-22 18:00:00+02:00,2025-08-22 18:00:00+02:00,2025,95.17,95.17,95.17
2026-08-22 19:00:00+02:00,2025-08-22 19:00:00+02:00,2025,106.07,106.07,106.07
2026-08-22 20:00:00+02:00,2025-08-22 20:00:00+02:00,2025,113.0,113.0,113.0
2026-08-22 21:00:00+02:00,2025-08-22 21:00:00+02:00,2025,107.63,107.63,107.63
2026-08-22 22:00:00+02:00,2025-08-22 22:00:00+02:00,2025,103.09,103.09,103.09
2026-08-22 23:00:00+02:00,2025-08-22 23:00:00+02:00,2025,94.37,94.37,94.37
2026-08-23 00:00:00+02:00,2025-08-23 00:00:00+02:00,2025,95.33,95.33,95.33
2026-08-23 01:00:00+02:00,2025-08-23 01:00:00+02:00,2025,89.32,89.32,89.32
2026-08-23 02:00:00+02:00,2025-08-23 02:00:00+02:00,2025,87.76,87.76,87.76
2026-08-23 03:00:00+02:00,2025-08-23 03:00:00+02:00,2025,85.21,85.21,85.21
2026-08-23 04:00:00+02:00,2025-08-23 04:00:00+02:00,2025,85.56,85.56,85.56
2026-08-23 05:00:00+02:00,2025-08-23 05:00:00+02:00,2025,85.6,85.6,85.6
2026-08-23 06:00:00+02:00,2025-08-23 06:00:00+02:00,2025,86.67,86.67,86.67
2026-08-23 07:00:00+02:00,2025-08-23 07:00:00+02:00,2025,86.78,86.78,86.78
2026-08-23 08:00:00+02:00,2025-08-23 08:00:00+02:00,2025,83.57,83.57,83.57
2026-08-23 09:00:00+02:00,2025-08-23 09:00:00+02:00,2025,62.9,62.9,62.9
2026-08-23 10:00:00+02:00,2025-08-23 10:00:00+02:00,2025,14.69,14.69,14.69
2026-08-23 11:00:00+02:00,2025-08-23 11:00:00+02:00,2025,3.29,3.29,3.29
2026-08-23 12:00:00+02:00,2025-08-23 12:00:00+02:00,2025,1.32,1.32,1.32
2026-08-23 13:00:00+02:00,2025-08-23 13:00:00+02:00,2025,0.06,0.06,0.06
2026-08-23 14:00:00+02:00,2025-08-23 14:00:00+02:00,2025,0.07,0.07,0.07
2026-08-23 15:00:00+02:00,2025-08-23 15:00:00+02:00,2025,3.52,3.52,3.52
2026-08-23 16:00:00+02:00,2025-08-23 16:00:00+02:00,2025,12.1,12.1,12.1
2026-08-23 17:00:00+02:00,2025-08-23 17:00:00+02:00,2025,72.19,72.19,72.19
2026-08-23 18:00:00+02:00,2025-08-23 18:00:00+02:00,2025,100.31,100.31,100.31
2026-08-23 19:00:00+02:00,2025-08-23 19:00:00+02:00,2025,112.22,112.22,112.22
2026-08-23 20:00:00+02:00,2025-08-23 20:00:00+02:00,2025,123.67,123.67,123.67
2026-08-23 21:00:00+02:00,2025-08-23 21:00:00+02:00,2025,120.43,120.43,120.43
2026-08-23 22:00:00+02:00,2025-08-23 22:00:00+02:00,2025,111.16,111.16,111.16
2026-08-23 23:00:00+02:00,2025-08-23 23:00:00+02:00,2025,105.28,105.28,105.28
2026-08-24 00:00:00+02:00,2025-08-24 00:00:00+02:00,2025,100.5,100.5,100.5
2026-08-24 01:00:00+02:00,2025-08-24 01:00:00+02:00,2025,95.13,95.13,95.13
2026-08-24 02:00:00+02:00,2025-08-24 02:00:00+02:00,2025,94.41,94.41,94.41
2026-08-24 03:00:00+02:00,2025-08-24 03:00:00+02:00,2025,92.13,92.13,92.13
2026-08-24 04:00:00+02:00,2025-08-24 04:00:00+02:00,2025,91.2,91.2,91.2
2026-08-24 05:00:00+02:00,2025-08-24 05:00:00+02:00,2025,90.97,90.97,90.97
2026-08-24 06:00:00+02:00,2025-08-24 06:00:00+02:00,2025,90.0,90.0,90.0
2026-08-24 07:00:00+02:00,2025-08-24 07:00:00+02:00,2025,85.01,85.01,85.01
2026-08-24 08:00:00+02:00,2025-08-24 08:00:00+02:00,2025,72.84,72.84,72.84
2026-08-24 09:00:00+02:00,2025-08-24 09:00:00+02:00,2025,4.8,4.8,4.8
2026-08-24 10:00:00+02:00,2025-08-24 10:00:00+02:00,2025,-0.01,-0.01,-0.01
2026-08-24 11:00:00+02:00,2025-08-24 11:00:00+02:00,2025,-0.07,-0.07,-0.07
2026-08-24 12:00:00+02:00,2025-08-24 12:00:00+02:00,2025,-1.98,-1.98,-1.98
2026-08-24 13:00:00+02:00,2025-08-24 13:00:00+02:00,2025,-7.45,-7.45,-7.45
2026-08-24 14:00:00+02:00,2025-08-24 14:00:00+02:00,2025,-7.4,-7.4,-7.4
2026-08-24 15:00:00+02:00,2025-08-24 15:00:00+02:00,2025,-0.1,-0.1,-0.1
2026-08-24 16:00:00+02:00,2025-08-24 16:00:00+02:00,2025,0.0,0.0,0.0
2026-08-24 17:00:00+02:00,2025-08-24 17:00:00+02:00,2025,63.36,63.36,63.36
2026-08-24 18:00:00+02:00,2025-08-24 18:00:00+02:00,2025,99.81,99.81,99.81
2026-08-24 19:00:00+02:00,2025-08-24 19:00:00+02:00,2025,110.5,110.5,110.5
2026-08-24 20:00:00+02:00,2025-08-24 20:00:00+02:00,2025,117.31,117.31,117.31
2026-08-24 21:00:00+02:00,2025-08-24 21:00:00+02:00,2025,114.32,114.32,114.32
2026-08-24 22:00:00+02:00,2025-08-24 22:00:00+02:00,2025,107.5,107.5,107.5
2026-08-24 23:00:00+02:00,2025-08-24 23:00:00+02:00,2025,100.52,100.52,100.52
2026-08-25 00:00:00+02:00,2025-08-25 00:00:00+02:00,2025,95.28,95.28,95.28
2026-08-25 01:00:00+02:00,2025-08-25 01:00:00+02:00,2025,87.03,87.03,87.03
2026-08-25 02:00:00+02:00,2025-08-25 02:00:00+02:00,2025,84.02,84.02,84.02
2026-08-25 03:00:00+02:00,2025-08-25 03:00:00+02:00,2025,82.9,82.9,82.9
2026-08-25 04:00:00+02:00,2025-08-25 04:00:00+02:00,2025,83.46,83.46,83.46
2026-08-25 05:00:00+02:00,2025-08-25 05:00:00+02:00,2025,102.46,102.46,102.46
2026-08-25 06:00:00+02:00,2025-08-25 06:00:00+02:00,2025,115.38,115.38,115.38
2026-08-25 07:00:00+02:00,2025-08-25 07:00:00+02:00,2025,125.0,125.0,125.0
2026-08-25 08:00:00+02:00,2025-08-25 08:00:00+02:00,2025,110.04,110.04,110.04
2026-08-25 09:00:00+02:00,2025-08-25 09:00:00+02:00,2025,91.97,91.97,91.97
2026-08-25 10:00:00+02:00,2025-08-25 10:00:00+02:00,2025,72.98,72.98,72.98
2026-08-25 11:00:00+02:00,2025-08-25 11:00:00+02:00,2025,35.02,35.02,35.02
2026-08-25 12:00:00+02:00,2025-08-25 12:00:00+02:00,2025,10.0,10.0,10.0
2026-08-25 13:00:00+02:00,2025-08-25 13:00:00+02:00,2025,5.93,5.93,5.93
2026-08-25 14:00:00+02:00,2025-08-25 14:00:00+02:00,2025,6.78,6.78,6.78
2026-08-25 15:00:00+02:00,2025-08-25 15:00:00+02:00,2025,25.2,25.2,25.2
2026-08-25 16:00:00+02:00,2025-08-25 16:00:00+02:00,2025,56.43,56.43,56.43
2026-08-25 17:00:00+02:00,2025-08-25 17:00:00+02:00,2025,86.67,86.67,86.67
2026-08-25 18:00:00+02:00,2025-08-25 18:00:00+02:00,2025,111.54,111.54,111.54
2026-08-25 19:00:00+02:00,2025-08-25 19:00:00+02:00,2025,159.03,159.03,159.03
2026-08-25 20:00:00+02:00,2025-08-25 20:00:00+02:00,2025,232.82,232.82,232.82
2026-08-25 21:00:00+02:00,2025-08-25 21:00:00+02:00,2025,138.04,138.04,138.04
2026-08-25 22:00:00+02:00,2025-08-25 22:00:00+02:00,2025,115.04,115.04,115.04
2026-08-25 23:00:00+02:00,2025-08-25 23:00:00+02:00,2025,105.15,105.15,105.15
2026-08-26 00:00:00+02:00,2025-08-26 00:00:00+02:00,2025,105.8,105.8,105.8
2026-08-26 01:00:00+02:00,2025-08-26 01:00:00+02:00,2025,100.44,100.44,100.44
2026-08-26 02:00:00+02:00,2025-08-26 02:00:00+02:00,2025,96.58,96.58,96.58
2026-08-26 03:00:00+02:00,2025-08-26 03:00:00+02:00,2025,94.79,94.79,94.79
2026-08-26 04:00:00+02:00,2025-08-26 04:00:00+02:00,2025,96.27,96.27,96.27
2026-08-26 05:00:00+02:00,2025-08-26 05:00:00+02:00,2025,106.6,106.6,106.6
2026-08-26 06:00:00+02:00,2025-08-26 06:00:00+02:00,2025,124.59,124.59,124.59
2026-08-26 07:00:00+02:00,2025-08-26 07:00:00+02:00,2025,123.45,123.45,123.45
2026-08-26 08:00:00+02:00,2025-08-26 08:00:00+02:00,2025,106.79,106.79,106.79
2026-08-26 09:00:00+02:00,2025-08-26 09:00:00+02:00,2025,90.0,90.0,90.0
2026-08-26 10:00:00+02:00,2025-08-26 10:00:00+02:00,2025,77.47,77.47,77.47
2026-08-26 11:00:00+02:00,2025-08-26 11:00:00+02:00,2025,61.6,61.6,61.6
2026-08-26 12:00:00+02:00,2025-08-26 12:00:00+02:00,2025,41.95,41.95,41.95
2026-08-26 13:00:00+02:00,2025-08-26 13:00:00+02:00,2025,26.28,26.28,26.28
2026-08-26 14:00:00+02:00,2025-08-26 14:00:00+02:00,2025,38.05,38.05,38.05
2026-08-26 15:00:00+02:00,2025-08-26 15:00:00+02:00,2025,72.39,72.39,72.39
2026-08-26 16:00:00+02:00,2025-08-26 16:00:00+02:00,2025,88.26,88.26,88.26
2026-08-26 17:00:00+02:00,2025-08-26 17:00:00+02:00,2025,105.05,105.05,105.05
2026-08-26 18:00:00+02:00,2025-08-26 18:00:00+02:00,2025,131.09,131.09,131.09
2026-08-26 19:00:00+02:00,2025-08-26 19:00:00+02:00,2025,196.88,196.88,196.88
2026-08-26 20:00:00+02:00,2025-08-26 20:00:00+02:00,2025,180.17,180.17,180.17
2026-08-26 21:00:00+02:00,2025-08-26 21:00:00+02:00,2025,123.3,123.3,123.3
2026-08-26 22:00:00+02:00,2025-08-26 22:00:00+02:00,2025,109.47,109.47,109.47
2026-08-26 23:00:00+02:00,2025-08-26 23:00:00+02:00,2025,97.67,97.67,97.67
2026-08-27 00:00:00+02:00,2025-08-27 00:00:00+02:00,2025,96.59,96.59,96.59
2026-08-27 01:00:00+02:00,2025-08-27 01:00:00+02:00,2025,89.98,89.98,89.98
2026-08-27 02:00:00+02:00,2025-08-27 02:00:00+02:00,2025,86.52,86.52,86.52
2026-08-27 03:00:00+02:00,2025-08-27 03:00:00+02:00,2025,87.25,87.25,87.25
2026-08-27 04:00:00+02:00,2025-08-27 04:00:00+02:00,2025,90.0,90.0,90.0
2026-08-27 05:00:00+02:00,2025-08-27 05:00:00+02:00,2025,97.73,97.73,97.73
2026-08-27 06:00:00+02:00,2025-08-27 06:00:00+02:00,2025,110.0,110.0,110.0
2026-08-27 07:00:00+02:00,2025-08-27 07:00:00+02:00,2025,115.19,115.19,115.19
2026-08-27 08:00:00+02:00,2025-08-27 08:00:00+02:00,2025,113.64,113.64,113.64
2026-08-27 09:00:00+02:00,2025-08-27 09:00:00+02:00,2025,101.63,101.63,101.63
2026-08-27 10:00:00+02:00,2025-08-27 10:00:00+02:00,2025,86.0,86.0,86.0
2026-08-27 11:00:00+02:00,2025-08-27 11:00:00+02:00,2025,79.29,79.29,79.29
2026-08-27 12:00:00+02:00,2025-08-27 12:00:00+02:00,2025,64.38,64.38,64.38
2026-08-27 13:00:00+02:00,2025-08-27 13:00:00+02:00,2025,50.68,50.68,50.68
2026-08-27 14:00:00+02:00,2025-08-27 14:00:00+02:00,2025,50.94,50.94,50.94
2026-08-27 15:00:00+02:00,2025-08-27 15:00:00+02:00,2025,76.18,76.18,76.18
2026-08-27 16:00:00+02:00,2025-08-27 16:00:00+02:00,2025,85.1,85.1,85.1
2026-08-27 17:00:00+02:00,2025-08-27 17:00:00+02:00,2025,104.94,104.94,104.94
2026-08-27 18:00:00+02:00,2025-08-27 18:00:00+02:00,2025,134.63,134.63,134.63
2026-08-27 19:00:00+02:00,2025-08-27 19:00:00+02:00,2025,222.07,222.07,222.07
2026-08-27 20:00:00+02:00,2025-08-27 20:00:00+02:00,2025,222.04,222.04,222.04
2026-08-27 21:00:00+02:00,2025-08-27 21:00:00+02:00,2025,128.87,128.87,128.87
2026-08-27 22:00:00+02:00,2025-08-27 22:00:00+02:00,2025,113.63,113.63,113.63
2026-08-27 23:00:00+02:00,2025-08-27 23:00:00+02:00,2025,103.57,103.57,103.57
2026-08-28 00:00:00+02:00,2025-08-28 00:00:00+02:00,2025,97.15,97.15,97.15
2026-08-28 01:00:00+02:00,2025-08-28 01:00:00+02:00,2025,91.92,91.92,91.92
2026-08-28 02:00:00+02:00,2025-08-28 02:00:00+02:00,2025,87.89,87.89,87.89
2026-08-28 03:00:00+02:00,2025-08-28 03:00:00+02:00,2025,87.09,87.09,87.09
2026-08-28 04:00:00+02:00,2025-08-28 04:00:00+02:00,2025,90.23,90.23,90.23
2026-08-28 05:00:00+02:00,2025-08-28 05:00:00+02:00,2025,98.72,98.72,98.72
2026-08-28 06:00:00+02:00,2025-08-28 06:00:00+02:00,2025,121.63,121.63,121.63
2026-08-28 07:00:00+02:00,2025-08-28 07:00:00+02:00,2025,143.79,143.79,143.79
2026-08-28 08:00:00+02:00,2025-08-28 08:00:00+02:00,2025,143.95,143.95,143.95
2026-08-28 09:00:00+02:00,2025-08-28 09:00:00+02:00,2025,121.84,121.84,121.84
2026-08-28 10:00:00+02:00,2025-08-28 10:00:00+02:00,2025,112.27,112.27,112.27
2026-08-28 11:00:00+02:00,2025-08-28 11:00:00+02:00,2025,108.13,108.13,108.13
2026-08-28 12:00:00+02:00,2025-08-28 12:00:00+02:00,2025,100.89,100.89,100.89
2026-08-28 13:00:00+02:00,2025-08-28 13:00:00+02:00,2025,100.96,100.96,100.96
2026-08-28 14:00:00+02:00,2025-08-28 14:00:00+02:00,2025,100.89,100.89,100.89
2026-08-28 15:00:00+02:00,2025-08-28 15:00:00+02:00,2025,100.66,100.66,100.66
2026-08-28 16:00:00+02:00,2025-08-28 16:00:00+02:00,2025,96.1,96.1,96.1
2026-08-28 17:00:00+02:00,2025-08-28 17:00:00+02:00,2025,129.84,129.84,129.84
2026-08-28 18:00:00+02:00,2025-08-28 18:00:00+02:00,2025,160.85,160.85,160.85
2026-08-28 19:00:00+02:00,2025-08-28 19:00:00+02:00,2025,210.0,210.0,210.0
2026-08-28 20:00:00+02:00,2025-08-28 20:00:00+02:00,2025,153.16,153.16,153.16
2026-08-28 21:00:00+02:00,2025-08-28 21:00:00+02:00,2025,124.18,124.18,124.18
2026-08-28 22:00:00+02:00,2025-08-28 22:00:00+02:00,2025,107.11,107.11,107.11
2026-08-28 23:00:00+02:00,2025-08-28 23:00:00+02:00,2025,92.15,92.15,92.15
2026-08-29 00:00:00+02:00,2025-08-29 00:00:00+02:00,2025,85.04,85.04,85.04
2026-08-29 01:00:00+02:00,2025-08-29 01:00:00+02:00,2025,83.27,83.27,83.27
2026-08-29 02:00:00+02:00,2025-08-29 02:00:00+02:00,2025,83.1,83.1,83.1
2026-08-29 03:00:00+02:00,2025-08-29 03:00:00+02:00,2025,81.59,81.59,81.59
2026-08-29 04:00:00+02:00,2025-08-29 04:00:00+02:00,2025,83.01,83.01,83.01
2026-08-29 05:00:00+02:00,2025-08-29 05:00:00+02:00,2025,91.0,91.0,91.0
2026-08-29 06:00:00+02:00,2025-08-29 06:00:00+02:00,2025,117.55,117.55,117.55
2026-08-29 07:00:00+02:00,2025-08-29 07:00:00+02:00,2025,121.39,121.39,121.39
2026-08-29 08:00:00+02:00,2025-08-29 08:00:00+02:00,2025,120.0,120.0,120.0
2026-08-29 09:00:00+02:00,2025-08-29 09:00:00+02:00,2025,110.36,110.36,110.36
2026-08-29 10:00:00+02:00,2025-08-29 10:00:00+02:00,2025,84.25,84.25,84.25
2026-08-29 11:00:00+02:00,2025-08-29 11:00:00+02:00,2025,78.08,78.08,78.08
2026-08-29 12:00:00+02:00,2025-08-29 12:00:00+02:00,2025,67.44,67.44,67.44
2026-08-29 13:00:00+02:00,2025-08-29 13:00:00+02:00,2025,53.96,53.96,53.96
2026-08-29 14:00:00+02:00,2025-08-29 14:00:00+02:00,2025,59.64,59.64,59.64
2026-08-29 15:00:00+02:00,2025-08-29 15:00:00+02:00,2025,73.06,73.06,73.06
2026-08-29 16:00:00+02:00,2025-08-29 16:00:00+02:00,2025,85.0,85.0,85.0
2026-08-29 17:00:00+02:00,2025-08-29 17:00:00+02:00,2025,104.82,104.82,104.82
2026-08-29 18:00:00+02:00,2025-08-29 18:00:00+02:00,2025,118.51,118.51,118.51
2026-08-29 19:00:00+02:00,2025-08-29 19:00:00+02:00,2025,147.68,147.68,147.68
2026-08-29 20:00:00+02:00,2025-08-29 20:00:00+02:00,2025,116.5,116.5,116.5
2026-08-29 21:00:00+02:00,2025-08-29 21:00:00+02:00,2025,111.96,111.96,111.96
2026-08-29 22:00:00+02:00,2025-08-29 22:00:00+02:00,2025,95.7,95.7,95.7
2026-08-29 23:00:00+02:00,2025-08-29 23:00:00+02:00,2025,86.07,86.07,86.07
2026-08-30 00:00:00+02:00,2025-08-30 00:00:00+02:00,2025,92.5,92.5,92.5
2026-08-30 01:00:00+02:00,2025-08-30 01:00:00+02:00,2025,86.56,86.56,86.56
2026-08-30 02:00:00+02:00,2025-08-30 02:00:00+02:00,2025,83.3,83.3,83.3
2026-08-30 03:00:00+02:00,2025-08-30 03:00:00+02:00,2025,81.51,81.51,81.51
2026-08-30 04:00:00+02:00,2025-08-30 04:00:00+02:00,2025,83.39,83.39,83.39
2026-08-30 05:00:00+02:00,2025-08-30 05:00:00+02:00,2025,87.72,87.72,87.72
2026-08-30 06:00:00+02:00,2025-08-30 06:00:00+02:00,2025,95.02,95.02,95.02
2026-08-30 07:00:00+02:00,2025-08-30 07:00:00+02:00,2025,98.09,98.09,98.09
2026-08-30 08:00:00+02:00,2025-08-30 08:00:00+02:00,2025,89.64,89.64,89.64
2026-08-30 09:00:00+02:00,2025-08-30 09:00:00+02:00,2025,78.6,78.6,78.6
2026-08-30 10:00:00+02:00,2025-08-30 10:00:00+02:00,2025,36.46,36.46,36.46
2026-08-30 11:00:00+02:00,2025-08-30 11:00:00+02:00,2025,5.23,5.23,5.23
2026-08-30 12:00:00+02:00,2025-08-30 12:00:00+02:00,2025,0.0,0.0,0.0
2026-08-30 13:00:00+02:00,2025-08-30 13:00:00+02:00,2025,-0.01,-0.01,-0.01
2026-08-30 14:00:00+02:00,2025-08-30 14:00:00+02:00,2025,-0.01,-0.01,-0.01
2026-08-30 15:00:00+02:00,2025-08-30 15:00:00+02:00,2025,-0.38,-0.38,-0.38
2026-08-30 16:00:00+02:00,2025-08-30 16:00:00+02:00,2025,9.48,9.48,9.48
2026-08-30 17:00:00+02:00,2025-08-30 17:00:00+02:00,2025,81.1,81.1,81.1
2026-08-30 18:00:00+02:00,2025-08-30 18:00:00+02:00,2025,103.9,103.9,103.9
2026-08-30 19:00:00+02:00,2025-08-30 19:00:00+02:00,2025,127.07,127.07,127.07
2026-08-30 20:00:00+02:00,2025-08-30 20:00:00+02:00,2025,129.98,129.98,129.98
2026-08-30 21:00:00+02:00,2025-08-30 21:00:00+02:00,2025,120.39,120.39,120.39
2026-08-30 22:00:00+02:00,2025-08-30 22:00:00+02:00,2025,104.94,104.94,104.94
2026-08-30 23:00:00+02:00,2025-08-30 23:00:00+02:00,2025,90.3,90.3,90.3
2026-08-31 00:00:00+02:00,2025-08-31 00:00:00+02:00,2025,88.74,88.74,88.74
2026-08-31 01:00:00+02:00,2025-08-31 01:00:00+02:00,2025,78.91,78.91,78.91
2026-08-31 02:00:00+02:00,2025-08-31 02:00:00+02:00,2025,70.53,70.53,70.53
2026-08-31 03:00:00+02:00,2025-08-31 03:00:00+02:00,2025,67.02,67.02,67.02
2026-08-31 04:00:00+02:00,2025-08-31 04:00:00+02:00,2025,63.79,63.79,63.79
2026-08-31 05:00:00+02:00,2025-08-31 05:00:00+02:00,2025,64.56,64.56,64.56
2026-08-31 06:00:00+02:00,2025-08-31 06:00:00+02:00,2025,65.0,65.0,65.0
2026-08-31 07:00:00+02:00,2025-08-31 07:00:00+02:00,2025,62.13,62.13,62.13
2026-08-31 08:00:00+02:00,2025-08-31 08:00:00+02:00,2025,22.3,22.3,22.3
2026-08-31 09:00:00+02:00,2025-08-31 09:00:00+02:00,2025,5.2,5.2,5.2
2026-08-31 10:00:00+02:00,2025-08-31 10:00:00+02:00,2025,-0.01,-0.01,-0.01
2026-08-31 11:00:00+02:00,2025-08-31 11:00:00+02:00,2025,-0.02,-0.02,-0.02
2026-08-31 12:00:00+02:00,2025-08-31 12:00:00+02:00,2025,-0.11,-0.11,-0.11
2026-08-31 13:00:00+02:00,2025-08-31 13:00:00+02:00,2025,-1.0,-1.0,-1.0
2026-08-31 14:00:00+02:00,2025-08-31 14:00:00+02:00,2025,-0.61,-0.61,-0.61
2026-08-31 15:00:00+02:00,2025-08-31 15:00:00+02:00,2025,0.0,0.0,0.0
2026-08-31 16:00:00+02:00,2025-08-31 16:00:00+02:00,2025,25.47,25.47,25.47
2026-08-31 17:00:00+02:00,2025-08-31 17:00:00+02:00,2025,79.74,79.74,79.74
2026-08-31 18:00:00+02:00,2025-08-31 18:00:00+02:00,2025,117.59,117.59,117.59
2026-08-31 19:00:00+02:00,2025-08-31 19:00:00+02:00,2025,135.1,135.1,135.1
2026-08-31 20:00:00+02:00,2025-08-31 20:00:00+02:00,2025,132.07,132.07,132.07
2026-08-31 21:00:00+02:00,2025-08-31 21:00:00+02:00,2025,114.15,114.15,114.15
2026-08-31 22:00:00+02:00,2025-08-31 22:00:00+02:00,2025,102.63,102.63,102.63
2026-08-31 23:00:00+02:00,2025-08-31 23:00:00+02:00,2025,89.76,89.76,89.76
2026-09-01 00:00:00+02:00,2025-09-01 00:00:00+02:00,2025,84.08,84.08,84.08
2026-09-01 01:00:00+02:00,2025-09-01 01:00:00+02:00,2025,81.43,81.43,81.43
2026-09-01 02:00:00+02:00,2025-09-01 02:00:00+02:00,2025,80.97,80.97,80.97
2026-09-01 03:00:00+02:00,2025-09-01 03:00:00+02:00,2025,80.03,80.03,80.03
2026-09-01 04:00:00+02:00,2025-09-01 04:00:00+02:00,2025,81.37,81.37,81.37
2026-09-01 05:00:00+02:00,2025-09-01 05:00:00+02:00,2025,92.58,92.58,92.58
2026-09-01 06:00:00+02:00,2025-09-01 06:00:00+02:00,2025,120.43,120.43,120.43
2026-09-01 07:00:00+02:00,2025-09-01 07:00:00+02:00,2025,125.67,125.67,125.67
2026-09-01 08:00:00+02:00,2025-09-01 08:00:00+02:00,2025,116.1,116.1,116.1
2026-09-01 09:00:00+02:00,2025-09-01 09:00:00+02:00,2025,98.19,98.19,98.19
2026-09-01 10:00:00+02:00,2025-09-01 10:00:00+02:00,2025,82.0,82.0,82.0
2026-09-01 11:00:00+02:00,2025-09-01 11:00:00+02:00,2025,69.4,69.4,69.4
2026-09-01 12:00:00+02:00,2025-09-01 12:00:00+02:00,2025,38.27,38.27,38.27
2026-09-01 13:00:00+02:00,2025-09-01 13:00:00+02:00,2025,25.03,25.03,25.03
2026-09-01 14:00:00+02:00,2025-09-01 14:00:00+02:00,2025,42.73,42.73,42.73
2026-09-01 15:00:00+02:00,2025-09-01 15:00:00+02:00,2025,67.76,67.76,67.76
2026-09-01 16:00:00+02:00,2025-09-01 16:00:00+02:00,2025,84.67,84.67,84.67
2026-09-01 17:00:00+02:00,2025-09-01 17:00:00+02:00,2025,109.7,109.7,109.7
2026-09-01 18:00:00+02:00,2025-09-01 18:00:00+02:00,2025,155.32,155.32,155.32
2026-09-01 19:00:00+02:00,2025-09-01 19:00:00+02:00,2025,250.65,250.65,250.65
2026-09-01 20:00:00+02:00,2025-09-01 20:00:00+02:00,2025,210.56,210.56,210.56
2026-09-01 21:00:00+02:00,2025-09-01 21:00:00+02:00,2025,125.2,125.2,125.2
2026-09-01 22:00:00+02:00,2025-09-01 22:00:00+02:00,2025,112.4,112.4,112.4
2026-09-01 23:00:00+02:00,2025-09-01 23:00:00+02:00,2025,100.53,100.53,100.53
2026-09-02 00:00:00+02:00,2025-09-02 00:00:00+02:00,2025,95.01,95.01,95.01
2026-09-02 01:00:00+02:00,2025-09-02 01:00:00+02:00,2025,90.11,90.11,90.11
2026-09-02 02:00:00+02:00,2025-09-02 02:00:00+02:00,2025,90.84,90.84,90.84
2026-09-02 03:00:00+02:00,2025-09-02 03:00:00+02:00,2025,92.5,92.5,92.5
2026-09-02 04:00:00+02:00,2025-09-02 04:00:00+02:00,2025,94.8,94.8,94.8
2026-09-02 05:00:00+02:00,2025-09-02 05:00:00+02:00,2025,106.85,106.85,106.85
2026-09-02 06:00:00+02:00,2025-09-02 06:00:00+02:00,2025,134.39,134.39,134.39
2026-09-02 07:00:00+02:00,2025-09-02 07:00:00+02:00,2025,153.67,153.67,153.67
2026-09-02 08:00:00+02:00,2025-09-02 08:00:00+02:00,2025,147.48,147.48,147.48
2026-09-02 09:00:00+02:00,2025-09-02 09:00:00+02:00,2025,121.05,121.05,121.05
2026-09-02 10:00:00+02:00,2025-09-02 10:00:00+02:00,2025,102.14,102.14,102.14
2026-09-02 11:00:00+02:00,2025-09-02 11:00:00+02:00,2025,84.66,84.66,84.66
2026-09-02 12:00:00+02:00,2025-09-02 12:00:00+02:00,2025,78.94,78.94,78.94
2026-09-02 13:00:00+02:00,2025-09-02 13:00:00+02:00,2025,79.73,79.73,79.73
2026-09-02 14:00:00+02:00,2025-09-02 14:00:00+02:00,2025,78.54,78.54,78.54
2026-09-02 15:00:00+02:00,2025-09-02 15:00:00+02:00,2025,84.37,84.37,84.37
2026-09-02 16:00:00+02:00,2025-09-02 16:00:00+02:00,2025,95.0,95.0,95.0
2026-09-02 17:00:00+02:00,2025-09-02 17:00:00+02:00,2025,108.97,108.97,108.97
2026-09-02 18:00:00+02:00,2025-09-02 18:00:00+02:00,2025,173.16,173.16,173.16
2026-09-02 19:00:00+02:00,2025-09-02 19:00:00+02:00,2025,311.51,311.51,311.51
2026-09-02 20:00:00+02:00,2025-09-02 20:00:00+02:00,2025,263.79,263.79,263.79
2026-09-02 21:00:00+02:00,2025-09-02 21:00:00+02:00,2025,140.92,140.92,140.92
2026-09-02 22:00:00+02:00,2025-09-02 22:00:00+02:00,2025,110.47,110.47,110.47
2026-09-02 23:00:00+02:00,2025-09-02 23:00:00+02:00,2025,91.21,91.21,91.21
2026-09-03 00:00:00+02:00,2025-09-03 00:00:00+02:00,2025,97.25,97.25,97.25
2026-09-03 01:00:00+02:00,2025-09-03 01:00:00+02:00,2025,90.74,90.74,90.74
2026-09-03 02:00:00+02:00,2025-09-03 02:00:00+02:00,2025,85.95,85.95,85.95
2026-09-03 03:00:00+02:00,2025-09-03 03:00:00+02:00,2025,81.72,81.72,81.72
2026-09-03 04:00:00+02:00,2025-09-03 04:00:00+02:00,2025,81.23,81.23,81.23
2026-09-03 05:00:00+02:00,2025-09-03 05:00:00+02:00,2025,86.97,86.97,86.97
2026-09-03 06:00:00+02:00,2025-09-03 06:00:00+02:00,2025,103.2,103.2,103.2
2026-09-03 07:00:00+02:00,2025-09-03 07:00:00+02:00,2025,112.34,112.34,112.34
2026-09-03 08:00:00+02:00,2025-09-03 08:00:00+02:00,2025,109.13,109.13,109.13
2026-09-03 09:00:00+02:00,2025-09-03 09:00:00+02:00,2025,85.3,85.3,85.3
2026-09-03 10:00:00+02:00,2025-09-03 10:00:00+02:00,2025,29.04,29.04,29.04
2026-09-03 11:00:00+02:00,2025-09-03 11:00:00+02:00,2025,0.03,0.03,0.03
2026-09-03 12:00:00+02:00,2025-09-03 12:00:00+02:00,2025,-0.1,-0.1,-0.1
2026-09-03 13:00:00+02:00,2025-09-03 13:00:00+02:00,2025,-0.1,-0.1,-0.1
2026-09-03 14:00:00+02:00,2025-09-03 14:00:00+02:00,2025,-0.28,-0.28,-0.28
2026-09-03 15:00:00+02:00,2025-09-03 15:00:00+02:00,2025,0.0,0.0,0.0
2026-09-03 16:00:00+02:00,2025-09-03 16:00:00+02:00,2025,3.89,3.89,3.89
2026-09-03 17:00:00+02:00,2025-09-03 17:00:00+02:00,2025,63.46,63.46,63.46
2026-09-03 18:00:00+02:00,2025-09-03 18:00:00+02:00,2025,102.35,102.35,102.35
2026-09-03 19:00:00+02:00,2025-09-03 19:00:00+02:00,2025,110.92,110.92,110.92
2026-09-03 20:00:00+02:00,2025-09-03 20:00:00+02:00,2025,104.0,104.0,104.0
2026-09-03 21:00:00+02:00,2025-09-03 21:00:00+02:00,2025,94.17,94.17,94.17
2026-09-03 22:00:00+02:00,2025-09-03 22:00:00+02:00,2025,80.68,80.68,80.68
2026-09-03 23:00:00+02:00,2025-09-03 23:00:00+02:00,2025,54.25,54.25,54.25
2026-09-04 00:00:00+02:00,2025-09-04 00:00:00+02:00,2025,21.65,21.65,21.65
2026-09-04 01:00:00+02:00,2025-09-04 01:00:00+02:00,2025,17.7,17.7,17.7
2026-09-04 02:00:00+02:00,2025-09-04 02:00:00+02:00,2025,17.87,17.87,17.87
2026-09-04 03:00:00+02:00,2025-09-04 03:00:00+02:00,2025,30.02,30.02,30.02
2026-09-04 04:00:00+02:00,2025-09-04 04:00:00+02:00,2025,59.92,59.92,59.92
2026-09-04 05:00:00+02:00,2025-09-04 05:00:00+02:00,2025,83.89,83.89,83.89
2026-09-04 06:00:00+02:00,2025-09-04 06:00:00+02:00,2025,107.87,107.87,107.87
2026-09-04 07:00:00+02:00,2025-09-04 07:00:00+02:00,2025,120.0,120.0,120.0
2026-09-04 08:00:00+02:00,2025-09-04 08:00:00+02:00,2025,108.09,108.09,108.09
2026-09-04 09:00:00+02:00,2025-09-04 09:00:00+02:00,2025,77.81,77.81,77.81
2026-09-04 10:00:00+02:00,2025-09-04 10:00:00+02:00,2025,41.45,41.45,41.45
2026-09-04 11:00:00+02:00,2025-09-04 11:00:00+02:00,2025,5.79,5.79,5.79
2026-09-04 12:00:00+02:00,2025-09-04 12:00:00+02:00,2025,3.2,3.2,3.2
2026-09-04 13:00:00+02:00,2025-09-04 13:00:00+02:00,2025,3.36,3.36,3.36
2026-09-04 14:00:00+02:00,2025-09-04 14:00:00+02:00,2025,34.89,34.89,34.89
2026-09-04 15:00:00+02:00,2025-09-04 15:00:00+02:00,2025,71.0,71.0,71.0
2026-09-04 16:00:00+02:00,2025-09-04 16:00:00+02:00,2025,90.05,90.05,90.05
2026-09-04 17:00:00+02:00,2025-09-04 17:00:00+02:00,2025,109.13,109.13,109.13
2026-09-04 18:00:00+02:00,2025-09-04 18:00:00+02:00,2025,191.8,191.8,191.8
2026-09-04 19:00:00+02:00,2025-09-04 19:00:00+02:00,2025,350.0,350.0,350.0
2026-09-04 20:00:00+02:00,2025-09-04 20:00:00+02:00,2025,218.82,218.82,218.82
2026-09-04 21:00:00+02:00,2025-09-04 21:00:00+02:00,2025,124.93,124.93,124.93
2026-09-04 22:00:00+02:00,2025-09-04 22:00:00+02:00,2025,112.14,112.14,112.14
2026-09-04 23:00:00+02:00,2025-09-04 23:00:00+02:00,2025,101.3,101.3,101.3
2026-09-05 00:00:00+02:00,2025-09-05 00:00:00+02:00,2025,95.25,95.25,95.25
2026-09-05 01:00:00+02:00,2025-09-05 01:00:00+02:00,2025,86.1,86.1,86.1
2026-09-05 02:00:00+02:00,2025-09-05 02:00:00+02:00,2025,85.26,85.26,85.26
2026-09-05 03:00:00+02:00,2025-09-05 03:00:00+02:00,2025,85.2,85.2,85.2
2026-09-05 04:00:00+02:00,2025-09-05 04:00:00+02:00,2025,85.6,85.6,85.6
2026-09-05 05:00:00+02:00,2025-09-05 05:00:00+02:00,2025,97.36,97.36,97.36
2026-09-05 06:00:00+02:00,2025-09-05 06:00:00+02:00,2025,119.16,119.16,119.16
2026-09-05 07:00:00+02:00,2025-09-05 07:00:00+02:00,2025,132.13,132.13,132.13
2026-09-05 08:00:00+02:00,2025-09-05 08:00:00+02:00,2025,125.75,125.75,125.75
2026-09-05 09:00:00+02:00,2025-09-05 09:00:00+02:00,2025,100.4,100.4,100.4
2026-09-05 10:00:00+02:00,2025-09-05 10:00:00+02:00,2025,87.83,87.83,87.83
2026-09-05 11:00:00+02:00,2025-09-05 11:00:00+02:00,2025,84.15,84.15,84.15
2026-09-05 12:00:00+02:00,2025-09-05 12:00:00+02:00,2025,78.25,78.25,78.25
2026-09-05 13:00:00+02:00,2025-09-05 13:00:00+02:00,2025,72.19,72.19,72.19
2026-09-05 14:00:00+02:00,2025-09-05 14:00:00+02:00,2025,70.17,70.17,70.17
2026-09-05 15:00:00+02:00,2025-09-05 15:00:00+02:00,2025,77.53,77.53,77.53
2026-09-05 16:00:00+02:00,2025-09-05 16:00:00+02:00,2025,85.0,85.0,85.0
2026-09-05 17:00:00+02:00,2025-09-05 17:00:00+02:00,2025,90.96,90.96,90.96
2026-09-05 18:00:00+02:00,2025-09-05 18:00:00+02:00,2025,108.95,108.95,108.95
2026-09-05 19:00:00+02:00,2025-09-05 19:00:00+02:00,2025,154.53,154.53,154.53
2026-09-05 20:00:00+02:00,2025-09-05 20:00:00+02:00,2025,150.75,150.75,150.75
2026-09-05 21:00:00+02:00,2025-09-05 21:00:00+02:00,2025,117.1,117.1,117.1
2026-09-05 22:00:00+02:00,2025-09-05 22:00:00+02:00,2025,107.71,107.71,107.71
2026-09-05 23:00:00+02:00,2025-09-05 23:00:00+02:00,2025,100.7,100.7,100.7
2026-09-06 00:00:00+02:00,2025-09-06 00:00:00+02:00,2025,101.21,101.21,101.21
2026-09-06 01:00:00+02:00,2025-09-06 01:00:00+02:00,2025,100.59,100.59,100.59
2026-09-06 02:00:00+02:00,2025-09-06 02:00:00+02:00,2025,99.57,99.57,99.57
2026-09-06 03:00:00+02:00,2025-09-06 03:00:00+02:00,2025,97.84,97.84,97.84
2026-09-06 04:00:00+02:00,2025-09-06 04:00:00+02:00,2025,96.96,96.96,96.96
2026-09-06 05:00:00+02:00,2025-09-06 05:00:00+02:00,2025,98.01,98.01,98.01
2026-09-06 06:00:00+02:00,2025-09-06 06:00:00+02:00,2025,102.6,102.6,102.6
2026-09-06 07:00:00+02:00,2025-09-06 07:00:00+02:00,2025,100.91,100.91,100.91
2026-09-06 08:00:00+02:00,2025-09-06 08:00:00+02:00,2025,95.98,95.98,95.98
2026-09-06 09:00:00+02:00,2025-09-06 09:00:00+02:00,2025,79.11,79.11,79.11
2026-09-06 10:00:00+02:00,2025-09-06 10:00:00+02:00,2025,11.35,11.35,11.35
2026-09-06 11:00:00+02:00,2025-09-06 11:00:00+02:00,2025,0.0,0.0,0.0
2026-09-06 12:00:00+02:00,2025-09-06 12:00:00+02:00,2025,-0.02,-0.02,-0.02
2026-09-06 13:00:00+02:00,2025-09-06 13:00:00+02:00,2025,-0.86,-0.86,-0.86
2026-09-06 14:00:00+02:00,2025-09-06 14:00:00+02:00,2025,-0.99,-0.99,-0.99
2026-09-06 15:00:00+02:00,2025-09-06 15:00:00+02:00,2025,-0.01,-0.01,-0.01
2026-09-06 16:00:00+02:00,2025-09-06 16:00:00+02:00,2025,40.99,40.99,40.99
2026-09-06 17:00:00+02:00,2025-09-06 17:00:00+02:00,2025,87.6,87.6,87.6
2026-09-06 18:00:00+02:00,2025-09-06 18:00:00+02:00,2025,116.47,116.47,116.47
2026-09-06 19:00:00+02:00,2025-09-06 19:00:00+02:00,2025,158.39,158.39,158.39
2026-09-06 20:00:00+02:00,2025-09-06 20:00:00+02:00,2025,139.54,139.54,139.54
2026-09-06 21:00:00+02:00,2025-09-06 21:00:00+02:00,2025,109.95,109.95,109.95
2026-09-06 22:00:00+02:00,2025-09-06 22:00:00+02:00,2025,92.95,92.95,92.95
2026-09-06 23:00:00+02:00,2025-09-06 23:00:00+02:00,2025,82.56,82.56,82.56
2026-09-07 00:00:00+02:00,2025-09-07 00:00:00+02:00,2025,89.72,89.72,89.72
2026-09-07 01:00:00+02:00,2025-09-07 01:00:00+02:00,2025,85.02,85.02,85.02
2026-09-07 02:00:00+02:00,2025-09-07 02:00:00+02:00,2025,80.77,80.77,80.77
2026-09-07 03:00:00+02:00,2025-09-07 03:00:00+02:00,2025,83.4,83.4,83.4
2026-09-07 04:00:00+02:00,2025-09-07 04:00:00+02:00,2025,82.92,82.92,82.92
2026-09-07 05:00:00+02:00,2025-09-07 05:00:00+02:00,2025,82.67,82.67,82.67
2026-09-07 06:00:00+02:00,2025-09-07 06:00:00+02:00,2025,81.5,81.5,81.5
2026-09-07 07:00:00+02:00,2025-09-07 07:00:00+02:00,2025,55.48,55.48,55.48
2026-09-07 08:00:00+02:00,2025-09-07 08:00:00+02:00,2025,0.0,0.0,0.0
2026-09-07 09:00:00+02:00,2025-09-07 09:00:00+02:00,2025,-0.09,-0.09,-0.09
2026-09-07 10:00:00+02:00,2025-09-07 10:00:00+02:00,2025,-4.0,-4.0,-4.0
2026-09-07 11:00:00+02:00,2025-09-07 11:00:00+02:00,2025,-20.09,-20.09,-20.09
2026-09-07 12:00:00+02:00,2025-09-07 12:00:00+02:00,2025,-40.02,-40.02,-40.02
2026-09-07 13:00:00+02:00,2025-09-07 13:00:00+02:00,2025,-53.4,-53.4,-53.4
2026-09-07 14:00:00+02:00,2025-09-07 14:00:00+02:00,2025,-49.99,-49.99,-49.99
2026-09-07 15:00:00+02:00,2025-09-07 15:00:00+02:00,2025,-21.21,-21.21,-21.21
2026-09-07 16:00:00+02:00,2025-09-07 16:00:00+02:00,2025,-2.47,-2.47,-2.47
2026-09-07 17:00:00+02:00,2025-09-07 17:00:00+02:00,2025,3.36,3.36,3.36
2026-09-07 18:00:00+02:00,2025-09-07 18:00:00+02:00,2025,95.91,95.91,95.91
2026-09-07 19:00:00+02:00,2025-09-07 19:00:00+02:00,2025,108.3,108.3,108.3
2026-09-07 20:00:00+02:00,2025-09-07 20:00:00+02:00,2025,96.25,96.25,96.25
2026-09-07 21:00:00+02:00,2025-09-07 21:00:00+02:00,2025,86.02,86.02,86.02
2026-09-07 22:00:00+02:00,2025-09-07 22:00:00+02:00,2025,85.01,85.01,85.01
2026-09-07 23:00:00+02:00,2025-09-07 23:00:00+02:00,2025,86.06,86.06,86.06
2026-09-08 00:00:00+02:00,2025-09-08 00:00:00+02:00,2025,79.66,79.66,79.66
2026-09-08 01:00:00+02:00,2025-09-08 01:00:00+02:00,2025,85.74,85.74,85.74
2026-09-08 02:00:00+02:00,2025-09-08 02:00:00+02:00,2025,84.7,84.7,84.7
2026-09-08 03:00:00+02:00,2025-09-08 03:00:00+02:00,2025,82.27,82.27,82.27
2026-09-08 04:00:00+02:00,2025-09-08 04:00:00+02:00,2025,83.79,83.79,83.79
2026-09-08 05:00:00+02:00,2025-09-08 05:00:00+02:00,2025,95.6,95.6,95.6
2026-09-08 06:00:00+02:00,2025-09-08 06:00:00+02:00,2025,109.9,109.9,109.9
2026-09-08 07:00:00+02:00,2025-09-08 07:00:00+02:00,2025,148.14,148.14,148.14
2026-09-08 08:00:00+02:00,2025-09-08 08:00:00+02:00,2025,125.53,125.53,125.53
2026-09-08 09:00:00+02:00,2025-09-08 09:00:00+02:00,2025,102.05,102.05,102.05
2026-09-08 10:00:00+02:00,2025-09-08 10:00:00+02:00,2025,85.83,85.83,85.83
2026-09-08 11:00:00+02:00,2025-09-08 11:00:00+02:00,2025,76.14,76.14,76.14
2026-09-08 12:00:00+02:00,2025-09-08 12:00:00+02:00,2025,65.35,65.35,65.35
2026-09-08 13:00:00+02:00,2025-09-08 13:00:00+02:00,2025,60.84,60.84,60.84
2026-09-08 14:00:00+02:00,2025-09-08 14:00:00+02:00,2025,69.65,69.65,69.65
2026-09-08 15:00:00+02:00,2025-09-08 15:00:00+02:00,2025,78.46,78.46,78.46
2026-09-08 16:00:00+02:00,2025-09-08 16:00:00+02:00,2025,99.72,99.72,99.72
2026-09-08 17:00:00+02:00,2025-09-08 17:00:00+02:00,2025,124.28,124.28,124.28
2026-09-08 18:00:00+02:00,2025-09-08 18:00:00+02:00,2025,196.61,196.61,196.61
2026-09-08 19:00:00+02:00,2025-09-08 19:00:00+02:00,2025,413.66,413.66,413.66
2026-09-08 20:00:00+02:00,2025-09-08 20:00:00+02:00,2025,308.52,308.52,308.52
2026-09-08 21:00:00+02:00,2025-09-08 21:00:00+02:00,2025,152.0,152.0,152.0
2026-09-08 22:00:00+02:00,2025-09-08 22:00:00+02:00,2025,123.93,123.93,123.93
2026-09-08 23:00:00+02:00,2025-09-08 23:00:00+02:00,2025,113.12,113.12,113.12
2026-09-09 00:00:00+02:00,2025-09-09 00:00:00+02:00,2025,114.52,114.52,114.52
2026-09-09 01:00:00+02:00,2025-09-09 01:00:00+02:00,2025,112.46,112.46,112.46
2026-09-09 02:00:00+02:00,2025-09-09 02:00:00+02:00,2025,110.35,110.35,110.35
2026-09-09 03:00:00+02:00,2025-09-09 03:00:00+02:00,2025,109.8,109.8,109.8
2026-09-09 04:00:00+02:00,2025-09-09 04:00:00+02:00,2025,110.86,110.86,110.86
2026-09-09 05:00:00+02:00,2025-09-09 05:00:00+02:00,2025,118.18,118.18,118.18
2026-09-09 06:00:00+02:00,2025-09-09 06:00:00+02:00,2025,182.39,182.39,182.39
2026-09-09 07:00:00+02:00,2025-09-09 07:00:00+02:00,2025,300.0,300.0,300.0
2026-09-09 08:00:00+02:00,2025-09-09 08:00:00+02:00,2025,196.98,196.98,196.98
2026-09-09 09:00:00+02:00,2025-09-09 09:00:00+02:00,2025,127.59,127.59,127.59
2026-09-09 10:00:00+02:00,2025-09-09 10:00:00+02:00,2025,101.73,101.73,101.73
2026-09-09 11:00:00+02:00,2025-09-09 11:00:00+02:00,2025,99.25,99.25,99.25
2026-09-09 12:00:00+02:00,2025-09-09 12:00:00+02:00,2025,87.18,87.18,87.18
2026-09-09 13:00:00+02:00,2025-09-09 13:00:00+02:00,2025,85.69,85.69,85.69
2026-09-09 14:00:00+02:00,2025-09-09 14:00:00+02:00,2025,85.51,85.51,85.51
2026-09-09 15:00:00+02:00,2025-09-09 15:00:00+02:00,2025,92.49,92.49,92.49
2026-09-09 16:00:00+02:00,2025-09-09 16:00:00+02:00,2025,103.35,103.35,103.35
2026-09-09 17:00:00+02:00,2025-09-09 17:00:00+02:00,2025,127.41,127.41,127.41
2026-09-09 18:00:00+02:00,2025-09-09 18:00:00+02:00,2025,192.68,192.68,192.68
2026-09-09 19:00:00+02:00,2025-09-09 19:00:00+02:00,2025,386.4,386.4,386.4
2026-09-09 20:00:00+02:00,2025-09-09 20:00:00+02:00,2025,215.59,215.59,215.59
2026-09-09 21:00:00+02:00,2025-09-09 21:00:00+02:00,2025,133.37,133.37,133.37
2026-09-09 22:00:00+02:00,2025-09-09 22:00:00+02:00,2025,115.79,115.79,115.79
2026-09-09 23:00:00+02:00,2025-09-09 23:00:00+02:00,2025,109.3,109.3,109.3
2026-09-10 00:00:00+02:00,2025-09-10 00:00:00+02:00,2025,106.93,106.93,106.93
2026-09-10 01:00:00+02:00,2025-09-10 01:00:00+02:00,2025,107.29,107.29,107.29
2026-09-10 02:00:00+02:00,2025-09-10 02:00:00+02:00,2025,103.73,103.73,103.73
2026-09-10 03:00:00+02:00,2025-09-10 03:00:00+02:00,2025,104.81,104.81,104.81
2026-09-10 04:00:00+02:00,2025-09-10 04:00:00+02:00,2025,104.55,104.55,104.55
2026-09-10 05:00:00+02:00,2025-09-10 05:00:00+02:00,2025,114.28,114.28,114.28
2026-09-10 06:00:00+02:00,2025-09-10 06:00:00+02:00,2025,133.35,133.35,133.35
2026-09-10 07:00:00+02:00,2025-09-10 07:00:00+02:00,2025,223.39,223.39,223.39
2026-09-10 08:00:00+02:00,2025-09-10 08:00:00+02:00,2025,171.94,171.94,171.94
2026-09-10 09:00:00+02:00,2025-09-10 09:00:00+02:00,2025,129.46,129.46,129.46
2026-09-10 10:00:00+02:00,2025-09-10 10:00:00+02:00,2025,107.33,107.33,107.33
2026-09-10 11:00:00+02:00,2025-09-10 11:00:00+02:00,2025,102.39,102.39,102.39
2026-09-10 12:00:00+02:00,2025-09-10 12:00:00+02:00,2025,88.85,88.85,88.85
2026-09-10 13:00:00+02:00,2025-09-10 13:00:00+02:00,2025,86.09,86.09,86.09
2026-09-10 14:00:00+02:00,2025-09-10 14:00:00+02:00,2025,87.8,87.8,87.8
2026-09-10 15:00:00+02:00,2025-09-10 15:00:00+02:00,2025,90.8,90.8,90.8
2026-09-10 16:00:00+02:00,2025-09-10 16:00:00+02:00,2025,105.07,105.07,105.07
2026-09-10 17:00:00+02:00,2025-09-10 17:00:00+02:00,2025,127.78,127.78,127.78
2026-09-10 18:00:00+02:00,2025-09-10 18:00:00+02:00,2025,170.59,170.59,170.59
2026-09-10 19:00:00+02:00,2025-09-10 19:00:00+02:00,2025,275.19,275.19,275.19
2026-09-10 20:00:00+02:00,2025-09-10 20:00:00+02:00,2025,169.07,169.07,169.07
2026-09-10 21:00:00+02:00,2025-09-10 21:00:00+02:00,2025,122.94,122.94,122.94
2026-09-10 22:00:00+02:00,2025-09-10 22:00:00+02:00,2025,101.58,101.58,101.58
2026-09-10 23:00:00+02:00,2025-09-10 23:00:00+02:00,2025,87.63,87.63,87.63
2026-09-11 00:00:00+02:00,2025-09-11 00:00:00+02:00,2025,88.21,88.21,88.21
2026-09-11 01:00:00+02:00,2025-09-11 01:00:00+02:00,2025,85.0,85.0,85.0
2026-09-11 02:00:00+02:00,2025-09-11 02:00:00+02:00,2025,77.13,77.13,77.13
2026-09-11 03:00:00+02:00,2025-09-11 03:00:00+02:00,2025,70.67,70.67,70.67
2026-09-11 04:00:00+02:00,2025-09-11 04:00:00+02:00,2025,70.67,70.67,70.67
2026-09-11 05:00:00+02:00,2025-09-11 05:00:00+02:00,2025,79.05,79.05,79.05
2026-09-11 06:00:00+02:00,2025-09-11 06:00:00+02:00,2025,111.18,111.18,111.18
2026-09-11 07:00:00+02:00,2025-09-11 07:00:00+02:00,2025,125.33,125.33,125.33
2026-09-11 08:00:00+02:00,2025-09-11 08:00:00+02:00,2025,120.36,120.36,120.36
2026-09-11 09:00:00+02:00,2025-09-11 09:00:00+02:00,2025,102.05,102.05,102.05
2026-09-11 10:00:00+02:00,2025-09-11 10:00:00+02:00,2025,73.64,73.64,73.64
2026-09-11 11:00:00+02:00,2025-09-11 11:00:00+02:00,2025,8.23,8.23,8.23
2026-09-11 12:00:00+02:00,2025-09-11 12:00:00+02:00,2025,-0.01,-0.01,-0.01
2026-09-11 13:00:00+02:00,2025-09-11 13:00:00+02:00,2025,-0.07,-0.07,-0.07
2026-09-11 14:00:00+02:00,2025-09-11 14:00:00+02:00,2025,-0.72,-0.72,-0.72
2026-09-11 15:00:00+02:00,2025-09-11 15:00:00+02:00,2025,0.0,0.0,0.0
2026-09-11 16:00:00+02:00,2025-09-11 16:00:00+02:00,2025,8.96,8.96,8.96
2026-09-11 17:00:00+02:00,2025-09-11 17:00:00+02:00,2025,75.82,75.82,75.82
2026-09-11 18:00:00+02:00,2025-09-11 18:00:00+02:00,2025,118.57,118.57,118.57
2026-09-11 19:00:00+02:00,2025-09-11 19:00:00+02:00,2025,132.86,132.86,132.86
2026-09-11 20:00:00+02:00,2025-09-11 20:00:00+02:00,2025,125.25,125.25,125.25
2026-09-11 21:00:00+02:00,2025-09-11 21:00:00+02:00,2025,111.45,111.45,111.45
2026-09-11 22:00:00+02:00,2025-09-11 22:00:00+02:00,2025,84.81,84.81,84.81
2026-09-11 23:00:00+02:00,2025-09-11 23:00:00+02:00,2025,63.89,63.89,63.89
2026-09-12 00:00:00+02:00,2025-09-12 00:00:00+02:00,2025,32.83,32.83,32.83
2026-09-12 01:00:00+02:00,2025-09-12 01:00:00+02:00,2025,33.23,33.23,33.23
2026-09-12 02:00:00+02:00,2025-09-12 02:00:00+02:00,2025,20.94,20.94,20.94
2026-09-12 03:00:00+02:00,2025-09-12 03:00:00+02:00,2025,16.35,16.35,16.35
2026-09-12 04:00:00+02:00,2025-09-12 04:00:00+02:00,2025,29.15,29.15,29.15
2026-09-12 05:00:00+02:00,2025-09-12 05:00:00+02:00,2025,51.84,51.84,51.84
2026-09-12 06:00:00+02:00,2025-09-12 06:00:00+02:00,2025,95.29,95.29,95.29
2026-09-12 07:00:00+02:00,2025-09-12 07:00:00+02:00,2025,105.73,105.73,105.73
2026-09-12 08:00:00+02:00,2025-09-12 08:00:00+02:00,2025,102.01,102.01,102.01
2026-09-12 09:00:00+02:00,2025-09-12 09:00:00+02:00,2025,48.07,48.07,48.07
2026-09-12 10:00:00+02:00,2025-09-12 10:00:00+02:00,2025,1.85,1.85,1.85
2026-09-12 11:00:00+02:00,2025-09-12 11:00:00+02:00,2025,-1.66,-1.66,-1.66
2026-09-12 12:00:00+02:00,2025-09-12 12:00:00+02:00,2025,-5.11,-5.11,-5.11
2026-09-12 13:00:00+02:00,2025-09-12 13:00:00+02:00,2025,-8.66,-8.66,-8.66
2026-09-12 14:00:00+02:00,2025-09-12 14:00:00+02:00,2025,-6.19,-6.19,-6.19
2026-09-12 15:00:00+02:00,2025-09-12 15:00:00+02:00,2025,-4.0,-4.0,-4.0
2026-09-12 16:00:00+02:00,2025-09-12 16:00:00+02:00,2025,-0.01,-0.01,-0.01
2026-09-12 17:00:00+02:00,2025-09-12 17:00:00+02:00,2025,57.69,57.69,57.69
2026-09-12 18:00:00+02:00,2025-09-12 18:00:00+02:00,2025,108.71,108.71,108.71
2026-09-12 19:00:00+02:00,2025-09-12 19:00:00+02:00,2025,155.36,155.36,155.36
2026-09-12 20:00:00+02:00,2025-09-12 20:00:00+02:00,2025,152.24,152.24,152.24
2026-09-12 21:00:00+02:00,2025-09-12 21:00:00+02:00,2025,113.96,113.96,113.96
2026-09-12 22:00:00+02:00,2025-09-12 22:00:00+02:00,2025,102.85,102.85,102.85
2026-09-12 23:00:00+02:00,2025-09-12 23:00:00+02:00,2025,96.66,96.66,96.66
2026-09-13 00:00:00+02:00,2025-09-13 00:00:00+02:00,2025,85.89,85.89,85.89
2026-09-13 01:00:00+02:00,2025-09-13 01:00:00+02:00,2025,72.75,72.75,72.75
2026-09-13 02:00:00+02:00,2025-09-13 02:00:00+02:00,2025,72.45,72.45,72.45
2026-09-13 03:00:00+02:00,2025-09-13 03:00:00+02:00,2025,72.45,72.45,72.45
2026-09-13 04:00:00+02:00,2025-09-13 04:00:00+02:00,2025,69.79,69.79,69.79
2026-09-13 05:00:00+02:00,2025-09-13 05:00:00+02:00,2025,72.75,72.75,72.75
2026-09-13 06:00:00+02:00,2025-09-13 06:00:00+02:00,2025,74.71,74.71,74.71
2026-09-13 07:00:00+02:00,2025-09-13 07:00:00+02:00,2025,74.11,74.11,74.11
2026-09-13 08:00:00+02:00,2025-09-13 08:00:00+02:00,2025,72.45,72.45,72.45
2026-09-13 09:00:00+02:00,2025-09-13 09:00:00+02:00,2025,53.85,53.85,53.85
2026-09-13 10:00:00+02:00,2025-09-13 10:00:00+02:00,2025,14.3,14.3,14.3
2026-09-13 11:00:00+02:00,2025-09-13 11:00:00+02:00,2025,2.37,2.37,2.37
2026-09-13 12:00:00+02:00,2025-09-13 12:00:00+02:00,2025,0.0,0.0,0.0
2026-09-13 13:00:00+02:00,2025-09-13 13:00:00+02:00,2025,-0.01,-0.01,-0.01
2026-09-13 14:00:00+02:00,2025-09-13 14:00:00+02:00,2025,-0.01,-0.01,-0.01
2026-09-13 15:00:00+02:00,2025-09-13 15:00:00+02:00,2025,-0.01,-0.01,-0.01
2026-09-13 16:00:00+02:00,2025-09-13 16:00:00+02:00,2025,3.88,3.88,3.88
2026-09-13 17:00:00+02:00,2025-09-13 17:00:00+02:00,2025,74.11,74.11,74.11
2026-09-13 18:00:00+02:00,2025-09-13 18:00:00+02:00,2025,108.1,108.1,108.1
2026-09-13 19:00:00+02:00,2025-09-13 19:00:00+02:00,2025,121.9,121.9,121.9
2026-09-13 20:00:00+02:00,2025-09-13 20:00:00+02:00,2025,118.77,118.77,118.77
2026-09-13 21:00:00+02:00,2025-09-13 21:00:00+02:00,2025,111.17,111.17,111.17
2026-09-13 22:00:00+02:00,2025-09-13 22:00:00+02:00,2025,100.0,100.0,100.0
2026-09-13 23:00:00+02:00,2025-09-13 23:00:00+02:00,2025,87.18,87.18,87.18
2026-09-14 00:00:00+02:00,2025-09-14 00:00:00+02:00,2025,85.69,85.69,85.69
2026-09-14 01:00:00+02:00,2025-09-14 01:00:00+02:00,2025,77.57,77.57,77.57
2026-09-14 02:00:00+02:00,2025-09-14 02:00:00+02:00,2025,80.61,80.61,80.61
2026-09-14 03:00:00+02:00,2025-09-14 03:00:00+02:00,2025,85.93,85.93,85.93
2026-09-14 04:00:00+02:00,2025-09-14 04:00:00+02:00,2025,93.77,93.77,93.77
2026-09-14 05:00:00+02:00,2025-09-14 05:00:00+02:00,2025,99.82,99.82,99.82
2026-09-14 06:00:00+02:00,2025-09-14 06:00:00+02:00,2025,100.75,100.75,100.75
2026-09-14 07:00:00+02:00,2025-09-14 07:00:00+02:00,2025,105.36,105.36,105.36
2026-09-14 08:00:00+02:00,2025-09-14 08:00:00+02:00,2025,108.48,108.48,108.48
2026-09-14 09:00:00+02:00,2025-09-14 09:00:00+02:00,2025,87.78,87.78,87.78
2026-09-14 10:00:00+02:00,2025-09-14 10:00:00+02:00,2025,61.68,61.68,61.68
2026-09-14 11:00:00+02:00,2025-09-14 11:00:00+02:00,2025,17.58,17.58,17.58
2026-09-14 12:00:00+02:00,2025-09-14 12:00:00+02:00,2025,6.52,6.52,6.52
2026-09-14 13:00:00+02:00,2025-09-14 13:00:00+02:00,2025,0.0,0.0,0.0
2026-09-14 14:00:00+02:00,2025-09-14 14:00:00+02:00,2025,-0.01,-0.01,-0.01
2026-09-14 15:00:00+02:00,2025-09-14 15:00:00+02:00,2025,0.0,0.0,0.0
2026-09-14 16:00:00+02:00,2025-09-14 16:00:00+02:00,2025,19.33,19.33,19.33
2026-09-14 17:00:00+02:00,2025-09-14 17:00:00+02:00,2025,98.2,98.2,98.2
2026-09-14 18:00:00+02:00,2025-09-14 18:00:00+02:00,2025,124.34,124.34,124.34
2026-09-14 19:00:00+02:00,2025-09-14 19:00:00+02:00,2025,153.29,153.29,153.29
2026-09-14 20:00:00+02:00,2025-09-14 20:00:00+02:00,2025,126.01,126.01,126.01
2026-09-14 21:00:00+02:00,2025-09-14 21:00:00+02:00,2025,97.37,97.37,97.37
2026-09-14 22:00:00+02:00,2025-09-14 22:00:00+02:00,2025,77.02,77.02,77.02
2026-09-14 23:00:00+02:00,2025-09-14 23:00:00+02:00,2025,14.27,14.27,14.27
2026-09-15 00:00:00+02:00,2025-09-15 00:00:00+02:00,2025,20.0,20.0,20.0
2026-09-15 01:00:00+02:00,2025-09-15 01:00:00+02:00,2025,3.87,3.87,3.87
2026-09-15 02:00:00+02:00,2025-09-15 02:00:00+02:00,2025,1.39,1.39,1.39
2026-09-15 03:00:00+02:00,2025-09-15 03:00:00+02:00,2025,0.01,0.01,0.01
2026-09-15 04:00:00+02:00,2025-09-15 04:00:00+02:00,2025,0.0,0.0,0.0
2026-09-15 05:00:00+02:00,2025-09-15 05:00:00+02:00,2025,0.9,0.9,0.9
2026-09-15 06:00:00+02:00,2025-09-15 06:00:00+02:00,2025,20.27,20.27,20.27
2026-09-15 07:00:00+02:00,2025-09-15 07:00:00+02:00,2025,54.31,54.31,54.31
2026-09-15 08:00:00+02:00,2025-09-15 08:00:00+02:00,2025,40.4,40.4,40.4
2026-09-15 09:00:00+02:00,2025-09-15 09:00:00+02:00,2025,0.9,0.9,0.9
2026-09-15 10:00:00+02:00,2025-09-15 10:00:00+02:00,2025,-0.47,-0.47,-0.47
2026-09-15 11:00:00+02:00,2025-09-15 11:00:00+02:00,2025,-2.61,-2.61,-2.61
2026-09-15 12:00:00+02:00,2025-09-15 12:00:00+02:00,2025,-8.0,-8.0,-8.0
2026-09-15 13:00:00+02:00,2025-09-15 13:00:00+02:00,2025,-14.27,-14.27,-14.27
2026-09-15 14:00:00+02:00,2025-09-15 14:00:00+02:00,2025,-13.7,-13.7,-13.7
2026-09-15 15:00:00+02:00,2025-09-15 15:00:00+02:00,2025,-8.9,-8.9,-8.9
2026-09-15 16:00:00+02:00,2025-09-15 16:00:00+02:00,2025,-5.24,-5.24,-5.24
2026-09-15 17:00:00+02:00,2025-09-15 17:00:00+02:00,2025,-0.53,-0.53,-0.53
2026-09-15 18:00:00+02:00,2025-09-15 18:00:00+02:00,2025,14.01,14.01,14.01
2026-09-15 19:00:00+02:00,2025-09-15 19:00:00+02:00,2025,53.93,53.93,53.93
2026-09-15 20:00:00+02:00,2025-09-15 20:00:00+02:00,2025,47.37,47.37,47.37
2026-09-15 21:00:00+02:00,2025-09-15 21:00:00+02:00,2025,5.33,5.33,5.33
2026-09-15 22:00:00+02:00,2025-09-15 22:00:00+02:00,2025,2.91,2.91,2.91
2026-09-15 23:00:00+02:00,2025-09-15 23:00:00+02:00,2025,0.06,0.06,0.06
2026-09-16 00:00:00+02:00,2025-09-16 00:00:00+02:00,2025,-0.01,-0.01,-0.01
2026-09-16 01:00:00+02:00,2025-09-16 01:00:00+02:00,2025,-0.09,-0.09,-0.09
2026-09-16 02:00:00+02:00,2025-09-16 02:00:00+02:00,2025,-0.23,-0.23,-0.23
2026-09-16 03:00:00+02:00,2025-09-16 03:00:00+02:00,2025,-1.05,-1.05,-1.05
2026-09-16 04:00:00+02:00,2025-09-16 04:00:00+02:00,2025,-1.33,-1.33,-1.33
2026-09-16 05:00:00+02:00,2025-09-16 05:00:00+02:00,2025,-0.01,-0.01,-0.01
2026-09-16 06:00:00+02:00,2025-09-16 06:00:00+02:00,2025,2.32,2.32,2.32
2026-09-16 07:00:00+02:00,2025-09-16 07:00:00+02:00,2025,16.21,16.21,16.21
2026-09-16 08:00:00+02:00,2025-09-16 08:00:00+02:00,2025,3.81,3.81,3.81
2026-09-16 09:00:00+02:00,2025-09-16 09:00:00+02:00,2025,-1.01,-1.01,-1.01
2026-09-16 10:00:00+02:00,2025-09-16 10:00:00+02:00,2025,-5.11,-5.11,-5.11
2026-09-16 11:00:00+02:00,2025-09-16 11:00:00+02:00,2025,-10.38,-10.38,-10.38
2026-09-16 12:00:00+02:00,2025-09-16 12:00:00+02:00,2025,-20.05,-20.05,-20.05
2026-09-16 13:00:00+02:00,2025-09-16 13:00:00+02:00,2025,-18.03,-18.03,-18.03
2026-09-16 14:00:00+02:00,2025-09-16 14:00:00+02:00,2025,-11.17,-11.17,-11.17
2026-09-16 15:00:00+02:00,2025-09-16 15:00:00+02:00,2025,-9.99,-9.99,-9.99
2026-09-16 16:00:00+02:00,2025-09-16 16:00:00+02:00,2025,-3.24,-3.24,-3.24
2026-09-16 17:00:00+02:00,2025-09-16 17:00:00+02:00,2025,0.0,0.0,0.0
2026-09-16 18:00:00+02:00,2025-09-16 18:00:00+02:00,2025,72.64,72.64,72.64
2026-09-16 19:00:00+02:00,2025-09-16 19:00:00+02:00,2025,103.33,103.33,103.33
2026-09-16 20:00:00+02:00,2025-09-16 20:00:00+02:00,2025,112.97,112.97,112.97
2026-09-16 21:00:00+02:00,2025-09-16 21:00:00+02:00,2025,92.97,92.97,92.97
2026-09-16 22:00:00+02:00,2025-09-16 22:00:00+02:00,2025,80.55,80.55,80.55
2026-09-16 23:00:00+02:00,2025-09-16 23:00:00+02:00,2025,65.44,65.44,65.44
2026-09-17 00:00:00+02:00,2025-09-17 00:00:00+02:00,2025,70.8,70.8,70.8
2026-09-17 01:00:00+02:00,2025-09-17 01:00:00+02:00,2025,63.47,63.47,63.47
2026-09-17 02:00:00+02:00,2025-09-17 02:00:00+02:00,2025,50.95,50.95,50.95
2026-09-17 03:00:00+02:00,2025-09-17 03:00:00+02:00,2025,48.53,48.53,48.53
2026-09-17 04:00:00+02:00,2025-09-17 04:00:00+02:00,2025,60.01,60.01,60.01
2026-09-17 05:00:00+02:00,2025-09-17 05:00:00+02:00,2025,73.82,73.82,73.82
2026-09-17 06:00:00+02:00,2025-09-17 06:00:00+02:00,2025,98.85,98.85,98.85
2026-09-17 07:00:00+02:00,2025-09-17 07:00:00+02:00,2025,117.34,117.34,117.34
2026-09-17 08:00:00+02:00,2025-09-17 08:00:00+02:00,2025,112.74,112.74,112.74
2026-09-17 09:00:00+02:00,2025-09-17 09:00:00+02:00,2025,95.14,95.14,95.14
2026-09-17 10:00:00+02:00,2025-09-17 10:00:00+02:00,2025,69.14,69.14,69.14
2026-09-17 11:00:00+02:00,2025-09-17 11:00:00+02:00,2025,41.38,41.38,41.38
2026-09-17 12:00:00+02:00,2025-09-17 12:00:00+02:00,2025,10.5,10.5,10.5
2026-09-17 13:00:00+02:00,2025-09-17 13:00:00+02:00,2025,7.88,7.88,7.88
2026-09-17 14:00:00+02:00,2025-09-17 14:00:00+02:00,2025,10.59,10.59,10.59
2026-09-17 15:00:00+02:00,2025-09-17 15:00:00+02:00,2025,43.09,43.09,43.09
2026-09-17 16:00:00+02:00,2025-09-17 16:00:00+02:00,2025,81.17,81.17,81.17
2026-09-17 17:00:00+02:00,2025-09-17 17:00:00+02:00,2025,110.0,110.0,110.0
2026-09-17 18:00:00+02:00,2025-09-17 18:00:00+02:00,2025,123.31,123.31,123.31
2026-09-17 19:00:00+02:00,2025-09-17 19:00:00+02:00,2025,142.58,142.58,142.58
2026-09-17 20:00:00+02:00,2025-09-17 20:00:00+02:00,2025,123.52,123.52,123.52
2026-09-17 21:00:00+02:00,2025-09-17 21:00:00+02:00,2025,94.2,94.2,94.2
2026-09-17 22:00:00+02:00,2025-09-17 22:00:00+02:00,2025,86.1,86.1,86.1
2026-09-17 23:00:00+02:00,2025-09-17 23:00:00+02:00,2025,73.07,73.07,73.07
2026-09-18 00:00:00+02:00,2025-09-18 00:00:00+02:00,2025,53.12,53.12,53.12
2026-09-18 01:00:00+02:00,2025-09-18 01:00:00+02:00,2025,48.29,48.29,48.29
2026-09-18 02:00:00+02:00,2025-09-18 02:00:00+02:00,2025,38.47,38.47,38.47
2026-09-18 03:00:00+02:00,2025-09-18 03:00:00+02:00,2025,37.96,37.96,37.96
2026-09-18 04:00:00+02:00,2025-09-18 04:00:00+02:00,2025,48.12,48.12,48.12
2026-09-18 05:00:00+02:00,2025-09-18 05:00:00+02:00,2025,74.15,74.15,74.15
2026-09-18 06:00:00+02:00,2025-09-18 06:00:00+02:00,2025,105.81,105.81,105.81
2026-09-18 07:00:00+02:00,2025-09-18 07:00:00+02:00,2025,117.21,117.21,117.21
2026-09-18 08:00:00+02:00,2025-09-18 08:00:00+02:00,2025,111.28,111.28,111.28
2026-09-18 09:00:00+02:00,2025-09-18 09:00:00+02:00,2025,90.8,90.8,90.8
2026-09-18 10:00:00+02:00,2025-09-18 10:00:00+02:00,2025,65.1,65.1,65.1
2026-09-18 11:00:00+02:00,2025-09-18 11:00:00+02:00,2025,5.89,5.89,5.89
2026-09-18 12:00:00+02:00,2025-09-18 12:00:00+02:00,2025,0.2,0.2,0.2
2026-09-18 13:00:00+02:00,2025-09-18 13:00:00+02:00,2025,0.0,0.0,0.0
2026-09-18 14:00:00+02:00,2025-09-18 14:00:00+02:00,2025,0.0,0.0,0.0
2026-09-18 15:00:00+02:00,2025-09-18 15:00:00+02:00,2025,0.52,0.52,0.52
2026-09-18 16:00:00+02:00,2025-09-18 16:00:00+02:00,2025,15.31,15.31,15.31
2026-09-18 17:00:00+02:00,2025-09-18 17:00:00+02:00,2025,89.79,89.79,89.79
2026-09-18 18:00:00+02:00,2025-09-18 18:00:00+02:00,2025,115.45,115.45,115.45
2026-09-18 19:00:00+02:00,2025-09-18 19:00:00+02:00,2025,134.23,134.23,134.23
2026-09-18 20:00:00+02:00,2025-09-18 20:00:00+02:00,2025,128.68,128.68,128.68
2026-09-18 21:00:00+02:00,2025-09-18 21:00:00+02:00,2025,110.0,110.0,110.0
2026-09-18 22:00:00+02:00,2025-09-18 22:00:00+02:00,2025,98.94,98.94,98.94
2026-09-18 23:00:00+02:00,2025-09-18 23:00:00+02:00,2025,88.2,88.2,88.2
2026-09-19 00:00:00+02:00,2025-09-19 00:00:00+02:00,2025,74.09,74.09,74.09
2026-09-19 01:00:00+02:00,2025-09-19 01:00:00+02:00,2025,72.47,72.47,72.47
2026-09-19 02:00:00+02:00,2025-09-19 02:00:00+02:00,2025,73.45,73.45,73.45
2026-09-19 03:00:00+02:00,2025-09-19 03:00:00+02:00,2025,73.7,73.7,73.7
2026-09-19 04:00:00+02:00,2025-09-19 04:00:00+02:00,2025,74.02,74.02,74.02
2026-09-19 05:00:00+02:00,2025-09-19 05:00:00+02:00,2025,89.59,89.59,89.59
2026-09-19 06:00:00+02:00,2025-09-19 06:00:00+02:00,2025,118.92,118.92,118.92
2026-09-19 07:00:00+02:00,2025-09-19 07:00:00+02:00,2025,143.42,143.42,143.42
2026-09-19 08:00:00+02:00,2025-09-19 08:00:00+02:00,2025,118.29,118.29,118.29
2026-09-19 09:00:00+02:00,2025-09-19 09:00:00+02:00,2025,95.18,95.18,95.18
2026-09-19 10:00:00+02:00,2025-09-19 10:00:00+02:00,2025,53.7,53.7,53.7
2026-09-19 11:00:00+02:00,2025-09-19 11:00:00+02:00,2025,13.03,13.03,13.03
2026-09-19 12:00:00+02:00,2025-09-19 12:00:00+02:00,2025,0.99,0.99,0.99
2026-09-19 13:00:00+02:00,2025-09-19 13:00:00+02:00,2025,0.0,0.0,0.0
2026-09-19 14:00:00+02:00,2025-09-19 14:00:00+02:00,2025,0.0,0.0,0.0
2026-09-19 15:00:00+02:00,2025-09-19 15:00:00+02:00,2025,11.97,11.97,11.97
2026-09-19 16:00:00+02:00,2025-09-19 16:00:00+02:00,2025,74.46,74.46,74.46
2026-09-19 17:00:00+02:00,2025-09-19 17:00:00+02:00,2025,119.44,119.44,119.44
2026-09-19 18:00:00+02:00,2025-09-19 18:00:00+02:00,2025,255.21,255.21,255.21
2026-09-19 19:00:00+02:00,2025-09-19 19:00:00+02:00,2025,409.24,409.24,409.24
2026-09-19 20:00:00+02:00,2025-09-19 20:00:00+02:00,2025,167.59,167.59,167.59
2026-09-19 21:00:00+02:00,2025-09-19 21:00:00+02:00,2025,111.82,111.82,111.82
2026-09-19 22:00:00+02:00,2025-09-19 22:00:00+02:00,2025,86.04,86.04,86.04
2026-09-19 23:00:00+02:00,2025-09-19 23:00:00+02:00,2025,78.93,78.93,78.93
2026-09-20 00:00:00+02:00,2025-09-20 00:00:00+02:00,2025,87.24,87.24,87.24
2026-09-20 01:00:00+02:00,2025-09-20 01:00:00+02:00,2025,77.91,77.91,77.91
2026-09-20 02:00:00+02:00,2025-09-20 02:00:00+02:00,2025,74.99,74.99,74.99
2026-09-20 03:00:00+02:00,2025-09-20 03:00:00+02:00,2025,74.8,74.8,74.8
2026-09-20 04:00:00+02:00,2025-09-20 04:00:00+02:00,2025,74.79,74.79,74.79
2026-09-20 05:00:00+02:00,2025-09-20 05:00:00+02:00,2025,80.21,80.21,80.21
2026-09-20 06:00:00+02:00,2025-09-20 06:00:00+02:00,2025,88.51,88.51,88.51
2026-09-20 07:00:00+02:00,2025-09-20 07:00:00+02:00,2025,86.97,86.97,86.97
2026-09-20 08:00:00+02:00,2025-09-20 08:00:00+02:00,2025,75.29,75.29,75.29
2026-09-20 09:00:00+02:00,2025-09-20 09:00:00+02:00,2025,24.9,24.9,24.9
2026-09-20 10:00:00+02:00,2025-09-20 10:00:00+02:00,2025,3.02,3.02,3.02
2026-09-20 11:00:00+02:00,2025-09-20 11:00:00+02:00,2025,-0.28,-0.28,-0.28
2026-09-20 12:00:00+02:00,2025-09-20 12:00:00+02:00,2025,-6.1,-6.1,-6.1
2026-09-20 13:00:00+02:00,2025-09-20 13:00:00+02:00,2025,-10.86,-10.86,-10.86
2026-09-20 14:00:00+02:00,2025-09-20 14:00:00+02:00,2025,-5.1,-5.1,-5.1
2026-09-20 15:00:00+02:00,2025-09-20 15:00:00+02:00,2025,-0.04,-0.04,-0.04
2026-09-20 16:00:00+02:00,2025-09-20 16:00:00+02:00,2025,26.36,26.36,26.36
2026-09-20 17:00:00+02:00,2025-09-20 17:00:00+02:00,2025,93.84,93.84,93.84
2026-09-20 18:00:00+02:00,2025-09-20 18:00:00+02:00,2025,124.58,124.58,124.58
2026-09-20 19:00:00+02:00,2025-09-20 19:00:00+02:00,2025,134.1,134.1,134.1
2026-09-20 20:00:00+02:00,2025-09-20 20:00:00+02:00,2025,99.08,99.08,99.08
2026-09-20 21:00:00+02:00,2025-09-20 21:00:00+02:00,2025,81.95,81.95,81.95
2026-09-20 22:00:00+02:00,2025-09-20 22:00:00+02:00,2025,74.5,74.5,74.5
2026-09-20 23:00:00+02:00,2025-09-20 23:00:00+02:00,2025,48.3,48.3,48.3
2026-09-21 00:00:00+02:00,2025-09-21 00:00:00+02:00,2025,8.07,8.07,8.07
2026-09-21 01:00:00+02:00,2025-09-21 01:00:00+02:00,2025,3.7,3.7,3.7
2026-09-21 02:00:00+02:00,2025-09-21 02:00:00+02:00,2025,3.46,3.46,3.46
2026-09-21 03:00:00+02:00,2025-09-21 03:00:00+02:00,2025,1.65,1.65,1.65
2026-09-21 04:00:00+02:00,2025-09-21 04:00:00+02:00,2025,2.08,2.08,2.08
2026-09-21 05:00:00+02:00,2025-09-21 05:00:00+02:00,2025,3.23,3.23,3.23
2026-09-21 06:00:00+02:00,2025-09-21 06:00:00+02:00,2025,4.41,4.41,4.41
2026-09-21 07:00:00+02:00,2025-09-21 07:00:00+02:00,2025,5.23,5.23,5.23
2026-09-21 08:00:00+02:00,2025-09-21 08:00:00+02:00,2025,3.01,3.01,3.01
2026-09-21 09:00:00+02:00,2025-09-21 09:00:00+02:00,2025,1.31,1.31,1.31
2026-09-21 10:00:00+02:00,2025-09-21 10:00:00+02:00,2025,0.0,0.0,0.0
2026-09-21 11:00:00+02:00,2025-09-21 11:00:00+02:00,2025,-0.09,-0.09,-0.09
2026-09-21 12:00:00+02:00,2025-09-21 12:00:00+02:00,2025,-1.2,-1.2,-1.2
2026-09-21 13:00:00+02:00,2025-09-21 13:00:00+02:00,2025,-2.02,-2.02,-2.02
2026-09-21 14:00:00+02:00,2025-09-21 14:00:00+02:00,2025,-1.31,-1.31,-1.31
2026-09-21 15:00:00+02:00,2025-09-21 15:00:00+02:00,2025,-0.01,-0.01,-0.01
2026-09-21 16:00:00+02:00,2025-09-21 16:00:00+02:00,2025,9.47,9.47,9.47
2026-09-21 17:00:00+02:00,2025-09-21 17:00:00+02:00,2025,85.18,85.18,85.18
2026-09-21 18:00:00+02:00,2025-09-21 18:00:00+02:00,2025,113.96,113.96,113.96
2026-09-21 19:00:00+02:00,2025-09-21 19:00:00+02:00,2025,120.57,120.57,120.57
2026-09-21 20:00:00+02:00,2025-09-21 20:00:00+02:00,2025,118.84,118.84,118.84
2026-09-21 21:00:00+02:00,2025-09-21 21:00:00+02:00,2025,104.68,104.68,104.68
2026-09-21 22:00:00+02:00,2025-09-21 22:00:00+02:00,2025,96.35,96.35,96.35
2026-09-21 23:00:00+02:00,2025-09-21 23:00:00+02:00,2025,91.68,91.68,91.68
2026-09-22 00:00:00+02:00,2025-09-22 00:00:00+02:00,2025,87.33,87.33,87.33
2026-09-22 01:00:00+02:00,2025-09-22 01:00:00+02:00,2025,83.57,83.57,83.57
2026-09-22 02:00:00+02:00,2025-09-22 02:00:00+02:00,2025,79.21,79.21,79.21
2026-09-22 03:00:00+02:00,2025-09-22 03:00:00+02:00,2025,79.21,79.21,79.21
2026-09-22 04:00:00+02:00,2025-09-22 04:00:00+02:00,2025,80.35,80.35,80.35
2026-09-22 05:00:00+02:00,2025-09-22 05:00:00+02:00,2025,93.59,93.59,93.59
2026-09-22 06:00:00+02:00,2025-09-22 06:00:00+02:00,2025,118.69,118.69,118.69
2026-09-22 07:00:00+02:00,2025-09-22 07:00:00+02:00,2025,130.0,130.0,130.0
2026-09-22 08:00:00+02:00,2025-09-22 08:00:00+02:00,2025,130.0,130.0,130.0
2026-09-22 09:00:00+02:00,2025-09-22 09:00:00+02:00,2025,108.57,108.57,108.57
2026-09-22 10:00:00+02:00,2025-09-22 10:00:00+02:00,2025,91.82,91.82,91.82
2026-09-22 11:00:00+02:00,2025-09-22 11:00:00+02:00,2025,77.86,77.86,77.86
2026-09-22 12:00:00+02:00,2025-09-22 12:00:00+02:00,2025,74.04,74.04,74.04
2026-09-22 13:00:00+02:00,2025-09-22 13:00:00+02:00,2025,71.17,71.17,71.17
2026-09-22 14:00:00+02:00,2025-09-22 14:00:00+02:00,2025,70.23,70.23,70.23
2026-09-22 15:00:00+02:00,2025-09-22 15:00:00+02:00,2025,78.39,78.39,78.39
2026-09-22 16:00:00+02:00,2025-09-22 16:00:00+02:00,2025,84.79,84.79,84.79
2026-09-22 17:00:00+02:00,2025-09-22 17:00:00+02:00,2025,100.13,100.13,100.13
2026-09-22 18:00:00+02:00,2025-09-22 18:00:00+02:00,2025,128.08,128.08,128.08
2026-09-22 19:00:00+02:00,2025-09-22 19:00:00+02:00,2025,140.92,140.92,140.92
2026-09-22 20:00:00+02:00,2025-09-22 20:00:00+02:00,2025,130.0,130.0,130.0
2026-09-22 21:00:00+02:00,2025-09-22 21:00:00+02:00,2025,114.24,114.24,114.24
2026-09-22 22:00:00+02:00,2025-09-22 22:00:00+02:00,2025,97.72,97.72,97.72
2026-09-22 23:00:00+02:00,2025-09-22 23:00:00+02:00,2025,89.99,89.99,89.99
2026-09-23 00:00:00+02:00,2025-09-23 00:00:00+02:00,2025,88.6,88.6,88.6
2026-09-23 01:00:00+02:00,2025-09-23 01:00:00+02:00,2025,90.0,90.0,90.0
2026-09-23 02:00:00+02:00,2025-09-23 02:00:00+02:00,2025,89.73,89.73,89.73
2026-09-23 03:00:00+02:00,2025-09-23 03:00:00+02:00,2025,89.93,89.93,89.93
2026-09-23 04:00:00+02:00,2025-09-23 04:00:00+02:00,2025,91.34,91.34,91.34
2026-09-23 05:00:00+02:00,2025-09-23 05:00:00+02:00,2025,98.11,98.11,98.11
2026-09-23 06:00:00+02:00,2025-09-23 06:00:00+02:00,2025,122.01,122.01,122.01
2026-09-23 07:00:00+02:00,2025-09-23 07:00:00+02:00,2025,172.36,172.36,172.36
2026-09-23 08:00:00+02:00,2025-09-23 08:00:00+02:00,2025,162.8,162.8,162.8
2026-09-23 09:00:00+02:00,2025-09-23 09:00:00+02:00,2025,125.76,125.76,125.76
2026-09-23 10:00:00+02:00,2025-09-23 10:00:00+02:00,2025,93.92,93.92,93.92
2026-09-23 11:00:00+02:00,2025-09-23 11:00:00+02:00,2025,85.51,85.51,85.51
2026-09-23 12:00:00+02:00,2025-09-23 12:00:00+02:00,2025,77.54,77.54,77.54
2026-09-23 13:00:00+02:00,2025-09-23 13:00:00+02:00,2025,74.24,74.24,74.24
2026-09-23 14:00:00+02:00,2025-09-23 14:00:00+02:00,2025,74.25,74.25,74.25
2026-09-23 15:00:00+02:00,2025-09-23 15:00:00+02:00,2025,84.11,84.11,84.11
2026-09-23 16:00:00+02:00,2025-09-23 16:00:00+02:00,2025,85.76,85.76,85.76
2026-09-23 17:00:00+02:00,2025-09-23 17:00:00+02:00,2025,102.9,102.9,102.9
2026-09-23 18:00:00+02:00,2025-09-23 18:00:00+02:00,2025,136.83,136.83,136.83
2026-09-23 19:00:00+02:00,2025-09-23 19:00:00+02:00,2025,149.58,149.58,149.58
2026-09-23 20:00:00+02:00,2025-09-23 20:00:00+02:00,2025,115.81,115.81,115.81
2026-09-23 21:00:00+02:00,2025-09-23 21:00:00+02:00,2025,94.0,94.0,94.0
2026-09-23 22:00:00+02:00,2025-09-23 22:00:00+02:00,2025,84.91,84.91,84.91
2026-09-23 23:00:00+02:00,2025-09-23 23:00:00+02:00,2025,84.1,84.1,84.1
2026-09-24 00:00:00+02:00,2025-09-24 00:00:00+02:00,2025,82.67,82.67,82.67
2026-09-24 01:00:00+02:00,2025-09-24 01:00:00+02:00,2025,82.32,82.32,82.32
2026-09-24 02:00:00+02:00,2025-09-24 02:00:00+02:00,2025,81.61,81.61,81.61
2026-09-24 03:00:00+02:00,2025-09-24 03:00:00+02:00,2025,77.95,77.95,77.95
2026-09-24 04:00:00+02:00,2025-09-24 04:00:00+02:00,2025,78.59,78.59,78.59
2026-09-24 05:00:00+02:00,2025-09-24 05:00:00+02:00,2025,82.67,82.67,82.67
2026-09-24 06:00:00+02:00,2025-09-24 06:00:00+02:00,2025,109.76,109.76,109.76
2026-09-24 07:00:00+02:00,2025-09-24 07:00:00+02:00,2025,118.01,118.01,118.01
2026-09-24 08:00:00+02:00,2025-09-24 08:00:00+02:00,2025,120.45,120.45,120.45
2026-09-24 09:00:00+02:00,2025-09-24 09:00:00+02:00,2025,107.0,107.0,107.0
2026-09-24 10:00:00+02:00,2025-09-24 10:00:00+02:00,2025,85.54,85.54,85.54
2026-09-24 11:00:00+02:00,2025-09-24 11:00:00+02:00,2025,70.09,70.09,70.09
2026-09-24 12:00:00+02:00,2025-09-24 12:00:00+02:00,2025,27.1,27.1,27.1
2026-09-24 13:00:00+02:00,2025-09-24 13:00:00+02:00,2025,10.66,10.66,10.66
2026-09-24 14:00:00+02:00,2025-09-24 14:00:00+02:00,2025,9.9,9.9,9.9
2026-09-24 15:00:00+02:00,2025-09-24 15:00:00+02:00,2025,15.0,15.0,15.0
2026-09-24 16:00:00+02:00,2025-09-24 16:00:00+02:00,2025,66.1,66.1,66.1
2026-09-24 17:00:00+02:00,2025-09-24 17:00:00+02:00,2025,85.69,85.69,85.69
2026-09-24 18:00:00+02:00,2025-09-24 18:00:00+02:00,2025,113.08,113.08,113.08
2026-09-24 19:00:00+02:00,2025-09-24 19:00:00+02:00,2025,115.93,115.93,115.93
2026-09-24 20:00:00+02:00,2025-09-24 20:00:00+02:00,2025,113.95,113.95,113.95
2026-09-24 21:00:00+02:00,2025-09-24 21:00:00+02:00,2025,91.29,91.29,91.29
2026-09-24 22:00:00+02:00,2025-09-24 22:00:00+02:00,2025,85.5,85.5,85.5
2026-09-24 23:00:00+02:00,2025-09-24 23:00:00+02:00,2025,69.68,69.68,69.68
2026-09-25 00:00:00+02:00,2025-09-25 00:00:00+02:00,2025,73.3,73.3,73.3
2026-09-25 01:00:00+02:00,2025-09-25 01:00:00+02:00,2025,69.69,69.69,69.69
2026-09-25 02:00:00+02:00,2025-09-25 02:00:00+02:00,2025,67.81,67.81,67.81
2026-09-25 03:00:00+02:00,2025-09-25 03:00:00+02:00,2025,68.09,68.09,68.09
2026-09-25 04:00:00+02:00,2025-09-25 04:00:00+02:00,2025,71.69,71.69,71.69
2026-09-25 05:00:00+02:00,2025-09-25 05:00:00+02:00,2025,77.33,77.33,77.33
2026-09-25 06:00:00+02:00,2025-09-25 06:00:00+02:00,2025,108.55,108.55,108.55
2026-09-25 07:00:00+02:00,2025-09-25 07:00:00+02:00,2025,124.26,124.26,124.26
2026-09-25 08:00:00+02:00,2025-09-25 08:00:00+02:00,2025,124.99,124.99,124.99
2026-09-25 09:00:00+02:00,2025-09-25 09:00:00+02:00,2025,104.88,104.88,104.88
2026-09-25 10:00:00+02:00,2025-09-25 10:00:00+02:00,2025,77.95,77.95,77.95
2026-09-25 11:00:00+02:00,2025-09-25 11:00:00+02:00,2025,69.24,69.24,69.24
2026-09-25 12:00:00+02:00,2025-09-25 12:00:00+02:00,2025,38.18,38.18,38.18
2026-09-25 13:00:00+02:00,2025-09-25 13:00:00+02:00,2025,16.03,16.03,16.03
2026-09-25 14:00:00+02:00,2025-09-25 14:00:00+02:00,2025,20.1,20.1,20.1
2026-09-25 15:00:00+02:00,2025-09-25 15:00:00+02:00,2025,43.66,43.66,43.66
2026-09-25 16:00:00+02:00,2025-09-25 16:00:00+02:00,2025,75.0,75.0,75.0
2026-09-25 17:00:00+02:00,2025-09-25 17:00:00+02:00,2025,88.79,88.79,88.79
2026-09-25 18:00:00+02:00,2025-09-25 18:00:00+02:00,2025,117.04,117.04,117.04
2026-09-25 19:00:00+02:00,2025-09-25 19:00:00+02:00,2025,121.47,121.47,121.47
2026-09-25 20:00:00+02:00,2025-09-25 20:00:00+02:00,2025,123.75,123.75,123.75
2026-09-25 21:00:00+02:00,2025-09-25 21:00:00+02:00,2025,105.83,105.83,105.83
2026-09-25 22:00:00+02:00,2025-09-25 22:00:00+02:00,2025,94.77,94.77,94.77
2026-09-25 23:00:00+02:00,2025-09-25 23:00:00+02:00,2025,81.09,81.09,81.09
2026-09-26 00:00:00+02:00,2025-09-26 00:00:00+02:00,2025,78.48,78.48,78.48
2026-09-26 01:00:00+02:00,2025-09-26 01:00:00+02:00,2025,75.0,75.0,75.0
2026-09-26 02:00:00+02:00,2025-09-26 02:00:00+02:00,2025,73.17,73.17,73.17
2026-09-26 03:00:00+02:00,2025-09-26 03:00:00+02:00,2025,73.18,73.18,73.18
2026-09-26 04:00:00+02:00,2025-09-26 04:00:00+02:00,2025,74.93,74.93,74.93
2026-09-26 05:00:00+02:00,2025-09-26 05:00:00+02:00,2025,82.0,82.0,82.0
2026-09-26 06:00:00+02:00,2025-09-26 06:00:00+02:00,2025,107.74,107.74,107.74
2026-09-26 07:00:00+02:00,2025-09-26 07:00:00+02:00,2025,120.33,120.33,120.33
2026-09-26 08:00:00+02:00,2025-09-26 08:00:00+02:00,2025,123.56,123.56,123.56
2026-09-26 09:00:00+02:00,2025-09-26 09:00:00+02:00,2025,110.41,110.41,110.41
2026-09-26 10:00:00+02:00,2025-09-26 10:00:00+02:00,2025,89.84,89.84,89.84
2026-09-26 11:00:00+02:00,2025-09-26 11:00:00+02:00,2025,85.36,85.36,85.36
2026-09-26 12:00:00+02:00,2025-09-26 12:00:00+02:00,2025,78.96,78.96,78.96
2026-09-26 13:00:00+02:00,2025-09-26 13:00:00+02:00,2025,73.16,73.16,73.16
2026-09-26 14:00:00+02:00,2025-09-26 14:00:00+02:00,2025,75.05,75.05,75.05
2026-09-26 15:00:00+02:00,2025-09-26 15:00:00+02:00,2025,79.99,79.99,79.99
2026-09-26 16:00:00+02:00,2025-09-26 16:00:00+02:00,2025,98.81,98.81,98.81
2026-09-26 17:00:00+02:00,2025-09-26 17:00:00+02:00,2025,109.8,109.8,109.8
2026-09-26 18:00:00+02:00,2025-09-26 18:00:00+02:00,2025,123.65,123.65,123.65
2026-09-26 19:00:00+02:00,2025-09-26 19:00:00+02:00,2025,133.02,133.02,133.02
2026-09-26 20:00:00+02:00,2025-09-26 20:00:00+02:00,2025,119.61,119.61,119.61
2026-09-26 21:00:00+02:00,2025-09-26 21:00:00+02:00,2025,106.21,106.21,106.21
2026-09-26 22:00:00+02:00,2025-09-26 22:00:00+02:00,2025,96.9,96.9,96.9
2026-09-26 23:00:00+02:00,2025-09-26 23:00:00+02:00,2025,89.9,89.9,89.9
2026-09-27 00:00:00+02:00,2025-09-27 00:00:00+02:00,2025,84.99,84.99,84.99
2026-09-27 01:00:00+02:00,2025-09-27 01:00:00+02:00,2025,83.26,83.26,83.26
2026-09-27 02:00:00+02:00,2025-09-27 02:00:00+02:00,2025,82.7,82.7,82.7
2026-09-27 03:00:00+02:00,2025-09-27 03:00:00+02:00,2025,82.51,82.51,82.51
2026-09-27 04:00:00+02:00,2025-09-27 04:00:00+02:00,2025,85.28,85.28,85.28
2026-09-27 05:00:00+02:00,2025-09-27 05:00:00+02:00,2025,89.19,89.19,89.19
2026-09-27 06:00:00+02:00,2025-09-27 06:00:00+02:00,2025,90.57,90.57,90.57
2026-09-27 07:00:00+02:00,2025-09-27 07:00:00+02:00,2025,105.45,105.45,105.45
2026-09-27 08:00:00+02:00,2025-09-27 08:00:00+02:00,2025,109.71,109.71,109.71
2026-09-27 09:00:00+02:00,2025-09-27 09:00:00+02:00,2025,96.92,96.92,96.92
2026-09-27 10:00:00+02:00,2025-09-27 10:00:00+02:00,2025,87.86,87.86,87.86
2026-09-27 11:00:00+02:00,2025-09-27 11:00:00+02:00,2025,75.0,75.0,75.0
2026-09-27 12:00:00+02:00,2025-09-27 12:00:00+02:00,2025,59.77,59.77,59.77
2026-09-27 13:00:00+02:00,2025-09-27 13:00:00+02:00,2025,36.11,36.11,36.11
2026-09-27 14:00:00+02:00,2025-09-27 14:00:00+02:00,2025,48.54,48.54,48.54
2026-09-27 15:00:00+02:00,2025-09-27 15:00:00+02:00,2025,78.22,78.22,78.22
2026-09-27 16:00:00+02:00,2025-09-27 16:00:00+02:00,2025,93.1,93.1,93.1
2026-09-27 17:00:00+02:00,2025-09-27 17:00:00+02:00,2025,112.01,112.01,112.01
2026-09-27 18:00:00+02:00,2025-09-27 18:00:00+02:00,2025,133.35,133.35,133.35
2026-09-27 19:00:00+02:00,2025-09-27 19:00:00+02:00,2025,148.61,148.61,148.61
2026-09-27 20:00:00+02:00,2025-09-27 20:00:00+02:00,2025,122.53,122.53,122.53
2026-09-27 21:00:00+02:00,2025-09-27 21:00:00+02:00,2025,114.4,114.4,114.4
2026-09-27 22:00:00+02:00,2025-09-27 22:00:00+02:00,2025,107.56,107.56,107.56
2026-09-27 23:00:00+02:00,2025-09-27 23:00:00+02:00,2025,99.54,99.54,99.54
2026-09-28 00:00:00+02:00,2025-09-28 00:00:00+02:00,2025,97.56,97.56,97.56
2026-09-28 01:00:00+02:00,2025-09-28 01:00:00+02:00,2025,95.31,95.31,95.31
2026-09-28 02:00:00+02:00,2025-09-28 02:00:00+02:00,2025,94.32,94.32,94.32
2026-09-28 03:00:00+02:00,2025-09-28 03:00:00+02:00,2025,91.47,91.47,91.47
2026-09-28 04:00:00+02:00,2025-09-28 04:00:00+02:00,2025,97.77,97.77,97.77
2026-09-28 05:00:00+02:00,2025-09-28 05:00:00+02:00,2025,97.58,97.58,97.58
2026-09-28 06:00:00+02:00,2025-09-28 06:00:00+02:00,2025,100.91,100.91,100.91
2026-09-28 07:00:00+02:00,2025-09-28 07:00:00+02:00,2025,105.79,105.79,105.79
2026-09-28 08:00:00+02:00,2025-09-28 08:00:00+02:00,2025,98.77,98.77,98.77
2026-09-28 09:00:00+02:00,2025-09-28 09:00:00+02:00,2025,95.04,95.04,95.04
2026-09-28 10:00:00+02:00,2025-09-28 10:00:00+02:00,2025,82.08,82.08,82.08
2026-09-28 11:00:00+02:00,2025-09-28 11:00:00+02:00,2025,37.47,37.47,37.47
2026-09-28 12:00:00+02:00,2025-09-28 12:00:00+02:00,2025,17.11,17.11,17.11
2026-09-28 13:00:00+02:00,2025-09-28 13:00:00+02:00,2025,8.53,8.53,8.53
2026-09-28 14:00:00+02:00,2025-09-28 14:00:00+02:00,2025,13.0,13.0,13.0
2026-09-28 15:00:00+02:00,2025-09-28 15:00:00+02:00,2025,61.33,61.33,61.33
2026-09-28 16:00:00+02:00,2025-09-28 16:00:00+02:00,2025,86.0,86.0,86.0
2026-09-28 17:00:00+02:00,2025-09-28 17:00:00+02:00,2025,105.89,105.89,105.89
2026-09-28 18:00:00+02:00,2025-09-28 18:00:00+02:00,2025,131.02,131.02,131.02
2026-09-28 19:00:00+02:00,2025-09-28 19:00:00+02:00,2025,137.97,137.97,137.97
2026-09-28 20:00:00+02:00,2025-09-28 20:00:00+02:00,2025,125.93,125.93,125.93
2026-09-28 21:00:00+02:00,2025-09-28 21:00:00+02:00,2025,113.51,113.51,113.51
2026-09-28 22:00:00+02:00,2025-09-28 22:00:00+02:00,2025,102.29,102.29,102.29
2026-09-28 23:00:00+02:00,2025-09-28 23:00:00+02:00,2025,95.74,95.74,95.74
2026-09-29 00:00:00+02:00,2025-09-29 00:00:00+02:00,2025,90.95,90.95,90.95
2026-09-29 01:00:00+02:00,2025-09-29 01:00:00+02:00,2025,88.76,88.76,88.76
2026-09-29 02:00:00+02:00,2025-09-29 02:00:00+02:00,2025,87.88,87.88,87.88
2026-09-29 03:00:00+02:00,2025-09-29 03:00:00+02:00,2025,87.94,87.94,87.94
2026-09-29 04:00:00+02:00,2025-09-29 04:00:00+02:00,2025,88.31,88.31,88.31
2026-09-29 05:00:00+02:00,2025-09-29 05:00:00+02:00,2025,98.37,98.37,98.37
2026-09-29 06:00:00+02:00,2025-09-29 06:00:00+02:00,2025,134.98,134.98,134.98
2026-09-29 07:00:00+02:00,2025-09-29 07:00:00+02:00,2025,222.1,222.1,222.1
2026-09-29 08:00:00+02:00,2025-09-29 08:00:00+02:00,2025,166.91,166.91,166.91
2026-09-29 09:00:00+02:00,2025-09-29 09:00:00+02:00,2025,122.06,122.06,122.06
2026-09-29 10:00:00+02:00,2025-09-29 10:00:00+02:00,2025,90.21,90.21,90.21
2026-09-29 11:00:00+02:00,2025-09-29 11:00:00+02:00,2025,84.95,84.95,84.95
2026-09-29 12:00:00+02:00,2025-09-29 12:00:00+02:00,2025,78.71,78.71,78.71
2026-09-29 13:00:00+02:00,2025-09-29 13:00:00+02:00,2025,77.08,77.08,77.08
2026-09-29 14:00:00+02:00,2025-09-29 14:00:00+02:00,2025,83.33,83.33,83.33
2026-09-29 15:00:00+02:00,2025-09-29 15:00:00+02:00,2025,87.4,87.4,87.4
2026-09-29 16:00:00+02:00,2025-09-29 16:00:00+02:00,2025,99.98,99.98,99.98
2026-09-29 17:00:00+02:00,2025-09-29 17:00:00+02:00,2025,140.79,140.79,140.79
2026-09-29 18:00:00+02:00,2025-09-29 18:00:00+02:00,2025,302.65,302.65,302.65
2026-09-29 19:00:00+02:00,2025-09-29 19:00:00+02:00,2025,406.78,406.78,406.78
2026-09-29 20:00:00+02:00,2025-09-29 20:00:00+02:00,2025,167.6,167.6,167.6
2026-09-29 21:00:00+02:00,2025-09-29 21:00:00+02:00,2025,123.85,123.85,123.85
2026-09-29 22:00:00+02:00,2025-09-29 22:00:00+02:00,2025,108.3,108.3,108.3
2026-09-29 23:00:00+02:00,2025-09-29 23:00:00+02:00,2025,93.68,93.68,93.68
2026-09-30 00:00:00+02:00,2025-09-30 00:00:00+02:00,2025,101.1,101.1,101.1
2026-09-30 01:00:00+02:00,2025-09-30 01:00:00+02:00,2025,98.43,98.43,98.43
2026-09-30 02:00:00+02:00,2025-09-30 02:00:00+02:00,2025,98.93,98.93,98.93
2026-09-30 03:00:00+02:00,2025-09-30 03:00:00+02:00,2025,94.99,94.99,94.99
2026-09-30 04:00:00+02:00,2025-09-30 04:00:00+02:00,2025,99.12,99.12,99.12
2026-09-30 05:00:00+02:00,2025-09-30 05:00:00+02:00,2025,112.08,112.08,112.08
2026-09-30 06:00:00+02:00,2025-09-30 06:00:00+02:00,2025,141.86,141.86,141.86
2026-09-30 07:00:00+02:00,2025-09-30 07:00:00+02:00,2025,244.0,244.0,244.0
2026-09-30 08:00:00+02:00,2025-09-30 08:00:00+02:00,2025,209.23,209.23,209.23
2026-09-30 09:00:00+02:00,2025-09-30 09:00:00+02:00,2025,141.85,141.85,141.85
2026-09-30 10:00:00+02:00,2025-09-30 10:00:00+02:00,2025,115.2,115.2,115.2
2026-09-30 11:00:00+02:00,2025-09-30 11:00:00+02:00,2025,96.72,96.72,96.72
2026-09-30 12:00:00+02:00,2025-09-30 12:00:00+02:00,2025,87.91,87.91,87.91
2026-09-30 13:00:00+02:00,2025-09-30 13:00:00+02:00,2025,86.04,86.04,86.04
2026-09-30 14:00:00+02:00,2025-09-30 14:00:00+02:00,2025,87.26,87.26,87.26
2026-09-30 15:00:00+02:00,2025-09-30 15:00:00+02:00,2025,96.8,96.8,96.8
2026-09-30 16:00:00+02:00,2025-09-30 16:00:00+02:00,2025,104.03,104.03,104.03
2026-09-30 17:00:00+02:00,2025-09-30 17:00:00+02:00,2025,142.64,142.64,142.64
2026-09-30 18:00:00+02:00,2025-09-30 18:00:00+02:00,2025,294.54,294.54,294.54
2026-09-30 19:00:00+02:00,2025-09-30 19:00:00+02:00,2025,357.77,357.77,357.77
2026-09-30 20:00:00+02:00,2025-09-30 20:00:00+02:00,2025,147.28,147.28,147.28
2026-09-30 21:00:00+02:00,2025-09-30 21:00:00+02:00,2025,116.04,116.04,116.04
2026-09-30 22:00:00+02:00,2025-09-30 22:00:00+02:00,2025,101.63,101.63,101.63
2026-09-30 23:00:00+02:00,2025-09-30 23:00:00+02:00,2025,92.54,92.54,92.54
2026-10-01 00:00:00+02:00,2025-10-01 00:00:00+02:00,2025,91.57,91.57,91.57
2026-10-01 01:00:00+02:00,2025-10-01 01:00:00+02:00,2025,86.29,86.29,86.29
2026-10-01 02:00:00+02:00,2025-10-01 02:00:00+02:00,2025,84.87,84.87,84.87
2026-10-01 03:00:00+02:00,2025-10-01 03:00:00+02:00,2025,88.33,88.33,88.33
2026-10-01 04:00:00+02:00,2025-10-01 04:00:00+02:00,2025,87.66,87.66,87.66
2026-10-01 05:00:00+02:00,2025-10-01 05:00:00+02:00,2025,95.33,95.33,95.33
2026-10-01 06:00:00+02:00,2025-10-01 06:00:00+02:00,2025,124.96,124.96,124.96
2026-10-01 07:00:00+02:00,2025-10-01 07:00:00+02:00,2025,173.3,173.3,173.3
2026-10-01 08:00:00+02:00,2025-10-01 08:00:00+02:00,2025,139.09,139.09,139.09
2026-10-01 09:00:00+02:00,2025-10-01 09:00:00+02:00,2025,105.25,105.25,105.25
2026-10-01 10:00:00+02:00,2025-10-01 10:00:00+02:00,2025,86.04,86.04,86.04
2026-10-01 11:00:00+02:00,2025-10-01 11:00:00+02:00,2025,70.57,70.57,70.57
2026-10-01 12:00:00+02:00,2025-10-01 12:00:00+02:00,2025,66.03,66.03,66.03
2026-10-01 13:00:00+02:00,2025-10-01 13:00:00+02:00,2025,68.4,68.4,68.4
2026-10-01 14:00:00+02:00,2025-10-01 14:00:00+02:00,2025,72.63,72.63,72.63
2026-10-01 15:00:00+02:00,2025-10-01 15:00:00+02:00,2025,81.72,81.72,81.72
2026-10-01 16:00:00+02:00,2025-10-01 16:00:00+02:00,2025,92.87,92.87,92.87
2026-10-01 17:00:00+02:00,2025-10-01 17:00:00+02:00,2025,135.4,135.4,135.4
2026-10-01 18:00:00+02:00,2025-10-01 18:00:00+02:00,2025,253.24,253.24,253.24
2026-10-01 19:00:00+02:00,2025-10-01 19:00:00+02:00,2025,339.99,339.99,339.99
2026-10-01 20:00:00+02:00,2025-10-01 20:00:00+02:00,2025,152.02,152.02,152.02
2026-10-01 21:00:00+02:00,2025-10-01 21:00:00+02:00,2025,113.04,113.04,113.04
2026-10-01 22:00:00+02:00,2025-10-01 22:00:00+02:00,2025,98.51,98.51,98.51
2026-10-01 23:00:00+02:00,2025-10-01 23:00:00+02:00,2025,90.65,90.65,90.65
2026-10-02 00:00:00+02:00,2025-10-02 00:00:00+02:00,2025,90.8,90.8,90.8
2026-10-02 01:00:00+02:00,2025-10-02 01:00:00+02:00,2025,88.0,88.0,88.0
2026-10-02 02:00:00+02:00,2025-10-02 02:00:00+02:00,2025,86.52,86.52,86.52
2026-10-02 03:00:00+02:00,2025-10-02 03:00:00+02:00,2025,88.56,88.56,88.56
2026-10-02 04:00:00+02:00,2025-10-02 04:00:00+02:00,2025,90.81,90.81,90.81
2026-10-02 05:00:00+02:00,2025-10-02 05:00:00+02:00,2025,95.97,95.97,95.97
2026-10-02 06:00:00+02:00,2025-10-02 06:00:00+02:00,2025,128.72,128.72,128.72
2026-10-02 07:00:00+02:00,2025-10-02 07:00:00+02:00,2025,181.09,181.09,181.09
2026-10-02 08:00:00+02:00,2025-10-02 08:00:00+02:00,2025,136.68,136.68,136.68
2026-10-02 09:00:00+02:00,2025-10-02 09:00:00+02:00,2025,100.51,100.51,100.51
2026-10-02 10:00:00+02:00,2025-10-02 10:00:00+02:00,2025,91.48,91.48,91.48
2026-10-02 11:00:00+02:00,2025-10-02 11:00:00+02:00,2025,78.29,78.29,78.29
2026-10-02 12:00:00+02:00,2025-10-02 12:00:00+02:00,2025,65.77,65.77,65.77
2026-10-02 13:00:00+02:00,2025-10-02 13:00:00+02:00,2025,60.5,60.5,60.5
2026-10-02 14:00:00+02:00,2025-10-02 14:00:00+02:00,2025,71.29,71.29,71.29
2026-10-02 15:00:00+02:00,2025-10-02 15:00:00+02:00,2025,80.66,80.66,80.66
2026-10-02 16:00:00+02:00,2025-10-02 16:00:00+02:00,2025,91.45,91.45,91.45
2026-10-02 17:00:00+02:00,2025-10-02 17:00:00+02:00,2025,113.32,113.32,113.32
2026-10-02 18:00:00+02:00,2025-10-02 18:00:00+02:00,2025,167.93,167.93,167.93
2026-10-02 19:00:00+02:00,2025-10-02 19:00:00+02:00,2025,176.84,176.84,176.84
2026-10-02 20:00:00+02:00,2025-10-02 20:00:00+02:00,2025,109.92,109.92,109.92
2026-10-02 21:00:00+02:00,2025-10-02 21:00:00+02:00,2025,90.85,90.85,90.85
2026-10-02 22:00:00+02:00,2025-10-02 22:00:00+02:00,2025,96.66,96.66,96.66
2026-10-02 23:00:00+02:00,2025-10-02 23:00:00+02:00,2025,82.09,82.09,82.09
2026-10-03 00:00:00+02:00,2025-10-03 00:00:00+02:00,2025,85.93,85.93,85.93
2026-10-03 01:00:00+02:00,2025-10-03 01:00:00+02:00,2025,77.14,77.14,77.14
2026-10-03 02:00:00+02:00,2025-10-03 02:00:00+02:00,2025,71.75,71.75,71.75
2026-10-03 03:00:00+02:00,2025-10-03 03:00:00+02:00,2025,73.91,73.91,73.91
2026-10-03 04:00:00+02:00,2025-10-03 04:00:00+02:00,2025,76.29,76.29,76.29
2026-10-03 05:00:00+02:00,2025-10-03 05:00:00+02:00,2025,77.98,77.98,77.98
2026-10-03 06:00:00+02:00,2025-10-03 06:00:00+02:00,2025,93.78,93.78,93.78
2026-10-03 07:00:00+02:00,2025-10-03 07:00:00+02:00,2025,100.42,100.42,100.42
2026-10-03 08:00:00+02:00,2025-10-03 08:00:00+02:00,2025,103.68,103.68,103.68
2026-10-03 09:00:00+02:00,2025-10-03 09:00:00+02:00,2025,83.9,83.9,83.9
2026-10-03 10:00:00+02:00,2025-10-03 10:00:00+02:00,2025,60.0,60.0,60.0
2026-10-03 11:00:00+02:00,2025-10-03 11:00:00+02:00,2025,40.5,40.5,40.5
2026-10-03 12:00:00+02:00,2025-10-03 12:00:00+02:00,2025,26.35,26.35,26.35
2026-10-03 13:00:00+02:00,2025-10-03 13:00:00+02:00,2025,16.5,16.5,16.5
2026-10-03 14:00:00+02:00,2025-10-03 14:00:00+02:00,2025,26.2,26.2,26.2
2026-10-03 15:00:00+02:00,2025-10-03 15:00:00+02:00,2025,49.88,49.88,49.88
2026-10-03 16:00:00+02:00,2025-10-03 16:00:00+02:00,2025,63.39,63.39,63.39
2026-10-03 17:00:00+02:00,2025-10-03 17:00:00+02:00,2025,89.9,89.9,89.9
2026-10-03 18:00:00+02:00,2025-10-03 18:00:00+02:00,2025,120.76,120.76,120.76
2026-10-03 19:00:00+02:00,2025-10-03 19:00:00+02:00,2025,109.01,109.01,109.01
2026-10-03 20:00:00+02:00,2025-10-03 20:00:00+02:00,2025,75.04,75.04,75.04
2026-10-03 21:00:00+02:00,2025-10-03 21:00:00+02:00,2025,43.44,43.44,43.44
2026-10-03 22:00:00+02:00,2025-10-03 22:00:00+02:00,2025,25.4,25.4,25.4
2026-10-03 23:00:00+02:00,2025-10-03 23:00:00+02:00,2025,11.11,11.11,11.11
2026-10-04 00:00:00+02:00,2025-10-04 00:00:00+02:00,2025,0.73,0.73,0.73
2026-10-04 01:00:00+02:00,2025-10-04 01:00:00+02:00,2025,-0.01,-0.01,-0.01
2026-10-04 02:00:00+02:00,2025-10-04 02:00:00+02:00,2025,-0.04,-0.04,-0.04
2026-10-04 03:00:00+02:00,2025-10-04 03:00:00+02:00,2025,-0.1,-0.1,-0.1
2026-10-04 04:00:00+02:00,2025-10-04 04:00:00+02:00,2025,-1.13,-1.13,-1.13
2026-10-04 05:00:00+02:00,2025-10-04 05:00:00+02:00,2025,-1.91,-1.91,-1.91
2026-10-04 06:00:00+02:00,2025-10-04 06:00:00+02:00,2025,-1.92,-1.92,-1.92
2026-10-04 07:00:00+02:00,2025-10-04 07:00:00+02:00,2025,-0.78,-0.78,-0.78
2026-10-04 08:00:00+02:00,2025-10-04 08:00:00+02:00,2025,-0.3,-0.3,-0.3
2026-10-04 09:00:00+02:00,2025-10-04 09:00:00+02:00,2025,-0.16,-0.16,-0.16
2026-10-04 10:00:00+02:00,2025-10-04 10:00:00+02:00,2025,-0.09,-0.09,-0.09
2026-10-04 11:00:00+02:00,2025-10-04 11:00:00+02:00,2025,-0.1,-0.1,-0.1
2026-10-04 12:00:00+02:00,2025-10-04 12:00:00+02:00,2025,-0.08,-0.08,-0.08
2026-10-04 13:00:00+02:00,2025-10-04 13:00:00+02:00,2025,-0.44,-0.44,-0.44
2026-10-04 14:00:00+02:00,2025-10-04 14:00:00+02:00,2025,-2.05,-2.05,-2.05
2026-10-04 15:00:00+02:00,2025-10-04 15:00:00+02:00,2025,-2.61,-2.61,-2.61
2026-10-04 16:00:00+02:00,2025-10-04 16:00:00+02:00,2025,-0.1,-0.1,-0.1
2026-10-04 17:00:00+02:00,2025-10-04 17:00:00+02:00,2025,-0.09,-0.09,-0.09
2026-10-04 18:00:00+02:00,2025-10-04 18:00:00+02:00,2025,1.11,1.11,1.11
2026-10-04 19:00:00+02:00,2025-10-04 19:00:00+02:00,2025,3.23,3.23,3.23
2026-10-04 20:00:00+02:00,2025-10-04 20:00:00+02:00,2025,0.32,0.32,0.32
2026-10-04 21:00:00+02:00,2025-10-04 21:00:00+02:00,2025,-0.09,-0.09,-0.09
2026-10-04 22:00:00+02:00,2025-10-04 22:00:00+02:00,2025,-0.05,-0.05,-0.05
2026-10-04 23:00:00+02:00,2025-10-04 23:00:00+02:00,2025,-0.34,-0.34,-0.34
2026-10-05 00:00:00+02:00,2025-10-05 00:00:00+02:00,2025,-0.75,-0.75,-0.75
2026-10-05 01:00:00+02:00,2025-10-05 01:00:00+02:00,2025,-1.4,-1.4,-1.4
2026-10-05 02:00:00+02:00,2025-10-05 02:00:00+02:00,2025,-4.19,-4.19,-4.19
2026-10-05 03:00:00+02:00,2025-10-05 03:00:00+02:00,2025,-4.38,-4.38,-4.38
2026-10-05 04:00:00+02:00,2025-10-05 04:00:00+02:00,2025,-4.98,-4.98,-4.98
2026-10-05 05:00:00+02:00,2025-10-05 05:00:00+02:00,2025,-4.46,-4.46,-4.46
2026-10-05 06:00:00+02:00,2025-10-05 06:00:00+02:00,2025,-3.76,-3.76,-3.76
2026-10-05 07:00:00+02:00,2025-10-05 07:00:00+02:00,2025,-1.51,-1.51,-1.51
2026-10-05 08:00:00+02:00,2025-10-05 08:00:00+02:00,2025,-0.09,-0.09,-0.09
2026-10-05 09:00:00+02:00,2025-10-05 09:00:00+02:00,2025,-1.39,-1.39,-1.39
2026-10-05 10:00:00+02:00,2025-10-05 10:00:00+02:00,2025,-3.33,-3.33,-3.33
2026-10-05 11:00:00+02:00,2025-10-05 11:00:00+02:00,2025,-2.02,-2.02,-2.02
2026-10-05 12:00:00+02:00,2025-10-05 12:00:00+02:00,2025,-3.42,-3.42,-3.42
2026-10-05 13:00:00+02:00,2025-10-05 13:00:00+02:00,2025,-3.39,-3.39,-3.39
2026-10-05 14:00:00+02:00,2025-10-05 14:00:00+02:00,2025,-2.94,-2.94,-2.94
2026-10-05 15:00:00+02:00,2025-10-05 15:00:00+02:00,2025,-2.39,-2.39,-2.39
2026-10-05 16:00:00+02:00,2025-10-05 16:00:00+02:00,2025,-0.69,-0.69,-0.69
2026-10-05 17:00:00+02:00,2025-10-05 17:00:00+02:00,2025,0.85,0.85,0.85
2026-10-05 18:00:00+02:00,2025-10-05 18:00:00+02:00,2025,16.08,16.08,16.08
2026-10-05 19:00:00+02:00,2025-10-05 19:00:00+02:00,2025,35.05,35.05,35.05
2026-10-05 20:00:00+02:00,2025-10-05 20:00:00+02:00,2025,19.83,19.83,19.83
2026-10-05 21:00:00+02:00,2025-10-05 21:00:00+02:00,2025,5.48,5.48,5.48
2026-10-05 22:00:00+02:00,2025-10-05 22:00:00+02:00,2025,5.2,5.2,5.2
2026-10-05 23:00:00+02:00,2025-10-05 23:00:00+02:00,2025,4.08,4.08,4.08
2026-10-06 00:00:00+02:00,2025-10-06 00:00:00+02:00,2025,20.85,20.85,20.85
2026-10-06 01:00:00+02:00,2025-10-06 01:00:00+02:00,2025,10.05,10.05,10.05
2026-10-06 02:00:00+02:00,2025-10-06 02:00:00+02:00,2025,9.1,9.1,9.1
2026-10-06 03:00:00+02:00,2025-10-06 03:00:00+02:00,2025,10.73,10.73,10.73
2026-10-06 04:00:00+02:00,2025-10-06 04:00:00+02:00,2025,16.8,16.8,16.8
2026-10-06 05:00:00+02:00,2025-10-06 05:00:00+02:00,2025,22.6,22.6,22.6
2026-10-06 06:00:00+02:00,2025-10-06 06:00:00+02:00,2025,68.59,68.59,68.59
2026-10-06 07:00:00+02:00,2025-10-06 07:00:00+02:00,2025,105.05,105.05,105.05
2026-10-06 08:00:00+02:00,2025-10-06 08:00:00+02:00,2025,121.77,121.77,121.77
2026-10-06 09:00:00+02:00,2025-10-06 09:00:00+02:00,2025,121.12,121.12,121.12
2026-10-06 10:00:00+02:00,2025-10-06 10:00:00+02:00,2025,100.53,100.53,100.53
2026-10-06 11:00:00+02:00,2025-10-06 11:00:00+02:00,2025,89.3,89.3,89.3
2026-10-06 12:00:00+02:00,2025-10-06 12:00:00+02:00,2025,87.33,87.33,87.33
2026-10-06 13:00:00+02:00,2025-10-06 13:00:00+02:00,2025,84.6,84.6,84.6
2026-10-06 14:00:00+02:00,2025-10-06 14:00:00+02:00,2025,92.33,92.33,92.33
2026-10-06 15:00:00+02:00,2025-10-06 15:00:00+02:00,2025,94.55,94.55,94.55
2026-10-06 16:00:00+02:00,2025-10-06 16:00:00+02:00,2025,104.77,104.77,104.77
2026-10-06 17:00:00+02:00,2025-10-06 17:00:00+02:00,2025,120.29,120.29,120.29
2026-10-06 18:00:00+02:00,2025-10-06 18:00:00+02:00,2025,141.59,141.59,141.59
2026-10-06 19:00:00+02:00,2025-10-06 19:00:00+02:00,2025,168.32,168.32,168.32
2026-10-06 20:00:00+02:00,2025-10-06 20:00:00+02:00,2025,133.68,133.68,133.68
2026-10-06 21:00:00+02:00,2025-10-06 21:00:00+02:00,2025,120.2,120.2,120.2
2026-10-06 22:00:00+02:00,2025-10-06 22:00:00+02:00,2025,118.66,118.66,118.66
2026-10-06 23:00:00+02:00,2025-10-06 23:00:00+02:00,2025,105.5,105.5,105.5
2026-10-07 00:00:00+02:00,2025-10-07 00:00:00+02:00,2025,100.26,100.26,100.26
2026-10-07 01:00:00+02:00,2025-10-07 01:00:00+02:00,2025,93.99,93.99,93.99
2026-10-07 02:00:00+02:00,2025-10-07 02:00:00+02:00,2025,89.82,89.82,89.82
2026-10-07 03:00:00+02:00,2025-10-07 03:00:00+02:00,2025,89.55,89.55,89.55
2026-10-07 04:00:00+02:00,2025-10-07 04:00:00+02:00,2025,92.98,92.98,92.98
2026-10-07 05:00:00+02:00,2025-10-07 05:00:00+02:00,2025,96.74,96.74,96.74
2026-10-07 06:00:00+02:00,2025-10-07 06:00:00+02:00,2025,134.89,134.89,134.89
2026-10-07 07:00:00+02:00,2025-10-07 07:00:00+02:00,2025,228.56,228.56,228.56
2026-10-07 08:00:00+02:00,2025-10-07 08:00:00+02:00,2025,287.67,287.67,287.67
2026-10-07 09:00:00+02:00,2025-10-07 09:00:00+02:00,2025,212.18,212.18,212.18
2026-10-07 10:00:00+02:00,2025-10-07 10:00:00+02:00,2025,154.66,154.66,154.66
2026-10-07 11:00:00+02:00,2025-10-07 11:00:00+02:00,2025,129.91,129.91,129.91
2026-10-07 12:00:00+02:00,2025-10-07 12:00:00+02:00,2025,110.94,110.94,110.94
2026-10-07 13:00:00+02:00,2025-10-07 13:00:00+02:00,2025,106.18,106.18,106.18
2026-10-07 14:00:00+02:00,2025-10-07 14:00:00+02:00,2025,105.35,105.35,105.35
2026-10-07 15:00:00+02:00,2025-10-07 15:00:00+02:00,2025,113.16,113.16,113.16
2026-10-07 16:00:00+02:00,2025-10-07 16:00:00+02:00,2025,122.1,122.1,122.1
2026-10-07 17:00:00+02:00,2025-10-07 17:00:00+02:00,2025,151.84,151.84,151.84
2026-10-07 18:00:00+02:00,2025-10-07 18:00:00+02:00,2025,202.42,202.42,202.42
2026-10-07 19:00:00+02:00,2025-10-07 19:00:00+02:00,2025,213.28,213.28,213.28
2026-10-07 20:00:00+02:00,2025-10-07 20:00:00+02:00,2025,146.34,146.34,146.34
2026-10-07 21:00:00+02:00,2025-10-07 21:00:00+02:00,2025,123.24,123.24,123.24
2026-10-07 22:00:00+02:00,2025-10-07 22:00:00+02:00,2025,107.42,107.42,107.42
2026-10-07 23:00:00+02:00,2025-10-07 23:00:00+02:00,2025,97.48,97.48,97.48
2026-10-08 00:00:00+02:00,2025-10-08 00:00:00+02:00,2025,93.45,93.45,93.45
2026-10-08 01:00:00+02:00,2025-10-08 01:00:00+02:00,2025,88.44,88.44,88.44
2026-10-08 02:00:00+02:00,2025-10-08 02:00:00+02:00,2025,87.56,87.56,87.56
2026-10-08 03:00:00+02:00,2025-10-08 03:00:00+02:00,2025,86.98,86.98,86.98
2026-10-08 04:00:00+02:00,2025-10-08 04:00:00+02:00,2025,89.67,89.67,89.67
2026-10-08 05:00:00+02:00,2025-10-08 05:00:00+02:00,2025,97.39,97.39,97.39
2026-10-08 06:00:00+02:00,2025-10-08 06:00:00+02:00,2025,117.11,117.11,117.11
2026-10-08 07:00:00+02:00,2025-10-08 07:00:00+02:00,2025,155.58,155.58,155.58
2026-10-08 08:00:00+02:00,2025-10-08 08:00:00+02:00,2025,166.4,166.4,166.4
2026-10-08 09:00:00+02:00,2025-10-08 09:00:00+02:00,2025,135.18,135.18,135.18
2026-10-08 10:00:00+02:00,2025-10-08 10:00:00+02:00,2025,118.45,118.45,118.45
2026-10-08 11:00:00+02:00,2025-10-08 11:00:00+02:00,2025,103.33,103.33,103.33
2026-10-08 12:00:00+02:00,2025-10-08 12:00:00+02:00,2025,90.82,90.82,90.82
2026-10-08 13:00:00+02:00,2025-10-08 13:00:00+02:00,2025,89.34,89.34,89.34
2026-10-08 14:00:00+02:00,2025-10-08 14:00:00+02:00,2025,90.44,90.44,90.44
2026-10-08 15:00:00+02:00,2025-10-08 15:00:00+02:00,2025,99.43,99.43,99.43
2026-10-08 16:00:00+02:00,2025-10-08 16:00:00+02:00,2025,117.47,117.47,117.47
2026-10-08 17:00:00+02:00,2025-10-08 17:00:00+02:00,2025,149.48,149.48,149.48
2026-10-08 18:00:00+02:00,2025-10-08 18:00:00+02:00,2025,183.81,183.81,183.81
2026-10-08 19:00:00+02:00,2025-10-08 19:00:00+02:00,2025,199.0,199.0,199.0
2026-10-08 20:00:00+02:00,2025-10-08 20:00:00+02:00,2025,141.7,141.7,141.7
2026-10-08 21:00:00+02:00,2025-10-08 21:00:00+02:00,2025,114.74,114.74,114.74
2026-10-08 22:00:00+02:00,2025-10-08 22:00:00+02:00,2025,108.24,108.24,108.24
2026-10-08 23:00:00+02:00,2025-10-08 23:00:00+02:00,2025,97.83,97.83,97.83
2026-10-09 00:00:00+02:00,2025-10-09 00:00:00+02:00,2025,97.22,97.22,97.22
2026-10-09 01:00:00+02:00,2025-10-09 01:00:00+02:00,2025,92.58,92.58,92.58
2026-10-09 02:00:00+02:00,2025-10-09 02:00:00+02:00,2025,93.26,93.26,93.26
2026-10-09 03:00:00+02:00,2025-10-09 03:00:00+02:00,2025,90.82,90.82,90.82
2026-10-09 04:00:00+02:00,2025-10-09 04:00:00+02:00,2025,92.7,92.7,92.7
2026-10-09 05:00:00+02:00,2025-10-09 05:00:00+02:00,2025,101.15,101.15,101.15
2026-10-09 06:00:00+02:00,2025-10-09 06:00:00+02:00,2025,125.58,125.58,125.58
2026-10-09 07:00:00+02:00,2025-10-09 07:00:00+02:00,2025,145.0,145.0,145.0
2026-10-09 08:00:00+02:00,2025-10-09 08:00:00+02:00,2025,149.9,149.9,149.9
2026-10-09 09:00:00+02:00,2025-10-09 09:00:00+02:00,2025,132.49,132.49,132.49
2026-10-09 10:00:00+02:00,2025-10-09 10:00:00+02:00,2025,109.69,109.69,109.69
2026-10-09 11:00:00+02:00,2025-10-09 11:00:00+02:00,2025,96.96,96.96,96.96
2026-10-09 12:00:00+02:00,2025-10-09 12:00:00+02:00,2025,91.02,91.02,91.02
2026-10-09 13:00:00+02:00,2025-10-09 13:00:00+02:00,2025,83.35,83.35,83.35
2026-10-09 14:00:00+02:00,2025-10-09 14:00:00+02:00,2025,83.2,83.2,83.2
2026-10-09 15:00:00+02:00,2025-10-09 15:00:00+02:00,2025,88.83,88.83,88.83
2026-10-09 16:00:00+02:00,2025-10-09 16:00:00+02:00,2025,92.08,92.08,92.08
2026-10-09 17:00:00+02:00,2025-10-09 17:00:00+02:00,2025,110.01,110.01,110.01
2026-10-09 18:00:00+02:00,2025-10-09 18:00:00+02:00,2025,122.91,122.91,122.91
2026-10-09 19:00:00+02:00,2025-10-09 19:00:00+02:00,2025,123.11,123.11,123.11
2026-10-09 20:00:00+02:00,2025-10-09 20:00:00+02:00,2025,112.36,112.36,112.36
2026-10-09 21:00:00+02:00,2025-10-09 21:00:00+02:00,2025,98.09,98.09,98.09
2026-10-09 22:00:00+02:00,2025-10-09 22:00:00+02:00,2025,96.83,96.83,96.83
2026-10-09 23:00:00+02:00,2025-10-09 23:00:00+02:00,2025,88.7,88.7,88.7
2026-10-10 00:00:00+02:00,2025-10-10 00:00:00+02:00,2025,88.01,88.01,88.01
2026-10-10 01:00:00+02:00,2025-10-10 01:00:00+02:00,2025,84.97,84.97,84.97
2026-10-10 02:00:00+02:00,2025-10-10 02:00:00+02:00,2025,80.09,80.09,80.09
2026-10-10 03:00:00+02:00,2025-10-10 03:00:00+02:00,2025,78.29,78.29,78.29
2026-10-10 04:00:00+02:00,2025-10-10 04:00:00+02:00,2025,79.21,79.21,79.21
2026-10-10 05:00:00+02:00,2025-10-10 05:00:00+02:00,2025,86.07,86.07,86.07
2026-10-10 06:00:00+02:00,2025-10-10 06:00:00+02:00,2025,102.64,102.64,102.64
2026-10-10 07:00:00+02:00,2025-10-10 07:00:00+02:00,2025,119.33,119.33,119.33
2026-10-10 08:00:00+02:00,2025-10-10 08:00:00+02:00,2025,122.61,122.61,122.61
2026-10-10 09:00:00+02:00,2025-10-10 09:00:00+02:00,2025,107.77,107.77,107.77
2026-10-10 10:00:00+02:00,2025-10-10 10:00:00+02:00,2025,93.01,93.01,93.01
2026-10-10 11:00:00+02:00,2025-10-10 11:00:00+02:00,2025,82.12,82.12,82.12
2026-10-10 12:00:00+02:00,2025-10-10 12:00:00+02:00,2025,77.53,77.53,77.53
2026-10-10 13:00:00+02:00,2025-10-10 13:00:00+02:00,2025,75.69,75.69,75.69
2026-10-10 14:00:00+02:00,2025-10-10 14:00:00+02:00,2025,77.26,77.26,77.26
2026-10-10 15:00:00+02:00,2025-10-10 15:00:00+02:00,2025,88.9,88.9,88.9
2026-10-10 16:00:00+02:00,2025-10-10 16:00:00+02:00,2025,97.86,97.86,97.86
2026-10-10 17:00:00+02:00,2025-10-10 17:00:00+02:00,2025,118.2,118.2,118.2
2026-10-10 18:00:00+02:00,2025-10-10 18:00:00+02:00,2025,120.61,120.61,120.61
2026-10-10 19:00:00+02:00,2025-10-10 19:00:00+02:00,2025,123.29,123.29,123.29
2026-10-10 20:00:00+02:00,2025-10-10 20:00:00+02:00,2025,115.39,115.39,115.39
2026-10-10 21:00:00+02:00,2025-10-10 21:00:00+02:00,2025,103.92,103.92,103.92
2026-10-10 22:00:00+02:00,2025-10-10 22:00:00+02:00,2025,97.74,97.74,97.74
2026-10-10 23:00:00+02:00,2025-10-10 23:00:00+02:00,2025,93.35,93.35,93.35
2026-10-11 00:00:00+02:00,2025-10-11 00:00:00+02:00,2025,92.97,92.97,92.97
2026-10-11 01:00:00+02:00,2025-10-11 01:00:00+02:00,2025,88.84,88.84,88.84
2026-10-11 02:00:00+02:00,2025-10-11 02:00:00+02:00,2025,87.39,87.39,87.39
2026-10-11 03:00:00+02:00,2025-10-11 03:00:00+02:00,2025,84.18,84.18,84.18
2026-10-11 04:00:00+02:00,2025-10-11 04:00:00+02:00,2025,82.03,82.03,82.03
2026-10-11 05:00:00+02:00,2025-10-11 05:00:00+02:00,2025,84.76,84.76,84.76
2026-10-11 06:00:00+02:00,2025-10-11 06:00:00+02:00,2025,90.27,90.27,90.27
2026-10-11 07:00:00+02:00,2025-10-11 07:00:00+02:00,2025,96.75,96.75,96.75
2026-10-11 08:00:00+02:00,2025-10-11 08:00:00+02:00,2025,100.4,100.4,100.4
2026-10-11 09:00:00+02:00,2025-10-11 09:00:00+02:00,2025,92.96,92.96,92.96
2026-10-11 10:00:00+02:00,2025-10-11 10:00:00+02:00,2025,82.43,82.43,82.43
2026-10-11 11:00:00+02:00,2025-10-11 11:00:00+02:00,2025,74.02,74.02,74.02
2026-10-11 12:00:00+02:00,2025-10-11 12:00:00+02:00,2025,55.42,55.42,55.42
2026-10-11 13:00:00+02:00,2025-10-11 13:00:00+02:00,2025,46.77,46.77,46.77
2026-10-11 14:00:00+02:00,2025-10-11 14:00:00+02:00,2025,51.03,51.03,51.03
2026-10-11 15:00:00+02:00,2025-10-11 15:00:00+02:00,2025,76.94,76.94,76.94
2026-10-11 16:00:00+02:00,2025-10-11 16:00:00+02:00,2025,83.65,83.65,83.65
2026-10-11 17:00:00+02:00,2025-10-11 17:00:00+02:00,2025,114.01,114.01,114.01
2026-10-11 18:00:00+02:00,2025-10-11 18:00:00+02:00,2025,126.44,126.44,126.44
2026-10-11 19:00:00+02:00,2025-10-11 19:00:00+02:00,2025,130.17,130.17,130.17
2026-10-11 20:00:00+02:00,2025-10-11 20:00:00+02:00,2025,120.64,120.64,120.64
2026-10-11 21:00:00+02:00,2025-10-11 21:00:00+02:00,2025,112.54,112.54,112.54
2026-10-11 22:00:00+02:00,2025-10-11 22:00:00+02:00,2025,106.91,106.91,106.91
2026-10-11 23:00:00+02:00,2025-10-11 23:00:00+02:00,2025,95.1,95.1,95.1
2026-10-12 00:00:00+02:00,2025-10-12 00:00:00+02:00,2025,96.18,96.18,96.18
2026-10-12 01:00:00+02:00,2025-10-12 01:00:00+02:00,2025,92.17,92.17,92.17
2026-10-12 02:00:00+02:00,2025-10-12 02:00:00+02:00,2025,88.86,88.86,88.86
2026-10-12 03:00:00+02:00,2025-10-12 03:00:00+02:00,2025,85.13,85.13,85.13
2026-10-12 04:00:00+02:00,2025-10-12 04:00:00+02:00,2025,86.41,86.41,86.41
2026-10-12 05:00:00+02:00,2025-10-12 05:00:00+02:00,2025,86.66,86.66,86.66
2026-10-12 06:00:00+02:00,2025-10-12 06:00:00+02:00,2025,88.3,88.3,88.3
2026-10-12 07:00:00+02:00,2025-10-12 07:00:00+02:00,2025,89.17,89.17,89.17
2026-10-12 08:00:00+02:00,2025-10-12 08:00:00+02:00,2025,88.66,88.66,88.66
2026-10-12 09:00:00+02:00,2025-10-12 09:00:00+02:00,2025,83.06,83.06,83.06
2026-10-12 10:00:00+02:00,2025-10-12 10:00:00+02:00,2025,76.21,76.21,76.21
2026-10-12 11:00:00+02:00,2025-10-12 11:00:00+02:00,2025,71.9,71.9,71.9
2026-10-12 12:00:00+02:00,2025-10-12 12:00:00+02:00,2025,66.89,66.89,66.89
2026-10-12 13:00:00+02:00,2025-10-12 13:00:00+02:00,2025,52.16,52.16,52.16
2026-10-12 14:00:00+02:00,2025-10-12 14:00:00+02:00,2025,62.47,62.47,62.47
2026-10-12 15:00:00+02:00,2025-10-12 15:00:00+02:00,2025,79.99,79.99,79.99
2026-10-12 16:00:00+02:00,2025-10-12 16:00:00+02:00,2025,88.0,88.0,88.0
2026-10-12 17:00:00+02:00,2025-10-12 17:00:00+02:00,2025,105.55,105.55,105.55
2026-10-12 18:00:00+02:00,2025-10-12 18:00:00+02:00,2025,108.9,108.9,108.9
2026-10-12 19:00:00+02:00,2025-10-12 19:00:00+02:00,2025,116.64,116.64,116.64
2026-10-12 20:00:00+02:00,2025-10-12 20:00:00+02:00,2025,115.53,115.53,115.53
2026-10-12 21:00:00+02:00,2025-10-12 21:00:00+02:00,2025,110.45,110.45,110.45
2026-10-12 22:00:00+02:00,2025-10-12 22:00:00+02:00,2025,107.79,107.79,107.79
2026-10-12 23:00:00+02:00,2025-10-12 23:00:00+02:00,2025,93.45,93.45,93.45
2026-10-13 00:00:00+02:00,2025-10-13 00:00:00+02:00,2025,93.45,93.45,93.45
2026-10-13 01:00:00+02:00,2025-10-13 01:00:00+02:00,2025,90.26,90.26,90.26
2026-10-13 02:00:00+02:00,2025-10-13 02:00:00+02:00,2025,90.83,90.83,90.83
2026-10-13 03:00:00+02:00,2025-10-13 03:00:00+02:00,2025,89.12,89.12,89.12
2026-10-13 04:00:00+02:00,2025-10-13 04:00:00+02:00,2025,93.45,93.45,93.45
2026-10-13 05:00:00+02:00,2025-10-13 05:00:00+02:00,2025,98.1,98.1,98.1
2026-10-13 06:00:00+02:00,2025-10-13 06:00:00+02:00,2025,131.41,131.41,131.41
2026-10-13 07:00:00+02:00,2025-10-13 07:00:00+02:00,2025,218.64,218.64,218.64
2026-10-13 08:00:00+02:00,2025-10-13 08:00:00+02:00,2025,199.56,199.56,199.56
2026-10-13 09:00:00+02:00,2025-10-13 09:00:00+02:00,2025,150.19,150.19,150.19
2026-10-13 10:00:00+02:00,2025-10-13 10:00:00+02:00,2025,125.1,125.1,125.1
2026-10-13 11:00:00+02:00,2025-10-13 11:00:00+02:00,2025,110.0,110.0,110.0
2026-10-13 12:00:00+02:00,2025-10-13 12:00:00+02:00,2025,95.1,95.1,95.1
2026-10-13 13:00:00+02:00,2025-10-13 13:00:00+02:00,2025,89.86,89.86,89.86
2026-10-13 14:00:00+02:00,2025-10-13 14:00:00+02:00,2025,92.1,92.1,92.1
2026-10-13 15:00:00+02:00,2025-10-13 15:00:00+02:00,2025,101.84,101.84,101.84
2026-10-13 16:00:00+02:00,2025-10-13 16:00:00+02:00,2025,117.9,117.9,117.9
2026-10-13 17:00:00+02:00,2025-10-13 17:00:00+02:00,2025,180.6,180.6,180.6
2026-10-13 18:00:00+02:00,2025-10-13 18:00:00+02:00,2025,305.74,305.74,305.74
2026-10-13 19:00:00+02:00,2025-10-13 19:00:00+02:00,2025,306.58,306.58,306.58
2026-10-13 20:00:00+02:00,2025-10-13 20:00:00+02:00,2025,186.95,186.95,186.95
2026-10-13 21:00:00+02:00,2025-10-13 21:00:00+02:00,2025,137.18,137.18,137.18
2026-10-13 22:00:00+02:00,2025-10-13 22:00:00+02:00,2025,121.99,121.99,121.99
2026-10-13 23:00:00+02:00,2025-10-13 23:00:00+02:00,2025,111.28,111.28,111.28
2026-10-14 00:00:00+02:00,2025-10-14 00:00:00+02:00,2025,109.18,109.18,109.18
2026-10-14 01:00:00+02:00,2025-10-14 01:00:00+02:00,2025,103.01,103.01,103.01
2026-10-14 02:00:00+02:00,2025-10-14 02:00:00+02:00,2025,99.52,99.52,99.52
2026-10-14 03:00:00+02:00,2025-10-14 03:00:00+02:00,2025,98.87,98.87,98.87
2026-10-14 04:00:00+02:00,2025-10-14 04:00:00+02:00,2025,100.05,100.05,100.05
2026-10-14 05:00:00+02:00,2025-10-14 05:00:00+02:00,2025,101.45,101.45,101.45
2026-10-14 06:00:00+02:00,2025-10-14 06:00:00+02:00,2025,123.29,123.29,123.29
2026-10-14 07:00:00+02:00,2025-10-14 07:00:00+02:00,2025,160.2,160.2,160.2
2026-10-14 08:00:00+02:00,2025-10-14 08:00:00+02:00,2025,190.82,190.82,190.82
2026-10-14 09:00:00+02:00,2025-10-14 09:00:00+02:00,2025,156.45,156.45,156.45
2026-10-14 10:00:00+02:00,2025-10-14 10:00:00+02:00,2025,134.73,134.73,134.73
2026-10-14 11:00:00+02:00,2025-10-14 11:00:00+02:00,2025,119.85,119.85,119.85
2026-10-14 12:00:00+02:00,2025-10-14 12:00:00+02:00,2025,107.65,107.65,107.65
2026-10-14 13:00:00+02:00,2025-10-14 13:00:00+02:00,2025,103.0,103.0,103.0
2026-10-14 14:00:00+02:00,2025-10-14 14:00:00+02:00,2025,105.27,105.27,105.27
2026-10-14 15:00:00+02:00,2025-10-14 15:00:00+02:00,2025,122.28,122.28,122.28
2026-10-14 16:00:00+02:00,2025-10-14 16:00:00+02:00,2025,146.6,146.6,146.6
2026-10-14 17:00:00+02:00,2025-10-14 17:00:00+02:00,2025,219.2,219.2,219.2
2026-10-14 18:00:00+02:00,2025-10-14 18:00:00+02:00,2025,404.96,404.96,404.96
2026-10-14 19:00:00+02:00,2025-10-14 19:00:00+02:00,2025,407.21,407.21,407.21
2026-10-14 20:00:00+02:00,2025-10-14 20:00:00+02:00,2025,225.48,225.48,225.48
2026-10-14 21:00:00+02:00,2025-10-14 21:00:00+02:00,2025,163.04,163.04,163.04
2026-10-14 22:00:00+02:00,2025-10-14 22:00:00+02:00,2025,129.86,129.86,129.86
2026-10-14 23:00:00+02:00,2025-10-14 23:00:00+02:00,2025,115.36,115.36,115.36
2026-10-15 00:00:00+02:00,2025-10-15 00:00:00+02:00,2025,115.46,115.46,115.46
2026-10-15 01:00:00+02:00,2025-10-15 01:00:00+02:00,2025,111.87,111.87,111.87
2026-10-15 02:00:00+02:00,2025-10-15 02:00:00+02:00,2025,107.68,107.68,107.68
2026-10-15 03:00:00+02:00,2025-10-15 03:00:00+02:00,2025,103.62,103.62,103.62
2026-10-15 04:00:00+02:00,2025-10-15 04:00:00+02:00,2025,106.48,106.48,106.48
2026-10-15 05:00:00+02:00,2025-10-15 05:00:00+02:00,2025,114.4,114.4,114.4
2026-10-15 06:00:00+02:00,2025-10-15 06:00:00+02:00,2025,151.96,151.96,151.96
2026-10-15 07:00:00+02:00,2025-10-15 07:00:00+02:00,2025,278.74,278.74,278.74
2026-10-15 08:00:00+02:00,2025-10-15 08:00:00+02:00,2025,276.2,276.2,276.2
2026-10-15 09:00:00+02:00,2025-10-15 09:00:00+02:00,2025,181.05,181.05,181.05
2026-10-15 10:00:00+02:00,2025-10-15 10:00:00+02:00,2025,142.36,142.36,142.36
2026-10-15 11:00:00+02:00,2025-10-15 11:00:00+02:00,2025,126.1,126.1,126.1
2026-10-15 12:00:00+02:00,2025-10-15 12:00:00+02:00,2025,119.43,119.43,119.43
2026-10-15 13:00:00+02:00,2025-10-15 13:00:00+02:00,2025,112.88,112.88,112.88
2026-10-15 14:00:00+02:00,2025-10-15 14:00:00+02:00,2025,115.39,115.39,115.39
2026-10-15 15:00:00+02:00,2025-10-15 15:00:00+02:00,2025,122.64,122.64,122.64
2026-10-15 16:00:00+02:00,2025-10-15 16:00:00+02:00,2025,135.69,135.69,135.69
2026-10-15 17:00:00+02:00,2025-10-15 17:00:00+02:00,2025,170.0,170.0,170.0
2026-10-15 18:00:00+02:00,2025-10-15 18:00:00+02:00,2025,221.88,221.88,221.88
2026-10-15 19:00:00+02:00,2025-10-15 19:00:00+02:00,2025,220.0,220.0,220.0
2026-10-15 20:00:00+02:00,2025-10-15 20:00:00+02:00,2025,152.85,152.85,152.85
2026-10-15 21:00:00+02:00,2025-10-15 21:00:00+02:00,2025,124.34,124.34,124.34
2026-10-15 22:00:00+02:00,2025-10-15 22:00:00+02:00,2025,98.21,98.21,98.21
2026-10-15 23:00:00+02:00,2025-10-15 23:00:00+02:00,2025,88.17,88.17,88.17
2026-10-16 00:00:00+02:00,2025-10-16 00:00:00+02:00,2025,88.16,88.16,88.16
2026-10-16 01:00:00+02:00,2025-10-16 01:00:00+02:00,2025,85.81,85.81,85.81
2026-10-16 02:00:00+02:00,2025-10-16 02:00:00+02:00,2025,88.0,88.0,88.0
2026-10-16 03:00:00+02:00,2025-10-16 03:00:00+02:00,2025,86.66,86.66,86.66
2026-10-16 04:00:00+02:00,2025-10-16 04:00:00+02:00,2025,88.34,88.34,88.34
2026-10-16 05:00:00+02:00,2025-10-16 05:00:00+02:00,2025,85.05,85.05,85.05
2026-10-16 06:00:00+02:00,2025-10-16 06:00:00+02:00,2025,96.19,96.19,96.19
2026-10-16 07:00:00+02:00,2025-10-16 07:00:00+02:00,2025,116.12,116.12,116.12
2026-10-16 08:00:00+02:00,2025-10-16 08:00:00+02:00,2025,132.77,132.77,132.77
2026-10-16 09:00:00+02:00,2025-10-16 09:00:00+02:00,2025,119.93,119.93,119.93
2026-10-16 10:00:00+02:00,2025-10-16 10:00:00+02:00,2025,92.24,92.24,92.24
2026-10-16 11:00:00+02:00,2025-10-16 11:00:00+02:00,2025,88.31,88.31,88.31
2026-10-16 12:00:00+02:00,2025-10-16 12:00:00+02:00,2025,83.4,83.4,83.4
2026-10-16 13:00:00+02:00,2025-10-16 13:00:00+02:00,2025,81.48,81.48,81.48
2026-10-16 14:00:00+02:00,2025-10-16 14:00:00+02:00,2025,82.98,82.98,82.98
2026-10-16 15:00:00+02:00,2025-10-16 15:00:00+02:00,2025,83.03,83.03,83.03
2026-10-16 16:00:00+02:00,2025-10-16 16:00:00+02:00,2025,89.03,89.03,89.03
2026-10-16 17:00:00+02:00,2025-10-16 17:00:00+02:00,2025,120.92,120.92,120.92
2026-10-16 18:00:00+02:00,2025-10-16 18:00:00+02:00,2025,130.0,130.0,130.0
2026-10-16 19:00:00+02:00,2025-10-16 19:00:00+02:00,2025,140.59,140.59,140.59
2026-10-16 20:00:00+02:00,2025-10-16 20:00:00+02:00,2025,125.59,125.59,125.59
2026-10-16 21:00:00+02:00,2025-10-16 21:00:00+02:00,2025,102.23,102.23,102.23
2026-10-16 22:00:00+02:00,2025-10-16 22:00:00+02:00,2025,99.86,99.86,99.86
2026-10-16 23:00:00+02:00,2025-10-16 23:00:00+02:00,2025,93.36,93.36,93.36
2026-10-17 00:00:00+02:00,2025-10-17 00:00:00+02:00,2025,88.15,88.15,88.15
2026-10-17 01:00:00+02:00,2025-10-17 01:00:00+02:00,2025,88.31,88.31,88.31
2026-10-17 02:00:00+02:00,2025-10-17 02:00:00+02:00,2025,89.06,89.06,89.06
2026-10-17 03:00:00+02:00,2025-10-17 03:00:00+02:00,2025,88.46,88.46,88.46
2026-10-17 04:00:00+02:00,2025-10-17 04:00:00+02:00,2025,90.59,90.59,90.59
2026-10-17 05:00:00+02:00,2025-10-17 05:00:00+02:00,2025,94.51,94.51,94.51
2026-10-17 06:00:00+02:00,2025-10-17 06:00:00+02:00,2025,107.91,107.91,107.91
2026-10-17 07:00:00+02:00,2025-10-17 07:00:00+02:00,2025,129.49,129.49,129.49
2026-10-17 08:00:00+02:00,2025-10-17 08:00:00+02:00,2025,144.84,144.84,144.84
2026-10-17 09:00:00+02:00,2025-10-17 09:00:00+02:00,2025,129.02,129.02,129.02
2026-10-17 10:00:00+02:00,2025-10-17 10:00:00+02:00,2025,117.18,117.18,117.18
2026-10-17 11:00:00+02:00,2025-10-17 11:00:00+02:00,2025,99.04,99.04,99.04
2026-10-17 12:00:00+02:00,2025-10-17 12:00:00+02:00,2025,88.14,88.14,88.14
2026-10-17 13:00:00+02:00,2025-10-17 13:00:00+02:00,2025,86.72,86.72,86.72
2026-10-17 14:00:00+02:00,2025-10-17 14:00:00+02:00,2025,87.81,87.81,87.81
2026-10-17 15:00:00+02:00,2025-10-17 15:00:00+02:00,2025,88.64,88.64,88.64
2026-10-17 16:00:00+02:00,2025-10-17 16:00:00+02:00,2025,95.0,95.0,95.0
2026-10-17 17:00:00+02:00,2025-10-17 17:00:00+02:00,2025,117.17,117.17,117.17
2026-10-17 18:00:00+02:00,2025-10-17 18:00:00+02:00,2025,129.31,129.31,129.31
2026-10-17 19:00:00+02:00,2025-10-17 19:00:00+02:00,2025,130.69,130.69,130.69
2026-10-17 20:00:00+02:00,2025-10-17 20:00:00+02:00,2025,116.99,116.99,116.99
2026-10-17 21:00:00+02:00,2025-10-17 21:00:00+02:00,2025,104.05,104.05,104.05
2026-10-17 22:00:00+02:00,2025-10-17 22:00:00+02:00,2025,102.18,102.18,102.18
2026-10-17 23:00:00+02:00,2025-10-17 23:00:00+02:00,2025,92.5,92.5,92.5
2026-10-18 00:00:00+02:00,2025-10-18 00:00:00+02:00,2025,94.62,94.62,94.62
2026-10-18 01:00:00+02:00,2025-10-18 01:00:00+02:00,2025,89.86,89.86,89.86
2026-10-18 02:00:00+02:00,2025-10-18 02:00:00+02:00,2025,89.81,89.81,89.81
2026-10-18 03:00:00+02:00,2025-10-18 03:00:00+02:00,2025,88.34,88.34,88.34
2026-10-18 04:00:00+02:00,2025-10-18 04:00:00+02:00,2025,88.35,88.35,88.35
2026-10-18 05:00:00+02:00,2025-10-18 05:00:00+02:00,2025,88.32,88.32,88.32
2026-10-18 06:00:00+02:00,2025-10-18 06:00:00+02:00,2025,91.96,91.96,91.96
2026-10-18 07:00:00+02:00,2025-10-18 07:00:00+02:00,2025,109.47,109.47,109.47
2026-10-18 08:00:00+02:00,2025-10-18 08:00:00+02:00,2025,114.54,114.54,114.54
2026-10-18 09:00:00+02:00,2025-10-18 09:00:00+02:00,2025,102.24,102.24,102.24
2026-10-18 10:00:00+02:00,2025-10-18 10:00:00+02:00,2025,91.47,91.47,91.47
2026-10-18 11:00:00+02:00,2025-10-18 11:00:00+02:00,2025,80.79,80.79,80.79
2026-10-18 12:00:00+02:00,2025-10-18 12:00:00+02:00,2025,73.94,73.94,73.94
2026-10-18 13:00:00+02:00,2025-10-18 13:00:00+02:00,2025,67.53,67.53,67.53
2026-10-18 14:00:00+02:00,2025-10-18 14:00:00+02:00,2025,72.3,72.3,72.3
2026-10-18 15:00:00+02:00,2025-10-18 15:00:00+02:00,2025,83.5,83.5,83.5
2026-10-18 16:00:00+02:00,2025-10-18 16:00:00+02:00,2025,96.55,96.55,96.55
2026-10-18 17:00:00+02:00,2025-10-18 17:00:00+02:00,2025,120.64,120.64,120.64
2026-10-18 18:00:00+02:00,2025-10-18 18:00:00+02:00,2025,133.24,133.24,133.24
2026-10-18 19:00:00+02:00,2025-10-18 19:00:00+02:00,2025,124.82,124.82,124.82
2026-10-18 20:00:00+02:00,2025-10-18 20:00:00+02:00,2025,113.0,113.0,113.0
2026-10-18 21:00:00+02:00,2025-10-18 21:00:00+02:00,2025,92.55,92.55,92.55
2026-10-18 22:00:00+02:00,2025-10-18 22:00:00+02:00,2025,95.58,95.58,95.58
2026-10-18 23:00:00+02:00,2025-10-18 23:00:00+02:00,2025,94.35,94.35,94.35
2026-10-19 00:00:00+02:00,2025-10-19 00:00:00+02:00,2025,92.34,92.34,92.34
2026-10-19 01:00:00+02:00,2025-10-19 01:00:00+02:00,2025,87.59,87.59,87.59
2026-10-19 02:00:00+02:00,2025-10-19 02:00:00+02:00,2025,82.29,82.29,82.29
2026-10-19 03:00:00+02:00,2025-10-19 03:00:00+02:00,2025,82.14,82.14,82.14
2026-10-19 04:00:00+02:00,2025-10-19 04:00:00+02:00,2025,83.21,83.21,83.21
2026-10-19 05:00:00+02:00,2025-10-19 05:00:00+02:00,2025,83.5,83.5,83.5
2026-10-19 06:00:00+02:00,2025-10-19 06:00:00+02:00,2025,85.25,85.25,85.25
2026-10-19 07:00:00+02:00,2025-10-19 07:00:00+02:00,2025,85.26,85.26,85.26
2026-10-19 08:00:00+02:00,2025-10-19 08:00:00+02:00,2025,87.16,87.16,87.16
2026-10-19 09:00:00+02:00,2025-10-19 09:00:00+02:00,2025,78.43,78.43,78.43
2026-10-19 10:00:00+02:00,2025-10-19 10:00:00+02:00,2025,69.64,69.64,69.64
2026-10-19 11:00:00+02:00,2025-10-19 11:00:00+02:00,2025,60.3,60.3,60.3
2026-10-19 12:00:00+02:00,2025-10-19 12:00:00+02:00,2025,34.57,34.57,34.57
2026-10-19 13:00:00+02:00,2025-10-19 13:00:00+02:00,2025,20.3,20.3,20.3
2026-10-19 14:00:00+02:00,2025-10-19 14:00:00+02:00,2025,36.22,36.22,36.22
2026-10-19 15:00:00+02:00,2025-10-19 15:00:00+02:00,2025,66.77,66.77,66.77
2026-10-19 16:00:00+02:00,2025-10-19 16:00:00+02:00,2025,89.93,89.93,89.93
2026-10-19 17:00:00+02:00,2025-10-19 17:00:00+02:00,2025,106.07,106.07,106.07
2026-10-19 18:00:00+02:00,2025-10-19 18:00:00+02:00,2025,107.69,107.69,107.69
2026-10-19 19:00:00+02:00,2025-10-19 19:00:00+02:00,2025,85.62,85.62,85.62
2026-10-19 20:00:00+02:00,2025-10-19 20:00:00+02:00,2025,75.5,75.5,75.5
2026-10-19 21:00:00+02:00,2025-10-19 21:00:00+02:00,2025,73.15,73.15,73.15
2026-10-19 22:00:00+02:00,2025-10-19 22:00:00+02:00,2025,74.74,74.74,74.74
2026-10-19 23:00:00+02:00,2025-10-19 23:00:00+02:00,2025,60.86,60.86,60.86
2026-10-20 00:00:00+02:00,2025-10-20 00:00:00+02:00,2025,70.04,70.04,70.04
2026-10-20 01:00:00+02:00,2025-10-20 01:00:00+02:00,2025,63.98,63.98,63.98
2026-10-20 02:00:00+02:00,2025-10-20 02:00:00+02:00,2025,60.98,60.98,60.98
2026-10-20 03:00:00+02:00,2025-10-20 03:00:00+02:00,2025,60.0,60.0,60.0
2026-10-20 04:00:00+02:00,2025-10-20 04:00:00+02:00,2025,60.6,60.6,60.6
2026-10-20 05:00:00+02:00,2025-10-20 05:00:00+02:00,2025,74.81,74.81,74.81
2026-10-20 06:00:00+02:00,2025-10-20 06:00:00+02:00,2025,76.25,76.25,76.25
2026-10-20 07:00:00+02:00,2025-10-20 07:00:00+02:00,2025,91.87,91.87,91.87
2026-10-20 08:00:00+02:00,2025-10-20 08:00:00+02:00,2025,125.1,125.1,125.1
2026-10-20 09:00:00+02:00,2025-10-20 09:00:00+02:00,2025,92.19,92.19,92.19
2026-10-20 10:00:00+02:00,2025-10-20 10:00:00+02:00,2025,73.15,73.15,73.15
2026-10-20 11:00:00+02:00,2025-10-20 11:00:00+02:00,2025,69.94,69.94,69.94
2026-10-20 12:00:00+02:00,2025-10-20 12:00:00+02:00,2025,60.29,60.29,60.29
2026-10-20 13:00:00+02:00,2025-10-20 13:00:00+02:00,2025,65.27,65.27,65.27
2026-10-20 14:00:00+02:00,2025-10-20 14:00:00+02:00,2025,76.09,76.09,76.09
2026-10-20 15:00:00+02:00,2025-10-20 15:00:00+02:00,2025,97.14,97.14,97.14
2026-10-20 16:00:00+02:00,2025-10-20 16:00:00+02:00,2025,119.51,119.51,119.51
2026-10-20 17:00:00+02:00,2025-10-20 17:00:00+02:00,2025,131.12,131.12,131.12
2026-10-20 18:00:00+02:00,2025-10-20 18:00:00+02:00,2025,125.09,125.09,125.09
2026-10-20 19:00:00+02:00,2025-10-20 19:00:00+02:00,2025,103.0,103.0,103.0
2026-10-20 20:00:00+02:00,2025-10-20 20:00:00+02:00,2025,82.29,82.29,82.29
2026-10-20 21:00:00+02:00,2025-10-20 21:00:00+02:00,2025,76.25,76.25,76.25
2026-10-20 22:00:00+02:00,2025-10-20 22:00:00+02:00,2025,68.38,68.38,68.38
2026-10-20 23:00:00+02:00,2025-10-20 23:00:00+02:00,2025,51.0,51.0,51.0
2026-10-21 00:00:00+02:00,2025-10-21 00:00:00+02:00,2025,61.48,61.48,61.48
2026-10-21 01:00:00+02:00,2025-10-21 01:00:00+02:00,2025,43.83,43.83,43.83
2026-10-21 02:00:00+02:00,2025-10-21 02:00:00+02:00,2025,33.07,33.07,33.07
2026-10-21 03:00:00+02:00,2025-10-21 03:00:00+02:00,2025,22.28,22.28,22.28
2026-10-21 04:00:00+02:00,2025-10-21 04:00:00+02:00,2025,25.91,25.91,25.91
2026-10-21 05:00:00+02:00,2025-10-21 05:00:00+02:00,2025,47.46,47.46,47.46
2026-10-21 06:00:00+02:00,2025-10-21 06:00:00+02:00,2025,75.1,75.1,75.1
2026-10-21 07:00:00+02:00,2025-10-21 07:00:00+02:00,2025,88.12,88.12,88.12
2026-10-21 08:00:00+02:00,2025-10-21 08:00:00+02:00,2025,91.58,91.58,91.58
2026-10-21 09:00:00+02:00,2025-10-21 09:00:00+02:00,2025,84.72,84.72,84.72
2026-10-21 10:00:00+02:00,2025-10-21 10:00:00+02:00,2025,74.27,74.27,74.27
2026-10-21 11:00:00+02:00,2025-10-21 11:00:00+02:00,2025,65.11,65.11,65.11
2026-10-21 12:00:00+02:00,2025-10-21 12:00:00+02:00,2025,47.46,47.46,47.46
2026-10-21 13:00:00+02:00,2025-10-21 13:00:00+02:00,2025,31.58,31.58,31.58
2026-10-21 14:00:00+02:00,2025-10-21 14:00:00+02:00,2025,33.06,33.06,33.06
2026-10-21 15:00:00+02:00,2025-10-21 15:00:00+02:00,2025,60.23,60.23,60.23
2026-10-21 16:00:00+02:00,2025-10-21 16:00:00+02:00,2025,68.2,68.2,68.2
2026-10-21 17:00:00+02:00,2025-10-21 17:00:00+02:00,2025,100.0,100.0,100.0
2026-10-21 18:00:00+02:00,2025-10-21 18:00:00+02:00,2025,121.8,121.8,121.8
2026-10-21 19:00:00+02:00,2025-10-21 19:00:00+02:00,2025,115.38,115.38,115.38
2026-10-21 20:00:00+02:00,2025-10-21 20:00:00+02:00,2025,99.67,99.67,99.67
2026-10-21 21:00:00+02:00,2025-10-21 21:00:00+02:00,2025,81.06,81.06,81.06
2026-10-21 22:00:00+02:00,2025-10-21 22:00:00+02:00,2025,81.68,81.68,81.68
2026-10-21 23:00:00+02:00,2025-10-21 23:00:00+02:00,2025,74.33,74.33,74.33
2026-10-22 00:00:00+02:00,2025-10-22 00:00:00+02:00,2025,87.84,87.84,87.84
2026-10-22 01:00:00+02:00,2025-10-22 01:00:00+02:00,2025,87.49,87.49,87.49
2026-10-22 02:00:00+02:00,2025-10-22 02:00:00+02:00,2025,85.41,85.41,85.41
2026-10-22 03:00:00+02:00,2025-10-22 03:00:00+02:00,2025,89.35,89.35,89.35
2026-10-22 04:00:00+02:00,2025-10-22 04:00:00+02:00,2025,89.5,89.5,89.5
2026-10-22 05:00:00+02:00,2025-10-22 05:00:00+02:00,2025,90.18,90.18,90.18
2026-10-22 06:00:00+02:00,2025-10-22 06:00:00+02:00,2025,99.39,99.39,99.39
2026-10-22 07:00:00+02:00,2025-10-22 07:00:00+02:00,2025,100.18,100.18,100.18
2026-10-22 08:00:00+02:00,2025-10-22 08:00:00+02:00,2025,113.76,113.76,113.76
2026-10-22 09:00:00+02:00,2025-10-22 09:00:00+02:00,2025,125.72,125.72,125.72
2026-10-22 10:00:00+02:00,2025-10-22 10:00:00+02:00,2025,105.73,105.73,105.73
2026-10-22 11:00:00+02:00,2025-10-22 11:00:00+02:00,2025,91.21,91.21,91.21
2026-10-22 12:00:00+02:00,2025-10-22 12:00:00+02:00,2025,87.1,87.1,87.1
2026-10-22 13:00:00+02:00,2025-10-22 13:00:00+02:00,2025,86.0,86.0,86.0
2026-10-22 14:00:00+02:00,2025-10-22 14:00:00+02:00,2025,93.46,93.46,93.46
2026-10-22 15:00:00+02:00,2025-10-22 15:00:00+02:00,2025,110.66,110.66,110.66
2026-10-22 16:00:00+02:00,2025-10-22 16:00:00+02:00,2025,135.0,135.0,135.0
2026-10-22 17:00:00+02:00,2025-10-22 17:00:00+02:00,2025,198.05,198.05,198.05
2026-10-22 18:00:00+02:00,2025-10-22 18:00:00+02:00,2025,296.48,296.48,296.48
2026-10-22 19:00:00+02:00,2025-10-22 19:00:00+02:00,2025,279.76,279.76,279.76
2026-10-22 20:00:00+02:00,2025-10-22 20:00:00+02:00,2025,185.31,185.31,185.31
2026-10-22 21:00:00+02:00,2025-10-22 21:00:00+02:00,2025,133.95,133.95,133.95
2026-10-22 22:00:00+02:00,2025-10-22 22:00:00+02:00,2025,122.07,122.07,122.07
2026-10-22 23:00:00+02:00,2025-10-22 23:00:00+02:00,2025,108.09,108.09,108.09
2026-10-23 00:00:00+02:00,2025-10-23 00:00:00+02:00,2025,101.38,101.38,101.38
2026-10-23 01:00:00+02:00,2025-10-23 01:00:00+02:00,2025,98.74,98.74,98.74
2026-10-23 02:00:00+02:00,2025-10-23 02:00:00+02:00,2025,95.07,95.07,95.07
2026-10-23 03:00:00+02:00,2025-10-23 03:00:00+02:00,2025,79.92,79.92,79.92
2026-10-23 04:00:00+02:00,2025-10-23 04:00:00+02:00,2025,71.0,71.0,71.0
2026-10-23 05:00:00+02:00,2025-10-23 05:00:00+02:00,2025,67.52,67.52,67.52
2026-10-23 06:00:00+02:00,2025-10-23 06:00:00+02:00,2025,72.25,72.25,72.25
2026-10-23 07:00:00+02:00,2025-10-23 07:00:00+02:00,2025,82.28,82.28,82.28
2026-10-23 08:00:00+02:00,2025-10-23 08:00:00+02:00,2025,90.0,90.0,90.0
2026-10-23 09:00:00+02:00,2025-10-23 09:00:00+02:00,2025,83.02,83.02,83.02
2026-10-23 10:00:00+02:00,2025-10-23 10:00:00+02:00,2025,79.7,79.7,79.7
2026-10-23 11:00:00+02:00,2025-10-23 11:00:00+02:00,2025,69.6,69.6,69.6
2026-10-23 12:00:00+02:00,2025-10-23 12:00:00+02:00,2025,66.1,66.1,66.1
2026-10-23 13:00:00+02:00,2025-10-23 13:00:00+02:00,2025,64.11,64.11,64.11
2026-10-23 14:00:00+02:00,2025-10-23 14:00:00+02:00,2025,63.54,63.54,63.54
2026-10-23 15:00:00+02:00,2025-10-23 15:00:00+02:00,2025,75.61,75.61,75.61
2026-10-23 16:00:00+02:00,2025-10-23 16:00:00+02:00,2025,85.5,85.5,85.5
2026-10-23 17:00:00+02:00,2025-10-23 17:00:00+02:00,2025,98.12,98.12,98.12
2026-10-23 18:00:00+02:00,2025-10-23 18:00:00+02:00,2025,114.93,114.93,114.93
2026-10-23 19:00:00+02:00,2025-10-23 19:00:00+02:00,2025,107.91,107.91,107.91
2026-10-23 20:00:00+02:00,2025-10-23 20:00:00+02:00,2025,87.71,87.71,87.71
2026-10-23 21:00:00+02:00,2025-10-23 21:00:00+02:00,2025,82.81,82.81,82.81
2026-10-23 22:00:00+02:00,2025-10-23 22:00:00+02:00,2025,77.66,77.66,77.66
2026-10-23 23:00:00+02:00,2025-10-23 23:00:00+02:00,2025,60.08,60.08,60.08
2026-10-24 00:00:00+02:00,2025-10-24 00:00:00+02:00,2025,14.34,14.34,14.34
2026-10-24 01:00:00+02:00,2025-10-24 01:00:00+02:00,2025,9.84,9.84,9.84
2026-10-24 02:00:00+02:00,2025-10-24 02:00:00+02:00,2025,6.52,6.52,6.52
2026-10-24 03:00:00+02:00,2025-10-24 03:00:00+02:00,2025,1.03,1.03,1.03
2026-10-24 04:00:00+02:00,2025-10-24 04:00:00+02:00,2025,2.19,2.19,2.19
2026-10-24 05:00:00+02:00,2025-10-24 05:00:00+02:00,2025,7.53,7.53,7.53
2026-10-24 06:00:00+02:00,2025-10-24 06:00:00+02:00,2025,23.28,23.28,23.28
2026-10-24 07:00:00+02:00,2025-10-24 07:00:00+02:00,2025,64.99,64.99,64.99
2026-10-24 08:00:00+02:00,2025-10-24 08:00:00+02:00,2025,84.87,84.87,84.87
2026-10-24 09:00:00+02:00,2025-10-24 09:00:00+02:00,2025,76.55,76.55,76.55
2026-10-24 10:00:00+02:00,2025-10-24 10:00:00+02:00,2025,58.3,58.3,58.3
2026-10-24 11:00:00+02:00,2025-10-24 11:00:00+02:00,2025,33.0,33.0,33.0
2026-10-24 12:00:00+02:00,2025-10-24 12:00:00+02:00,2025,1.25,1.25,1.25
2026-10-24 13:00:00+02:00,2025-10-24 13:00:00+02:00,2025,-0.01,-0.01,-0.01
2026-10-24 14:00:00+02:00,2025-10-24 14:00:00+02:00,2025,-0.01,-0.01,-0.01
2026-10-24 15:00:00+02:00,2025-10-24 15:00:00+02:00,2025,1.81,1.81,1.81
2026-10-24 16:00:00+02:00,2025-10-24 16:00:00+02:00,2025,37.32,37.32,37.32
2026-10-24 17:00:00+02:00,2025-10-24 17:00:00+02:00,2025,66.26,66.26,66.26
2026-10-24 18:00:00+02:00,2025-10-24 18:00:00+02:00,2025,74.61,74.61,74.61
2026-10-24 19:00:00+02:00,2025-10-24 19:00:00+02:00,2025,74.61,74.61,74.61
2026-10-24 20:00:00+02:00,2025-10-24 20:00:00+02:00,2025,57.05,57.05,57.05
2026-10-24 21:00:00+02:00,2025-10-24 21:00:00+02:00,2025,41.51,41.51,41.51
2026-10-24 22:00:00+02:00,2025-10-24 22:00:00+02:00,2025,28.92,28.92,28.92
2026-10-24 23:00:00+02:00,2025-10-24 23:00:00+02:00,2025,9.97,9.97,9.97
2026-10-25 00:00:00+02:00,2025-10-25 00:00:00+02:00,2025,3.52,3.52,3.52
2026-10-25 01:00:00+02:00,2025-10-25 01:00:00+02:00,2025,1.32,1.32,1.32
2026-10-25 02:00:00+02:00,2025-10-25 02:00:00+02:00,2025,0.92,0.92,0.92
2026-10-25 02:00:00+01:00,2025-10-25 03:00:00+02:00,2025,0.0,0.0,0.0
2026-10-25 03:00:00+01:00,2025-10-25 04:00:00+02:00,2025,-0.01,-0.01,-0.01
2026-10-25 04:00:00+01:00,2025-10-25 05:00:00+02:00,2025,0.16,0.16,0.16
2026-10-25 05:00:00+01:00,2025-10-25 06:00:00+02:00,2025,0.52,0.52,0.52
2026-10-25 06:00:00+01:00,2025-10-25 07:00:00+02:00,2025,0.99,0.99,0.99
2026-10-25 07:00:00+01:00,2025-10-25 08:00:00+02:00,2025,4.0,4.0,4.0
2026-10-25 08:00:00+01:00,2025-10-25 09:00:00+02:00,2025,7.58,7.58,7.58
2026-10-25 09:00:00+01:00,2025-10-25 10:00:00+02:00,2025,6.73,6.73,6.73
2026-10-25 10:00:00+01:00,2025-10-25 11:00:00+02:00,2025,4.77,4.77,4.77
2026-10-25 11:00:00+01:00,2025-10-25 12:00:00+02:00,2025,6.1,6.1,6.1
2026-10-25 12:00:00+01:00,2025-10-25 13:00:00+02:00,2025,4.37,4.37,4.37
2026-10-25 13:00:00+01:00,2025-10-25 14:00:00+02:00,2025,4.03,4.03,4.03
2026-10-25 14:00:00+01:00,2025-10-25 15:00:00+02:00,2025,3.95,3.95,3.95
2026-10-25 15:00:00+01:00,2025-10-25 16:00:00+02:00,2025,5.56,5.56,5.56
2026-10-25 16:00:00+01:00,2025-10-25 17:00:00+02:00,2025,25.31,25.31,25.31
2026-10-25 17:00:00+01:00,2025-10-25 18:00:00+02:00,2025,55.25,55.25,55.25
2026-10-25 18:00:00+01:00,2025-10-25 19:00:00+02:00,2025,61.27,61.27,61.27
2026-10-25 19:00:00+01:00,2025-10-25 20:00:00+02:00,2025,34.0,34.0,34.0
2026-10-25 20:00:00+01:00,2025-10-25 21:00:00+02:00,2025,14.11,14.11,14.11
2026-10-25 21:00:00+01:00,2025-10-25 22:00:00+02:00,2025,16.68,16.68,16.68
2026-10-25 22:00:00+01:00,2025-10-25 23:00:00+02:00,2025,8.17,8.17,8.17
2026-10-25 23:00:00+01:00,2025-10-26 00:00:00+02:00,2025,5.57,5.57,5.57
2026-10-26 00:00:00+01:00,2025-10-26 01:00:00+02:00,2025,3.7,3.7,3.7
2026-10-26 01:00:00+01:00,2025-10-26 02:00:00+02:00,2025,3.19,3.19,3.19
2026-10-26 02:00:00+01:00,2025-10-26 02:00:00+01:00,2025,2.02,2.02,2.02
2026-10-26 03:00:00+01:00,2025-10-26 03:00:00+01:00,2025,0.34,0.34,0.34
2026-10-26 04:00:00+01:00,2025-10-26 04:00:00+01:00,2025,0.1,0.1,0.1
2026-10-26 05:00:00+01:00,2025-10-26 05:00:00+01:00,2025,0.11,0.11,0.11
2026-10-26 06:00:00+01:00,2025-10-26 06:00:00+01:00,2025,0.11,0.11,0.11
2026-10-26 07:00:00+01:00,2025-10-26 07:00:00+01:00,2025,0.1,0.1,0.1
2026-10-26 08:00:00+01:00,2025-10-26 08:00:00+01:00,2025,-0.01,-0.01,-0.01
2026-10-26 09:00:00+01:00,2025-10-26 09:00:00+01:00,2025,-0.31,-0.31,-0.31
2026-10-26 10:00:00+01:00,2025-10-26 10:00:00+01:00,2025,-0.07,-0.07,-0.07
2026-10-26 11:00:00+01:00,2025-10-26 11:00:00+01:00,2025,-0.08,-0.08,-0.08
2026-10-26 12:00:00+01:00,2025-10-26 12:00:00+01:00,2025,-0.07,-0.07,-0.07
2026-10-26 13:00:00+01:00,2025-10-26 13:00:00+01:00,2025,-0.54,-0.54,-0.54
2026-10-26 14:00:00+01:00,2025-10-26 14:00:00+01:00,2025,-0.73,-0.73,-0.73
2026-10-26 15:00:00+01:00,2025-10-26 15:00:00+01:00,2025,-0.01,-0.01,-0.01
2026-10-26 16:00:00+01:00,2025-10-26 16:00:00+01:00,2025,3.04,3.04,3.04
2026-10-26 17:00:00+01:00,2025-10-26 17:00:00+01:00,2025,30.0,30.0,30.0
2026-10-26 18:00:00+01:00,2025-10-26 18:00:00+01:00,2025,42.02,42.02,42.02
2026-10-26 19:00:00+01:00,2025-10-26 19:00:00+01:00,2025,34.73,34.73,34.73
2026-10-26 20:00:00+01:00,2025-10-26 20:00:00+01:00,2025,16.64,16.64,16.64
2026-10-26 21:00:00+01:00,2025-10-26 21:00:00+01:00,2025,3.07,3.07,3.07
2026-10-26 22:00:00+01:00,2025-10-26 22:00:00+01:00,2025,14.91,14.91,14.91
2026-10-26 23:00:00+01:00,2025-10-26 23:00:00+01:00,2025,5.06,5.06,5.06
2026-10-27 00:00:00+01:00,2025-10-27 00:00:00+01:00,2025,1.34,1.34,1.34
2026-10-27 01:00:00+01:00,2025-10-27 01:00:00+01:00,2025,1.83,1.83,1.83
2026-10-27 02:00:00+01:00,2025-10-27 02:00:00+01:00,2025,1.25,1.25,1.25
2026-10-27 03:00:00+01:00,2025-10-27 03:00:00+01:00,2025,0.0,0.0,0.0
2026-10-27 04:00:00+01:00,2025-10-27 04:00:00+01:00,2025,1.31,1.31,1.31
2026-10-27 05:00:00+01:00,2025-10-27 05:00:00+01:00,2025,10.78,10.78,10.78
2026-10-27 06:00:00+01:00,2025-10-27 06:00:00+01:00,2025,55.0,55.0,55.0
2026-10-27 07:00:00+01:00,2025-10-27 07:00:00+01:00,2025,86.07,86.07,86.07
2026-10-27 08:00:00+01:00,2025-10-27 08:00:00+01:00,2025,100.15,100.15,100.15
2026-10-27 09:00:00+01:00,2025-10-27 09:00:00+01:00,2025,101.86,101.86,101.86
2026-10-27 10:00:00+01:00,2025-10-27 10:00:00+01:00,2025,96.74,96.74,96.74
2026-10-27 11:00:00+01:00,2025-10-27 11:00:00+01:00,2025,94.63,94.63,94.63
2026-10-27 12:00:00+01:00,2025-10-27 12:00:00+01:00,2025,82.7,82.7,82.7
2026-10-27 13:00:00+01:00,2025-10-27 13:00:00+01:00,2025,81.12,81.12,81.12
2026-10-27 14:00:00+01:00,2025-10-27 14:00:00+01:00,2025,83.35,83.35,83.35
2026-10-27 15:00:00+01:00,2025-10-27 15:00:00+01:00,2025,83.66,83.66,83.66
2026-10-27 16:00:00+01:00,2025-10-27 16:00:00+01:00,2025,99.23,99.23,99.23
2026-10-27 17:00:00+01:00,2025-10-27 17:00:00+01:00,2025,110.71,110.71,110.71
2026-10-27 18:00:00+01:00,2025-10-27 18:00:00+01:00,2025,126.54,126.54,126.54
2026-10-27 19:00:00+01:00,2025-10-27 19:00:00+01:00,2025,113.5,113.5,113.5
2026-10-27 20:00:00+01:00,2025-10-27 20:00:00+01:00,2025,95.04,95.04,95.04
2026-10-27 21:00:00+01:00,2025-10-27 21:00:00+01:00,2025,77.94,77.94,77.94
2026-10-27 22:00:00+01:00,2025-10-27 22:00:00+01:00,2025,74.48,74.48,74.48
2026-10-27 23:00:00+01:00,2025-10-27 23:00:00+01:00,2025,62.43,62.43,62.43
2026-10-28 00:00:00+01:00,2025-10-28 00:00:00+01:00,2025,44.11,44.11,44.11
2026-10-28 01:00:00+01:00,2025-10-28 01:00:00+01:00,2025,28.88,28.88,28.88
2026-10-28 02:00:00+01:00,2025-10-28 02:00:00+01:00,2025,18.54,18.54,18.54
2026-10-28 03:00:00+01:00,2025-10-28 03:00:00+01:00,2025,10.22,10.22,10.22
2026-10-28 04:00:00+01:00,2025-10-28 04:00:00+01:00,2025,10.95,10.95,10.95
2026-10-28 05:00:00+01:00,2025-10-28 05:00:00+01:00,2025,30.41,30.41,30.41
2026-10-28 06:00:00+01:00,2025-10-28 06:00:00+01:00,2025,59.52,59.52,59.52
2026-10-28 07:00:00+01:00,2025-10-28 07:00:00+01:00,2025,80.38,80.38,80.38
2026-10-28 08:00:00+01:00,2025-10-28 08:00:00+01:00,2025,89.4,89.4,89.4
2026-10-28 09:00:00+01:00,2025-10-28 09:00:00+01:00,2025,87.37,87.37,87.37
2026-10-28 10:00:00+01:00,2025-10-28 10:00:00+01:00,2025,81.0,81.0,81.0
2026-10-28 11:00:00+01:00,2025-10-28 11:00:00+01:00,2025,75.42,75.42,75.42
2026-10-28 12:00:00+01:00,2025-10-28 12:00:00+01:00,2025,67.56,67.56,67.56
2026-10-28 13:00:00+01:00,2025-10-28 13:00:00+01:00,2025,62.3,62.3,62.3
2026-10-28 14:00:00+01:00,2025-10-28 14:00:00+01:00,2025,64.42,64.42,64.42
2026-10-28 15:00:00+01:00,2025-10-28 15:00:00+01:00,2025,73.1,73.1,73.1
2026-10-28 16:00:00+01:00,2025-10-28 16:00:00+01:00,2025,80.07,80.07,80.07
2026-10-28 17:00:00+01:00,2025-10-28 17:00:00+01:00,2025,93.83,93.83,93.83
2026-10-28 18:00:00+01:00,2025-10-28 18:00:00+01:00,2025,110.23,110.23,110.23
2026-10-28 19:00:00+01:00,2025-10-28 19:00:00+01:00,2025,106.91,106.91,106.91
2026-10-28 20:00:00+01:00,2025-10-28 20:00:00+01:00,2025,91.92,91.92,91.92
2026-10-28 21:00:00+01:00,2025-10-28 21:00:00+01:00,2025,80.84,80.84,80.84
2026-10-28 22:00:00+01:00,2025-10-28 22:00:00+01:00,2025,79.58,79.58,79.58
2026-10-28 23:00:00+01:00,2025-10-28 23:00:00+01:00,2025,73.22,73.22,73.22
2026-10-29 00:00:00+01:00,2025-10-29 00:00:00+01:00,2025,58.8,58.8,58.8
2026-10-29 01:00:00+01:00,2025-10-29 01:00:00+01:00,2025,54.04,54.04,54.04
2026-10-29 02:00:00+01:00,2025-10-29 02:00:00+01:00,2025,54.16,54.16,54.16
2026-10-29 03:00:00+01:00,2025-10-29 03:00:00+01:00,2025,56.35,56.35,56.35
2026-10-29 04:00:00+01:00,2025-10-29 04:00:00+01:00,2025,54.73,54.73,54.73
2026-10-29 05:00:00+01:00,2025-10-29 05:00:00+01:00,2025,66.62,66.62,66.62
2026-10-29 06:00:00+01:00,2025-10-29 06:00:00+01:00,2025,95.43,95.43,95.43
2026-10-29 07:00:00+01:00,2025-10-29 07:00:00+01:00,2025,107.53,107.53,107.53
2026-10-29 08:00:00+01:00,2025-10-29 08:00:00+01:00,2025,100.27,100.27,100.27
2026-10-29 09:00:00+01:00,2025-10-29 09:00:00+01:00,2025,85.81,85.81,85.81
2026-10-29 10:00:00+01:00,2025-10-29 10:00:00+01:00,2025,71.95,71.95,71.95
2026-10-29 11:00:00+01:00,2025-10-29 11:00:00+01:00,2025,70.21,70.21,70.21
2026-10-29 12:00:00+01:00,2025-10-29 12:00:00+01:00,2025,70.84,70.84,70.84
2026-10-29 13:00:00+01:00,2025-10-29 13:00:00+01:00,2025,77.11,77.11,77.11
2026-10-29 14:00:00+01:00,2025-10-29 14:00:00+01:00,2025,88.85,88.85,88.85
2026-10-29 15:00:00+01:00,2025-10-29 15:00:00+01:00,2025,116.36,116.36,116.36
2026-10-29 16:00:00+01:00,2025-10-29 16:00:00+01:00,2025,126.23,126.23,126.23
2026-10-29 17:00:00+01:00,2025-10-29 17:00:00+01:00,2025,126.98,126.98,126.98
2026-10-29 18:00:00+01:00,2025-10-29 18:00:00+01:00,2025,128.74,128.74,128.74
2026-10-29 19:00:00+01:00,2025-10-29 19:00:00+01:00,2025,113.54,113.54,113.54
2026-10-29 20:00:00+01:00,2025-10-29 20:00:00+01:00,2025,102.65,102.65,102.65
2026-10-29 21:00:00+01:00,2025-10-29 21:00:00+01:00,2025,96.5,96.5,96.5
2026-10-29 22:00:00+01:00,2025-10-29 22:00:00+01:00,2025,94.42,94.42,94.42
2026-10-29 23:00:00+01:00,2025-10-29 23:00:00+01:00,2025,87.14,87.14,87.14
2026-10-30 00:00:00+01:00,2025-10-30 00:00:00+01:00,2025,75.25,75.25,75.25
2026-10-30 01:00:00+01:00,2025-10-30 01:00:00+01:00,2025,70.11,70.11,70.11
2026-10-30 02:00:00+01:00,2025-10-30 02:00:00+01:00,2025,65.53,65.53,65.53
2026-10-30 03:00:00+01:00,2025-10-30 03:00:00+01:00,2025,60.42,60.42,60.42
2026-10-30 04:00:00+01:00,2025-10-30 04:00:00+01:00,2025,57.15,57.15,57.15
2026-10-30 05:00:00+01:00,2025-10-30 05:00:00+01:00,2025,60.01,60.01,60.01
2026-10-30 06:00:00+01:00,2025-10-30 06:00:00+01:00,2025,69.18,69.18,69.18
2026-10-30 07:00:00+01:00,2025-10-30 07:00:00+01:00,2025,79.94,79.94,79.94
2026-10-30 08:00:00+01:00,2025-10-30 08:00:00+01:00,2025,85.3,85.3,85.3
2026-10-30 09:00:00+01:00,2025-10-30 09:00:00+01:00,2025,66.72,66.72,66.72
2026-10-30 10:00:00+01:00,2025-10-30 10:00:00+01:00,2025,42.9,42.9,42.9
2026-10-30 11:00:00+01:00,2025-10-30 11:00:00+01:00,2025,7.08,7.08,7.08
2026-10-30 12:00:00+01:00,2025-10-30 12:00:00+01:00,2025,0.0,0.0,0.0
2026-10-30 13:00:00+01:00,2025-10-30 13:00:00+01:00,2025,0.0,0.0,0.0
2026-10-30 14:00:00+01:00,2025-10-30 14:00:00+01:00,2025,31.29,31.29,31.29
2026-10-30 15:00:00+01:00,2025-10-30 15:00:00+01:00,2025,69.8,69.8,69.8
2026-10-30 16:00:00+01:00,2025-10-30 16:00:00+01:00,2025,85.3,85.3,85.3
2026-10-30 17:00:00+01:00,2025-10-30 17:00:00+01:00,2025,117.93,117.93,117.93
2026-10-30 18:00:00+01:00,2025-10-30 18:00:00+01:00,2025,117.7,117.7,117.7
2026-10-30 19:00:00+01:00,2025-10-30 19:00:00+01:00,2025,117.67,117.67,117.67
2026-10-30 20:00:00+01:00,2025-10-30 20:00:00+01:00,2025,105.29,105.29,105.29
2026-10-30 21:00:00+01:00,2025-10-30 21:00:00+01:00,2025,98.04,98.04,98.04
2026-10-30 22:00:00+01:00,2025-10-30 22:00:00+01:00,2025,98.44,98.44,98.44
2026-10-30 23:00:00+01:00,2025-10-30 23:00:00+01:00,2025,84.83,84.83,84.83
2026-10-31 00:00:00+01:00,2025-10-31 00:00:00+01:00,2025,87.74,87.74,87.74
2026-10-31 01:00:00+01:00,2025-10-31 01:00:00+01:00,2025,78.16,78.16,78.16
2026-10-31 02:00:00+01:00,2025-10-31 02:00:00+01:00,2025,74.74,74.74,74.74
2026-10-31 03:00:00+01:00,2025-10-31 03:00:00+01:00,2025,75.68,75.68,75.68
2026-10-31 04:00:00+01:00,2025-10-31 04:00:00+01:00,2025,79.76,79.76,79.76
2026-10-31 05:00:00+01:00,2025-10-31 05:00:00+01:00,2025,91.83,91.83,91.83
2026-10-31 06:00:00+01:00,2025-10-31 06:00:00+01:00,2025,120.39,120.39,120.39
2026-10-31 07:00:00+01:00,2025-10-31 07:00:00+01:00,2025,119.57,119.57,119.57
2026-10-31 08:00:00+01:00,2025-10-31 08:00:00+01:00,2025,108.77,108.77,108.77
2026-10-31 09:00:00+01:00,2025-10-31 09:00:00+01:00,2025,83.01,83.01,83.01
2026-10-31 10:00:00+01:00,2025-10-31 10:00:00+01:00,2025,75.67,75.67,75.67
2026-10-31 11:00:00+01:00,2025-10-31 11:00:00+01:00,2025,74.09,74.09,74.09
2026-10-31 12:00:00+01:00,2025-10-31 12:00:00+01:00,2025,75.99,75.99,75.99
2026-10-31 13:00:00+01:00,2025-10-31 13:00:00+01:00,2025,84.21,84.21,84.21
2026-10-31 14:00:00+01:00,2025-10-31 14:00:00+01:00,2025,106.7,106.7,106.7
2026-10-31 15:00:00+01:00,2025-10-31 15:00:00+01:00,2025,127.08,127.08,127.08
2026-10-31 16:00:00+01:00,2025-10-31 16:00:00+01:00,2025,132.05,132.05,132.05
2026-10-31 17:00:00+01:00,2025-10-31 17:00:00+01:00,2025,122.18,122.18,122.18
2026-10-31 18:00:00+01:00,2025-10-31 18:00:00+01:00,2025,107.28,107.28,107.28
2026-10-31 19:00:00+01:00,2025-10-31 19:00:00+01:00,2025,90.01,90.01,90.01
2026-10-31 20:00:00+01:00,2025-10-31 20:00:00+01:00,2025,86.05,86.05,86.05
2026-10-31 21:00:00+01:00,2025-10-31 21:00:00+01:00,2025,87.47,87.47,87.47
2026-10-31 22:00:00+01:00,2025-10-31 22:00:00+01:00,2025,81.85,81.85,81.85
2026-10-31 23:00:00+01:00,2025-10-31 23:00:00+01:00,2025,67.6,67.6,67.6
2026-11-01 00:00:00+01:00,2025-11-01 00:00:00+01:00,2025,54.71,54.71,54.71
2026-11-01 01:00:00+01:00,2025-11-01 01:00:00+01:00,2025,38.12,38.12,38.12
2026-11-01 02:00:00+01:00,2025-11-01 02:00:00+01:00,2025,28.27,28.27,28.27
2026-11-01 03:00:00+01:00,2025-11-01 03:00:00+01:00,2025,29.96,29.96,29.96
2026-11-01 04:00:00+01:00,2025-11-01 04:00:00+01:00,2025,19.9,19.9,19.9
2026-11-01 05:00:00+01:00,2025-11-01 05:00:00+01:00,2025,15.33,15.33,15.33
2026-11-01 06:00:00+01:00,2025-11-01 06:00:00+01:00,2025,11.63,11.63,11.63
2026-11-01 07:00:00+01:00,2025-11-01 07:00:00+01:00,2025,17.61,17.61,17.61
2026-11-01 08:00:00+01:00,2025-11-01 08:00:00+01:00,2025,29.95,29.95,29.95
2026-11-01 09:00:00+01:00,2025-11-01 09:00:00+01:00,2025,27.04,27.04,27.04
2026-11-01 10:00:00+01:00,2025-11-01 10:00:00+01:00,2025,18.3,18.3,18.3
2026-11-01 11:00:00+01:00,2025-11-01 11:00:00+01:00,2025,15.76,15.76,15.76
2026-11-01 12:00:00+01:00,2025-11-01 12:00:00+01:00,2025,21.02,21.02,21.02
2026-11-01 13:00:00+01:00,2025-11-01 13:00:00+01:00,2025,31.74,31.74,31.74
2026-11-01 14:00:00+01:00,2025-11-01 14:00:00+01:00,2025,54.0,54.0,54.0
2026-11-01 15:00:00+01:00,2025-11-01 15:00:00+01:00,2025,59.07,59.07,59.07
2026-11-01 16:00:00+01:00,2025-11-01 16:00:00+01:00,2025,76.59,76.59,76.59
2026-11-01 17:00:00+01:00,2025-11-01 17:00:00+01:00,2025,88.79,88.79,88.79
2026-11-01 18:00:00+01:00,2025-11-01 18:00:00+01:00,2025,89.06,89.06,89.06
2026-11-01 19:00:00+01:00,2025-11-01 19:00:00+01:00,2025,86.4,86.4,86.4
2026-11-01 20:00:00+01:00,2025-11-01 20:00:00+01:00,2025,86.2,86.2,86.2
2026-11-01 21:00:00+01:00,2025-11-01 21:00:00+01:00,2025,83.28,83.28,83.28
2026-11-01 22:00:00+01:00,2025-11-01 22:00:00+01:00,2025,82.93,82.93,82.93
2026-11-01 23:00:00+01:00,2025-11-01 23:00:00+01:00,2025,77.51,77.51,77.51
2026-11-02 00:00:00+01:00,2025-11-02 00:00:00+01:00,2025,64.29,64.29,64.29
2026-11-02 01:00:00+01:00,2025-11-02 01:00:00+01:00,2025,60.33,60.33,60.33
2026-11-02 02:00:00+01:00,2025-11-02 02:00:00+01:00,2025,60.98,60.98,60.98
2026-11-02 03:00:00+01:00,2025-11-02 03:00:00+01:00,2025,62.73,62.73,62.73
2026-11-02 04:00:00+01:00,2025-11-02 04:00:00+01:00,2025,67.02,67.02,67.02
2026-11-02 05:00:00+01:00,2025-11-02 05:00:00+01:00,2025,68.81,68.81,68.81
2026-11-02 06:00:00+01:00,2025-11-02 06:00:00+01:00,2025,70.35,70.35,70.35
2026-11-02 07:00:00+01:00,2025-11-02 07:00:00+01:00,2025,75.53,75.53,75.53
2026-11-02 08:00:00+01:00,2025-11-02 08:00:00+01:00,2025,77.12,77.12,77.12
2026-11-02 09:00:00+01:00,2025-11-02 09:00:00+01:00,2025,78.46,78.46,78.46
2026-11-02 10:00:00+01:00,2025-11-02 10:00:00+01:00,2025,74.99,74.99,74.99
2026-11-02 11:00:00+01:00,2025-11-02 11:00:00+01:00,2025,74.98,74.98,74.98
2026-11-02 12:00:00+01:00,2025-11-02 12:00:00+01:00,2025,75.21,75.21,75.21
2026-11-02 13:00:00+01:00,2025-11-02 13:00:00+01:00,2025,83.16,83.16,83.16
2026-11-02 14:00:00+01:00,2025-11-02 14:00:00+01:00,2025,92.55,92.55,92.55
2026-11-02 15:00:00+01:00,2025-11-02 15:00:00+01:00,2025,110.65,110.65,110.65
2026-11-02 16:00:00+01:00,2025-11-02 16:00:00+01:00,2025,116.5,116.5,116.5
2026-11-02 17:00:00+01:00,2025-11-02 17:00:00+01:00,2025,132.07,132.07,132.07
2026-11-02 18:00:00+01:00,2025-11-02 18:00:00+01:00,2025,130.41,130.41,130.41
2026-11-02 19:00:00+01:00,2025-11-02 19:00:00+01:00,2025,113.61,113.61,113.61
2026-11-02 20:00:00+01:00,2025-11-02 20:00:00+01:00,2025,98.6,98.6,98.6
2026-11-02 21:00:00+01:00,2025-11-02 21:00:00+01:00,2025,95.33,95.33,95.33
2026-11-02 22:00:00+01:00,2025-11-02 22:00:00+01:00,2025,93.18,93.18,93.18
2026-11-02 23:00:00+01:00,2025-11-02 23:00:00+01:00,2025,85.04,85.04,85.04
2026-11-03 00:00:00+01:00,2025-11-03 00:00:00+01:00,2025,82.44,82.44,82.44
2026-11-03 01:00:00+01:00,2025-11-03 01:00:00+01:00,2025,80.11,80.11,80.11
2026-11-03 02:00:00+01:00,2025-11-03 02:00:00+01:00,2025,75.0,75.0,75.0
2026-11-03 03:00:00+01:00,2025-11-03 03:00:00+01:00,2025,73.14,73.14,73.14
2026-11-03 04:00:00+01:00,2025-11-03 04:00:00+01:00,2025,74.97,74.97,74.97
2026-11-03 05:00:00+01:00,2025-11-03 05:00:00+01:00,2025,75.0,75.0,75.0
2026-11-03 06:00:00+01:00,2025-11-03 06:00:00+01:00,2025,95.33,95.33,95.33
2026-11-03 07:00:00+01:00,2025-11-03 07:00:00+01:00,2025,117.26,117.26,117.26
2026-11-03 08:00:00+01:00,2025-11-03 08:00:00+01:00,2025,105.0,105.0,105.0
2026-11-03 09:00:00+01:00,2025-11-03 09:00:00+01:00,2025,85.76,85.76,85.76
2026-11-03 10:00:00+01:00,2025-11-03 10:00:00+01:00,2025,75.45,75.45,75.45
2026-11-03 11:00:00+01:00,2025-11-03 11:00:00+01:00,2025,71.68,71.68,71.68
2026-11-03 12:00:00+01:00,2025-11-03 12:00:00+01:00,2025,67.99,67.99,67.99
2026-11-03 13:00:00+01:00,2025-11-03 13:00:00+01:00,2025,71.93,71.93,71.93
2026-11-03 14:00:00+01:00,2025-11-03 14:00:00+01:00,2025,74.98,74.98,74.98
2026-11-03 15:00:00+01:00,2025-11-03 15:00:00+01:00,2025,82.61,82.61,82.61
2026-11-03 16:00:00+01:00,2025-11-03 16:00:00+01:00,2025,92.74,92.74,92.74
2026-11-03 17:00:00+01:00,2025-11-03 17:00:00+01:00,2025,92.52,92.52,92.52
2026-11-03 18:00:00+01:00,2025-11-03 18:00:00+01:00,2025,90.56,90.56,90.56
2026-11-03 19:00:00+01:00,2025-11-03 19:00:00+01:00,2025,81.57,81.57,81.57
2026-11-03 20:00:00+01:00,2025-11-03 20:00:00+01:00,2025,71.63,71.63,71.63
2026-11-03 21:00:00+01:00,2025-11-03 21:00:00+01:00,2025,60.01,60.01,60.01
2026-11-03 22:00:00+01:00,2025-11-03 22:00:00+01:00,2025,52.71,52.71,52.71
2026-11-03 23:00:00+01:00,2025-11-03 23:00:00+01:00,2025,28.72,28.72,28.72
2026-11-04 00:00:00+01:00,2025-11-04 00:00:00+01:00,2025,16.53,16.53,16.53
2026-11-04 01:00:00+01:00,2025-11-04 01:00:00+01:00,2025,7.26,7.26,7.26
2026-11-04 02:00:00+01:00,2025-11-04 02:00:00+01:00,2025,4.93,4.93,4.93
2026-11-04 03:00:00+01:00,2025-11-04 03:00:00+01:00,2025,6.31,6.31,6.31
2026-11-04 04:00:00+01:00,2025-11-04 04:00:00+01:00,2025,21.2,21.2,21.2
2026-11-04 05:00:00+01:00,2025-11-04 05:00:00+01:00,2025,58.43,58.43,58.43
2026-11-04 06:00:00+01:00,2025-11-04 06:00:00+01:00,2025,81.04,81.04,81.04
2026-11-04 07:00:00+01:00,2025-11-04 07:00:00+01:00,2025,114.31,114.31,114.31
2026-11-04 08:00:00+01:00,2025-11-04 08:00:00+01:00,2025,110.0,110.0,110.0
2026-11-04 09:00:00+01:00,2025-11-04 09:00:00+01:00,2025,80.85,80.85,80.85
2026-11-04 10:00:00+01:00,2025-11-04 10:00:00+01:00,2025,60.65,60.65,60.65
2026-11-04 11:00:00+01:00,2025-11-04 11:00:00+01:00,2025,52.87,52.87,52.87
2026-11-04 12:00:00+01:00,2025-11-04 12:00:00+01:00,2025,50.15,50.15,50.15
2026-11-04 13:00:00+01:00,2025-11-04 13:00:00+01:00,2025,66.94,66.94,66.94
2026-11-04 14:00:00+01:00,2025-11-04 14:00:00+01:00,2025,81.05,81.05,81.05
2026-11-04 15:00:00+01:00,2025-11-04 15:00:00+01:00,2025,116.26,116.26,116.26
2026-11-04 16:00:00+01:00,2025-11-04 16:00:00+01:00,2025,127.48,127.48,127.48
2026-11-04 17:00:00+01:00,2025-11-04 17:00:00+01:00,2025,129.1,129.1,129.1
2026-11-04 18:00:00+01:00,2025-11-04 18:00:00+01:00,2025,122.76,122.76,122.76
2026-11-04 19:00:00+01:00,2025-11-04 19:00:00+01:00,2025,106.7,106.7,106.7
2026-11-04 20:00:00+01:00,2025-11-04 20:00:00+01:00,2025,96.75,96.75,96.75
2026-11-04 21:00:00+01:00,2025-11-04 21:00:00+01:00,2025,91.37,91.37,91.37
2026-11-04 22:00:00+01:00,2025-11-04 22:00:00+01:00,2025,86.24,86.24,86.24
2026-11-04 23:00:00+01:00,2025-11-04 23:00:00+01:00,2025,76.12,76.12,76.12
2026-11-05 00:00:00+01:00,2025-11-05 00:00:00+01:00,2025,77.33,77.33,77.33
2026-11-05 01:00:00+01:00,2025-11-05 01:00:00+01:00,2025,75.82,75.82,75.82
2026-11-05 02:00:00+01:00,2025-11-05 02:00:00+01:00,2025,74.36,74.36,74.36
2026-11-05 03:00:00+01:00,2025-11-05 03:00:00+01:00,2025,74.68,74.68,74.68
2026-11-05 04:00:00+01:00,2025-11-05 04:00:00+01:00,2025,78.88,78.88,78.88
2026-11-05 05:00:00+01:00,2025-11-05 05:00:00+01:00,2025,85.0,85.0,85.0
2026-11-05 06:00:00+01:00,2025-11-05 06:00:00+01:00,2025,91.36,91.36,91.36
2026-11-05 07:00:00+01:00,2025-11-05 07:00:00+01:00,2025,115.9,115.9,115.9
2026-11-05 08:00:00+01:00,2025-11-05 08:00:00+01:00,2025,107.12,107.12,107.12
2026-11-05 09:00:00+01:00,2025-11-05 09:00:00+01:00,2025,74.54,74.54,74.54
2026-11-05 10:00:00+01:00,2025-11-05 10:00:00+01:00,2025,62.88,62.88,62.88
2026-11-05 11:00:00+01:00,2025-11-05 11:00:00+01:00,2025,62.01,62.01,62.01
2026-11-05 12:00:00+01:00,2025-11-05 12:00:00+01:00,2025,62.07,62.07,62.07
2026-11-05 13:00:00+01:00,2025-11-05 13:00:00+01:00,2025,77.33,77.33,77.33
2026-11-05 14:00:00+01:00,2025-11-05 14:00:00+01:00,2025,96.19,96.19,96.19
2026-11-05 15:00:00+01:00,2025-11-05 15:00:00+01:00,2025,115.4,115.4,115.4
2026-11-05 16:00:00+01:00,2025-11-05 16:00:00+01:00,2025,141.38,141.38,141.38
2026-11-05 17:00:00+01:00,2025-11-05 17:00:00+01:00,2025,147.42,147.42,147.42
2026-11-05 18:00:00+01:00,2025-11-05 18:00:00+01:00,2025,127.58,127.58,127.58
2026-11-05 19:00:00+01:00,2025-11-05 19:00:00+01:00,2025,114.76,114.76,114.76
2026-11-05 20:00:00+01:00,2025-11-05 20:00:00+01:00,2025,104.79,104.79,104.79
2026-11-05 21:00:00+01:00,2025-11-05 21:00:00+01:00,2025,98.92,98.92,98.92
2026-11-05 22:00:00+01:00,2025-11-05 22:00:00+01:00,2025,88.85,88.85,88.85
2026-11-05 23:00:00+01:00,2025-11-05 23:00:00+01:00,2025,87.7,87.7,87.7
2026-11-06 00:00:00+01:00,2025-11-06 00:00:00+01:00,2025,93.37,93.37,93.37
2026-11-06 01:00:00+01:00,2025-11-06 01:00:00+01:00,2025,90.83,90.83,90.83
2026-11-06 02:00:00+01:00,2025-11-06 02:00:00+01:00,2025,91.4,91.4,91.4
2026-11-06 03:00:00+01:00,2025-11-06 03:00:00+01:00,2025,90.51,90.51,90.51
2026-11-06 04:00:00+01:00,2025-11-06 04:00:00+01:00,2025,91.9,91.9,91.9
2026-11-06 05:00:00+01:00,2025-11-06 05:00:00+01:00,2025,92.17,92.17,92.17
2026-11-06 06:00:00+01:00,2025-11-06 06:00:00+01:00,2025,118.35,118.35,118.35
2026-11-06 07:00:00+01:00,2025-11-06 07:00:00+01:00,2025,130.23,130.23,130.23
2026-11-06 08:00:00+01:00,2025-11-06 08:00:00+01:00,2025,119.68,119.68,119.68
2026-11-06 09:00:00+01:00,2025-11-06 09:00:00+01:00,2025,93.21,93.21,93.21
2026-11-06 10:00:00+01:00,2025-11-06 10:00:00+01:00,2025,85.16,85.16,85.16
2026-11-06 11:00:00+01:00,2025-11-06 11:00:00+01:00,2025,83.7,83.7,83.7
2026-11-06 12:00:00+01:00,2025-11-06 12:00:00+01:00,2025,83.99,83.99,83.99
2026-11-06 13:00:00+01:00,2025-11-06 13:00:00+01:00,2025,87.18,87.18,87.18
2026-11-06 14:00:00+01:00,2025-11-06 14:00:00+01:00,2025,99.49,99.49,99.49
2026-11-06 15:00:00+01:00,2025-11-06 15:00:00+01:00,2025,128.24,128.24,128.24
2026-11-06 16:00:00+01:00,2025-11-06 16:00:00+01:00,2025,147.5,147.5,147.5
2026-11-06 17:00:00+01:00,2025-11-06 17:00:00+01:00,2025,154.26,154.26,154.26
2026-11-06 18:00:00+01:00,2025-11-06 18:00:00+01:00,2025,137.45,137.45,137.45
2026-11-06 19:00:00+01:00,2025-11-06 19:00:00+01:00,2025,126.46,126.46,126.46
2026-11-06 20:00:00+01:00,2025-11-06 20:00:00+01:00,2025,114.97,114.97,114.97
2026-11-06 21:00:00+01:00,2025-11-06 21:00:00+01:00,2025,100.98,100.98,100.98
2026-11-06 22:00:00+01:00,2025-11-06 22:00:00+01:00,2025,97.49,97.49,97.49
2026-11-06 23:00:00+01:00,2025-11-06 23:00:00+01:00,2025,90.55,90.55,90.55
2026-11-07 00:00:00+01:00,2025-11-07 00:00:00+01:00,2025,90.18,90.18,90.18
2026-11-07 01:00:00+01:00,2025-11-07 01:00:00+01:00,2025,88.82,88.82,88.82
2026-11-07 02:00:00+01:00,2025-11-07 02:00:00+01:00,2025,89.6,89.6,89.6
2026-11-07 03:00:00+01:00,2025-11-07 03:00:00+01:00,2025,89.61,89.61,89.61
2026-11-07 04:00:00+01:00,2025-11-07 04:00:00+01:00,2025,90.41,90.41,90.41
2026-11-07 05:00:00+01:00,2025-11-07 05:00:00+01:00,2025,94.21,94.21,94.21
2026-11-07 06:00:00+01:00,2025-11-07 06:00:00+01:00,2025,112.27,112.27,112.27
2026-11-07 07:00:00+01:00,2025-11-07 07:00:00+01:00,2025,133.88,133.88,133.88
2026-11-07 08:00:00+01:00,2025-11-07 08:00:00+01:00,2025,128.05,128.05,128.05
2026-11-07 09:00:00+01:00,2025-11-07 09:00:00+01:00,2025,108.1,108.1,108.1
2026-11-07 10:00:00+01:00,2025-11-07 10:00:00+01:00,2025,93.38,93.38,93.38
2026-11-07 11:00:00+01:00,2025-11-07 11:00:00+01:00,2025,89.99,89.99,89.99
2026-11-07 12:00:00+01:00,2025-11-07 12:00:00+01:00,2025,88.8,88.8,88.8
2026-11-07 13:00:00+01:00,2025-11-07 13:00:00+01:00,2025,92.05,92.05,92.05
2026-11-07 14:00:00+01:00,2025-11-07 14:00:00+01:00,2025,103.1,103.1,103.1
2026-11-07 15:00:00+01:00,2025-11-07 15:00:00+01:00,2025,129.62,129.62,129.62
2026-11-07 16:00:00+01:00,2025-11-07 16:00:00+01:00,2025,165.12,165.12,165.12
2026-11-07 17:00:00+01:00,2025-11-07 17:00:00+01:00,2025,178.54,178.54,178.54
2026-11-07 18:00:00+01:00,2025-11-07 18:00:00+01:00,2025,145.68,145.68,145.68
2026-11-07 19:00:00+01:00,2025-11-07 19:00:00+01:00,2025,131.48,131.48,131.48
2026-11-07 20:00:00+01:00,2025-11-07 20:00:00+01:00,2025,119.43,119.43,119.43
2026-11-07 21:00:00+01:00,2025-11-07 21:00:00+01:00,2025,106.65,106.65,106.65
2026-11-07 22:00:00+01:00,2025-11-07 22:00:00+01:00,2025,98.28,98.28,98.28
2026-11-07 23:00:00+01:00,2025-11-07 23:00:00+01:00,2025,92.05,92.05,92.05
2026-11-08 00:00:00+01:00,2025-11-08 00:00:00+01:00,2025,96.53,96.53,96.53
2026-11-08 01:00:00+01:00,2025-11-08 01:00:00+01:00,2025,96.32,96.32,96.32
2026-11-08 02:00:00+01:00,2025-11-08 02:00:00+01:00,2025,94.0,94.0,94.0
2026-11-08 03:00:00+01:00,2025-11-08 03:00:00+01:00,2025,93.97,93.97,93.97
2026-11-08 04:00:00+01:00,2025-11-08 04:00:00+01:00,2025,95.04,95.04,95.04
2026-11-08 05:00:00+01:00,2025-11-08 05:00:00+01:00,2025,94.2,94.2,94.2
2026-11-08 06:00:00+01:00,2025-11-08 06:00:00+01:00,2025,95.28,95.28,95.28
2026-11-08 07:00:00+01:00,2025-11-08 07:00:00+01:00,2025,103.84,103.84,103.84
2026-11-08 08:00:00+01:00,2025-11-08 08:00:00+01:00,2025,105.5,105.5,105.5
2026-11-08 09:00:00+01:00,2025-11-08 09:00:00+01:00,2025,103.62,103.62,103.62
2026-11-08 10:00:00+01:00,2025-11-08 10:00:00+01:00,2025,102.18,102.18,102.18
2026-11-08 11:00:00+01:00,2025-11-08 11:00:00+01:00,2025,96.95,96.95,96.95
2026-11-08 12:00:00+01:00,2025-11-08 12:00:00+01:00,2025,95.16,95.16,95.16
2026-11-08 13:00:00+01:00,2025-11-08 13:00:00+01:00,2025,95.91,95.91,95.91
2026-11-08 14:00:00+01:00,2025-11-08 14:00:00+01:00,2025,101.54,101.54,101.54
2026-11-08 15:00:00+01:00,2025-11-08 15:00:00+01:00,2025,117.62,117.62,117.62
2026-11-08 16:00:00+01:00,2025-11-08 16:00:00+01:00,2025,124.64,124.64,124.64
2026-11-08 17:00:00+01:00,2025-11-08 17:00:00+01:00,2025,134.92,134.92,134.92
2026-11-08 18:00:00+01:00,2025-11-08 18:00:00+01:00,2025,136.53,136.53,136.53
2026-11-08 19:00:00+01:00,2025-11-08 19:00:00+01:00,2025,131.98,131.98,131.98
2026-11-08 20:00:00+01:00,2025-11-08 20:00:00+01:00,2025,122.97,122.97,122.97
2026-11-08 21:00:00+01:00,2025-11-08 21:00:00+01:00,2025,113.3,113.3,113.3
2026-11-08 22:00:00+01:00,2025-11-08 22:00:00+01:00,2025,106.26,106.26,106.26
2026-11-08 23:00:00+01:00,2025-11-08 23:00:00+01:00,2025,96.91,96.91,96.91
2026-11-09 00:00:00+01:00,2025-11-09 00:00:00+01:00,2025,96.35,96.35,96.35
2026-11-09 01:00:00+01:00,2025-11-09 01:00:00+01:00,2025,94.56,94.56,94.56
2026-11-09 02:00:00+01:00,2025-11-09 02:00:00+01:00,2025,92.83,92.83,92.83
2026-11-09 03:00:00+01:00,2025-11-09 03:00:00+01:00,2025,91.13,91.13,91.13
2026-11-09 04:00:00+01:00,2025-11-09 04:00:00+01:00,2025,91.65,91.65,91.65
2026-11-09 05:00:00+01:00,2025-11-09 05:00:00+01:00,2025,91.69,91.69,91.69
2026-11-09 06:00:00+01:00,2025-11-09 06:00:00+01:00,2025,89.94,89.94,89.94
2026-11-09 07:00:00+01:00,2025-11-09 07:00:00+01:00,2025,88.62,88.62,88.62
2026-11-09 08:00:00+01:00,2025-11-09 08:00:00+01:00,2025,97.27,97.27,97.27
2026-11-09 09:00:00+01:00,2025-11-09 09:00:00+01:00,2025,97.62,97.62,97.62
2026-11-09 10:00:00+01:00,2025-11-09 10:00:00+01:00,2025,97.03,97.03,97.03
2026-11-09 11:00:00+01:00,2025-11-09 11:00:00+01:00,2025,97.3,97.3,97.3
2026-11-09 12:00:00+01:00,2025-11-09 12:00:00+01:00,2025,97.84,97.84,97.84
2026-11-09 13:00:00+01:00,2025-11-09 13:00:00+01:00,2025,96.4,96.4,96.4
2026-11-09 14:00:00+01:00,2025-11-09 14:00:00+01:00,2025,97.32,97.32,97.32
2026-11-09 15:00:00+01:00,2025-11-09 15:00:00+01:00,2025,97.79,97.79,97.79
2026-11-09 16:00:00+01:00,2025-11-09 16:00:00+01:00,2025,109.85,109.85,109.85
2026-11-09 17:00:00+01:00,2025-11-09 17:00:00+01:00,2025,125.1,125.1,125.1
2026-11-09 18:00:00+01:00,2025-11-09 18:00:00+01:00,2025,126.1,126.1,126.1
2026-11-09 19:00:00+01:00,2025-11-09 19:00:00+01:00,2025,117.96,117.96,117.96
2026-11-09 20:00:00+01:00,2025-11-09 20:00:00+01:00,2025,106.0,106.0,106.0
2026-11-09 21:00:00+01:00,2025-11-09 21:00:00+01:00,2025,93.54,93.54,93.54
2026-11-09 22:00:00+01:00,2025-11-09 22:00:00+01:00,2025,92.32,92.32,92.32
2026-11-09 23:00:00+01:00,2025-11-09 23:00:00+01:00,2025,89.93,89.93,89.93
2026-11-10 00:00:00+01:00,2025-11-10 00:00:00+01:00,2025,88.98,88.98,88.98
2026-11-10 01:00:00+01:00,2025-11-10 01:00:00+01:00,2025,87.64,87.64,87.64
2026-11-10 02:00:00+01:00,2025-11-10 02:00:00+01:00,2025,88.9,88.9,88.9
2026-11-10 03:00:00+01:00,2025-11-10 03:00:00+01:00,2025,87.52,87.52,87.52
2026-11-10 04:00:00+01:00,2025-11-10 04:00:00+01:00,2025,87.18,87.18,87.18
2026-11-10 05:00:00+01:00,2025-11-10 05:00:00+01:00,2025,92.31,92.31,92.31
2026-11-10 06:00:00+01:00,2025-11-10 06:00:00+01:00,2025,113.45,113.45,113.45
2026-11-10 07:00:00+01:00,2025-11-10 07:00:00+01:00,2025,143.0,143.0,143.0
2026-11-10 08:00:00+01:00,2025-11-10 08:00:00+01:00,2025,157.88,157.88,157.88
2026-11-10 09:00:00+01:00,2025-11-10 09:00:00+01:00,2025,144.3,144.3,144.3
2026-11-10 10:00:00+01:00,2025-11-10 10:00:00+01:00,2025,126.27,126.27,126.27
2026-11-10 11:00:00+01:00,2025-11-10 11:00:00+01:00,2025,115.25,115.25,115.25
2026-11-10 12:00:00+01:00,2025-11-10 12:00:00+01:00,2025,105.92,105.92,105.92
2026-11-10 13:00:00+01:00,2025-11-10 13:00:00+01:00,2025,108.41,108.41,108.41
2026-11-10 14:00:00+01:00,2025-11-10 14:00:00+01:00,2025,115.57,115.57,115.57
2026-11-10 15:00:00+01:00,2025-11-10 15:00:00+01:00,2025,126.25,126.25,126.25
2026-11-10 16:00:00+01:00,2025-11-10 16:00:00+01:00,2025,133.36,133.36,133.36
2026-11-10 17:00:00+01:00,2025-11-10 17:00:00+01:00,2025,139.4,139.4,139.4
2026-11-10 18:00:00+01:00,2025-11-10 18:00:00+01:00,2025,120.73,120.73,120.73
2026-11-10 19:00:00+01:00,2025-11-10 19:00:00+01:00,2025,103.66,103.66,103.66
2026-11-10 20:00:00+01:00,2025-11-10 20:00:00+01:00,2025,90.11,90.11,90.11
2026-11-10 21:00:00+01:00,2025-11-10 21:00:00+01:00,2025,88.99,88.99,88.99
2026-11-10 22:00:00+01:00,2025-11-10 22:00:00+01:00,2025,88.39,88.39,88.39
2026-11-10 23:00:00+01:00,2025-11-10 23:00:00+01:00,2025,83.87,83.87,83.87
2026-11-11 00:00:00+01:00,2025-11-11 00:00:00+01:00,2025,83.19,83.19,83.19
2026-11-11 01:00:00+01:00,2025-11-11 01:00:00+01:00,2025,79.98,79.98,79.98
2026-11-11 02:00:00+01:00,2025-11-11 02:00:00+01:00,2025,75.8,75.8,75.8
2026-11-11 03:00:00+01:00,2025-11-11 03:00:00+01:00,2025,74.87,74.87,74.87
2026-11-11 04:00:00+01:00,2025-11-11 04:00:00+01:00,2025,75.5,75.5,75.5
2026-11-11 05:00:00+01:00,2025-11-11 05:00:00+01:00,2025,77.07,77.07,77.07
2026-11-11 06:00:00+01:00,2025-11-11 06:00:00+01:00,2025,86.79,86.79,86.79
2026-11-11 07:00:00+01:00,2025-11-11 07:00:00+01:00,2025,105.21,105.21,105.21
2026-11-11 08:00:00+01:00,2025-11-11 08:00:00+01:00,2025,113.8,113.8,113.8
2026-11-11 09:00:00+01:00,2025-11-11 09:00:00+01:00,2025,103.12,103.12,103.12
2026-11-11 10:00:00+01:00,2025-11-11 10:00:00+01:00,2025,91.47,91.47,91.47
2026-11-11 11:00:00+01:00,2025-11-11 11:00:00+01:00,2025,87.92,87.92,87.92
2026-11-11 12:00:00+01:00,2025-11-11 12:00:00+01:00,2025,86.66,86.66,86.66
2026-11-11 13:00:00+01:00,2025-11-11 13:00:00+01:00,2025,89.93,89.93,89.93
2026-11-11 14:00:00+01:00,2025-11-11 14:00:00+01:00,2025,101.24,101.24,101.24
2026-11-11 15:00:00+01:00,2025-11-11 15:00:00+01:00,2025,124.28,124.28,124.28
2026-11-11 16:00:00+01:00,2025-11-11 16:00:00+01:00,2025,143.07,143.07,143.07
2026-11-11 17:00:00+01:00,2025-11-11 17:00:00+01:00,2025,143.26,143.26,143.26
2026-11-11 18:00:00+01:00,2025-11-11 18:00:00+01:00,2025,115.0,115.0,115.0
2026-11-11 19:00:00+01:00,2025-11-11 19:00:00+01:00,2025,105.03,105.03,105.03
2026-11-11 20:00:00+01:00,2025-11-11 20:00:00+01:00,2025,98.18,98.18,98.18
2026-11-11 21:00:00+01:00,2025-11-11 21:00:00+01:00,2025,96.38,96.38,96.38
2026-11-11 22:00:00+01:00,2025-11-11 22:00:00+01:00,2025,92.06,92.06,92.06
2026-11-11 23:00:00+01:00,2025-11-11 23:00:00+01:00,2025,75.5,75.5,75.5
2026-11-12 00:00:00+01:00,2025-11-12 00:00:00+01:00,2025,74.98,74.98,74.98
2026-11-12 01:00:00+01:00,2025-11-12 01:00:00+01:00,2025,68.32,68.32,68.32
2026-11-12 02:00:00+01:00,2025-11-12 02:00:00+01:00,2025,64.41,64.41,64.41
2026-11-12 03:00:00+01:00,2025-11-12 03:00:00+01:00,2025,62.4,62.4,62.4
2026-11-12 04:00:00+01:00,2025-11-12 04:00:00+01:00,2025,62.3,62.3,62.3
2026-11-12 05:00:00+01:00,2025-11-12 05:00:00+01:00,2025,69.3,69.3,69.3
2026-11-12 06:00:00+01:00,2025-11-12 06:00:00+01:00,2025,77.0,77.0,77.0
2026-11-12 07:00:00+01:00,2025-11-12 07:00:00+01:00,2025,107.26,107.26,107.26
2026-11-12 08:00:00+01:00,2025-11-12 08:00:00+01:00,2025,100.72,100.72,100.72
2026-11-12 09:00:00+01:00,2025-11-12 09:00:00+01:00,2025,78.11,78.11,78.11
2026-11-12 10:00:00+01:00,2025-11-12 10:00:00+01:00,2025,71.53,71.53,71.53
2026-11-12 11:00:00+01:00,2025-11-12 11:00:00+01:00,2025,60.0,60.0,60.0
2026-11-12 12:00:00+01:00,2025-11-12 12:00:00+01:00,2025,59.14,59.14,59.14
2026-11-12 13:00:00+01:00,2025-11-12 13:00:00+01:00,2025,73.77,73.77,73.77
2026-11-12 14:00:00+01:00,2025-11-12 14:00:00+01:00,2025,80.43,80.43,80.43
2026-11-12 15:00:00+01:00,2025-11-12 15:00:00+01:00,2025,104.97,104.97,104.97
2026-11-12 16:00:00+01:00,2025-11-12 16:00:00+01:00,2025,113.63,113.63,113.63
2026-11-12 17:00:00+01:00,2025-11-12 17:00:00+01:00,2025,115.4,115.4,115.4
2026-11-12 18:00:00+01:00,2025-11-12 18:00:00+01:00,2025,104.87,104.87,104.87
2026-11-12 19:00:00+01:00,2025-11-12 19:00:00+01:00,2025,88.93,88.93,88.93
2026-11-12 20:00:00+01:00,2025-11-12 20:00:00+01:00,2025,80.95,80.95,80.95
2026-11-12 21:00:00+01:00,2025-11-12 21:00:00+01:00,2025,76.91,76.91,76.91
2026-11-12 22:00:00+01:00,2025-11-12 22:00:00+01:00,2025,75.55,75.55,75.55
2026-11-12 23:00:00+01:00,2025-11-12 23:00:00+01:00,2025,56.93,56.93,56.93
2026-11-13 00:00:00+01:00,2025-11-13 00:00:00+01:00,2025,32.92,32.92,32.92
2026-11-13 01:00:00+01:00,2025-11-13 01:00:00+01:00,2025,18.97,18.97,18.97
2026-11-13 02:00:00+01:00,2025-11-13 02:00:00+01:00,2025,11.19,11.19,11.19
2026-11-13 03:00:00+01:00,2025-11-13 03:00:00+01:00,2025,7.78,7.78,7.78
2026-11-13 04:00:00+01:00,2025-11-13 04:00:00+01:00,2025,6.0,6.0,6.0
2026-11-13 05:00:00+01:00,2025-11-13 05:00:00+01:00,2025,25.97,25.97,25.97
2026-11-13 06:00:00+01:00,2025-11-13 06:00:00+01:00,2025,50.89,50.89,50.89
2026-11-13 07:00:00+01:00,2025-11-13 07:00:00+01:00,2025,76.85,76.85,76.85
2026-11-13 08:00:00+01:00,2025-11-13 08:00:00+01:00,2025,66.08,66.08,66.08
2026-11-13 09:00:00+01:00,2025-11-13 09:00:00+01:00,2025,53.61,53.61,53.61
2026-11-13 10:00:00+01:00,2025-11-13 10:00:00+01:00,2025,50.32,50.32,50.32
2026-11-13 11:00:00+01:00,2025-11-13 11:00:00+01:00,2025,42.96,42.96,42.96
2026-11-13 12:00:00+01:00,2025-11-13 12:00:00+01:00,2025,48.09,48.09,48.09
2026-11-13 13:00:00+01:00,2025-11-13 13:00:00+01:00,2025,60.57,60.57,60.57
2026-11-13 14:00:00+01:00,2025-11-13 14:00:00+01:00,2025,77.34,77.34,77.34
2026-11-13 15:00:00+01:00,2025-11-13 15:00:00+01:00,2025,101.66,101.66,101.66
2026-11-13 16:00:00+01:00,2025-11-13 16:00:00+01:00,2025,111.51,111.51,111.51
2026-11-13 17:00:00+01:00,2025-11-13 17:00:00+01:00,2025,130.1,130.1,130.1
2026-11-13 18:00:00+01:00,2025-11-13 18:00:00+01:00,2025,131.8,131.8,131.8
2026-11-13 19:00:00+01:00,2025-11-13 19:00:00+01:00,2025,129.89,129.89,129.89
2026-11-13 20:00:00+01:00,2025-11-13 20:00:00+01:00,2025,111.85,111.85,111.85
2026-11-13 21:00:00+01:00,2025-11-13 21:00:00+01:00,2025,116.61,116.61,116.61
2026-11-13 22:00:00+01:00,2025-11-13 22:00:00+01:00,2025,110.59,110.59,110.59
2026-11-13 23:00:00+01:00,2025-11-13 23:00:00+01:00,2025,102.77,102.77,102.77
2026-11-14 00:00:00+01:00,2025-11-14 00:00:00+01:00,2025,98.44,98.44,98.44
2026-11-14 01:00:00+01:00,2025-11-14 01:00:00+01:00,2025,95.8,95.8,95.8
2026-11-14 02:00:00+01:00,2025-11-14 02:00:00+01:00,2025,94.93,94.93,94.93
2026-11-14 03:00:00+01:00,2025-11-14 03:00:00+01:00,2025,91.53,91.53,91.53
2026-11-14 04:00:00+01:00,2025-11-14 04:00:00+01:00,2025,92.13,92.13,92.13
2026-11-14 05:00:00+01:00,2025-11-14 05:00:00+01:00,2025,91.6,91.6,91.6
2026-11-14 06:00:00+01:00,2025-11-14 06:00:00+01:00,2025,112.78,112.78,112.78
2026-11-14 07:00:00+01:00,2025-11-14 07:00:00+01:00,2025,138.35,138.35,138.35
2026-11-14 08:00:00+01:00,2025-11-14 08:00:00+01:00,2025,136.39,136.39,136.39
2026-11-14 09:00:00+01:00,2025-11-14 09:00:00+01:00,2025,120.9,120.9,120.9
2026-11-14 10:00:00+01:00,2025-11-14 10:00:00+01:00,2025,112.03,112.03,112.03
2026-11-14 11:00:00+01:00,2025-11-14 11:00:00+01:00,2025,106.04,106.04,106.04
2026-11-14 12:00:00+01:00,2025-11-14 12:00:00+01:00,2025,101.23,101.23,101.23
2026-11-14 13:00:00+01:00,2025-11-14 13:00:00+01:00,2025,105.42,105.42,105.42
2026-11-14 14:00:00+01:00,2025-11-14 14:00:00+01:00,2025,107.06,107.06,107.06
2026-11-14 15:00:00+01:00,2025-11-14 15:00:00+01:00,2025,115.39,115.39,115.39
2026-11-14 16:00:00+01:00,2025-11-14 16:00:00+01:00,2025,115.97,115.97,115.97
2026-11-14 17:00:00+01:00,2025-11-14 17:00:00+01:00,2025,131.57,131.57,131.57
2026-11-14 18:00:00+01:00,2025-11-14 18:00:00+01:00,2025,119.81,119.81,119.81
2026-11-14 19:00:00+01:00,2025-11-14 19:00:00+01:00,2025,106.49,106.49,106.49
2026-11-14 20:00:00+01:00,2025-11-14 20:00:00+01:00,2025,98.92,98.92,98.92
2026-11-14 21:00:00+01:00,2025-11-14 21:00:00+01:00,2025,93.16,93.16,93.16
2026-11-14 22:00:00+01:00,2025-11-14 22:00:00+01:00,2025,97.02,97.02,97.02
2026-11-14 23:00:00+01:00,2025-11-14 23:00:00+01:00,2025,78.65,78.65,78.65
2026-11-15 00:00:00+01:00,2025-11-15 00:00:00+01:00,2025,77.38,77.38,77.38
2026-11-15 01:00:00+01:00,2025-11-15 01:00:00+01:00,2025,77.95,77.95,77.95
2026-11-15 02:00:00+01:00,2025-11-15 02:00:00+01:00,2025,74.72,74.72,74.72
2026-11-15 03:00:00+01:00,2025-11-15 03:00:00+01:00,2025,73.03,73.03,73.03
2026-11-15 04:00:00+01:00,2025-11-15 04:00:00+01:00,2025,72.2,72.2,72.2
2026-11-15 05:00:00+01:00,2025-11-15 05:00:00+01:00,2025,70.62,70.62,70.62
2026-11-15 06:00:00+01:00,2025-11-15 06:00:00+01:00,2025,68.16,68.16,68.16
2026-11-15 07:00:00+01:00,2025-11-15 07:00:00+01:00,2025,77.06,77.06,77.06
2026-11-15 08:00:00+01:00,2025-11-15 08:00:00+01:00,2025,80.07,80.07,80.07
2026-11-15 09:00:00+01:00,2025-11-15 09:00:00+01:00,2025,85.24,85.24,85.24
2026-11-15 10:00:00+01:00,2025-11-15 10:00:00+01:00,2025,85.61,85.61,85.61
2026-11-15 11:00:00+01:00,2025-11-15 11:00:00+01:00,2025,85.42,85.42,85.42
2026-11-15 12:00:00+01:00,2025-11-15 12:00:00+01:00,2025,84.19,84.19,84.19
2026-11-15 13:00:00+01:00,2025-11-15 13:00:00+01:00,2025,90.67,90.67,90.67
2026-11-15 14:00:00+01:00,2025-11-15 14:00:00+01:00,2025,94.65,94.65,94.65
2026-11-15 15:00:00+01:00,2025-11-15 15:00:00+01:00,2025,101.19,101.19,101.19
2026-11-15 16:00:00+01:00,2025-11-15 16:00:00+01:00,2025,109.79,109.79,109.79
2026-11-15 17:00:00+01:00,2025-11-15 17:00:00+01:00,2025,121.8,121.8,121.8
2026-11-15 18:00:00+01:00,2025-11-15 18:00:00+01:00,2025,121.52,121.52,121.52
2026-11-15 19:00:00+01:00,2025-11-15 19:00:00+01:00,2025,114.07,114.07,114.07
2026-11-15 20:00:00+01:00,2025-11-15 20:00:00+01:00,2025,109.13,109.13,109.13
2026-11-15 21:00:00+01:00,2025-11-15 21:00:00+01:00,2025,102.89,102.89,102.89
2026-11-15 22:00:00+01:00,2025-11-15 22:00:00+01:00,2025,101.72,101.72,101.72
2026-11-15 23:00:00+01:00,2025-11-15 23:00:00+01:00,2025,97.87,97.87,97.87
2026-11-16 00:00:00+01:00,2025-11-16 00:00:00+01:00,2025,93.75,93.75,93.75
2026-11-16 01:00:00+01:00,2025-11-16 01:00:00+01:00,2025,95.0,95.0,95.0
2026-11-16 02:00:00+01:00,2025-11-16 02:00:00+01:00,2025,93.35,93.35,93.35
2026-11-16 03:00:00+01:00,2025-11-16 03:00:00+01:00,2025,91.45,91.45,91.45
2026-11-16 04:00:00+01:00,2025-11-16 04:00:00+01:00,2025,88.22,88.22,88.22
2026-11-16 05:00:00+01:00,2025-11-16 05:00:00+01:00,2025,91.13,91.13,91.13
2026-11-16 06:00:00+01:00,2025-11-16 06:00:00+01:00,2025,85.67,85.67,85.67
2026-11-16 07:00:00+01:00,2025-11-16 07:00:00+01:00,2025,92.49,92.49,92.49
2026-11-16 08:00:00+01:00,2025-11-16 08:00:00+01:00,2025,98.49,98.49,98.49
2026-11-16 09:00:00+01:00,2025-11-16 09:00:00+01:00,2025,101.19,101.19,101.19
2026-11-16 10:00:00+01:00,2025-11-16 10:00:00+01:00,2025,99.28,99.28,99.28
2026-11-16 11:00:00+01:00,2025-11-16 11:00:00+01:00,2025,102.57,102.57,102.57
2026-11-16 12:00:00+01:00,2025-11-16 12:00:00+01:00,2025,102.47,102.47,102.47
2026-11-16 13:00:00+01:00,2025-11-16 13:00:00+01:00,2025,104.0,104.0,104.0
2026-11-16 14:00:00+01:00,2025-11-16 14:00:00+01:00,2025,109.27,109.27,109.27
2026-11-16 15:00:00+01:00,2025-11-16 15:00:00+01:00,2025,116.72,116.72,116.72
2026-11-16 16:00:00+01:00,2025-11-16 16:00:00+01:00,2025,124.5,124.5,124.5
2026-11-16 17:00:00+01:00,2025-11-16 17:00:00+01:00,2025,129.37,129.37,129.37
2026-11-16 18:00:00+01:00,2025-11-16 18:00:00+01:00,2025,125.21,125.21,125.21
2026-11-16 19:00:00+01:00,2025-11-16 19:00:00+01:00,2025,115.33,115.33,115.33
2026-11-16 20:00:00+01:00,2025-11-16 20:00:00+01:00,2025,102.72,102.72,102.72
2026-11-16 21:00:00+01:00,2025-11-16 21:00:00+01:00,2025,91.41,91.41,91.41
2026-11-16 22:00:00+01:00,2025-11-16 22:00:00+01:00,2025,94.39,94.39,94.39
2026-11-16 23:00:00+01:00,2025-11-16 23:00:00+01:00,2025,86.53,86.53,86.53
2026-11-17 00:00:00+01:00,2025-11-17 00:00:00+01:00,2025,88.29,88.29,88.29
2026-11-17 01:00:00+01:00,2025-11-17 01:00:00+01:00,2025,80.56,80.56,80.56
2026-11-17 02:00:00+01:00,2025-11-17 02:00:00+01:00,2025,74.09,74.09,74.09
2026-11-17 03:00:00+01:00,2025-11-17 03:00:00+01:00,2025,71.32,71.32,71.32
2026-11-17 04:00:00+01:00,2025-11-17 04:00:00+01:00,2025,74.1,74.1,74.1
2026-11-17 05:00:00+01:00,2025-11-17 05:00:00+01:00,2025,83.6,83.6,83.6
2026-11-17 06:00:00+01:00,2025-11-17 06:00:00+01:00,2025,89.59,89.59,89.59
2026-11-17 07:00:00+01:00,2025-11-17 07:00:00+01:00,2025,114.87,114.87,114.87
2026-11-17 08:00:00+01:00,2025-11-17 08:00:00+01:00,2025,126.99,126.99,126.99
2026-11-17 09:00:00+01:00,2025-11-17 09:00:00+01:00,2025,121.69,121.69,121.69
2026-11-17 10:00:00+01:00,2025-11-17 10:00:00+01:00,2025,105.22,105.22,105.22
2026-11-17 11:00:00+01:00,2025-11-17 11:00:00+01:00,2025,84.39,84.39,84.39
2026-11-17 12:00:00+01:00,2025-11-17 12:00:00+01:00,2025,77.81,77.81,77.81
2026-11-17 13:00:00+01:00,2025-11-17 13:00:00+01:00,2025,77.79,77.79,77.79
2026-11-17 14:00:00+01:00,2025-11-17 14:00:00+01:00,2025,87.04,87.04,87.04
2026-11-17 15:00:00+01:00,2025-11-17 15:00:00+01:00,2025,97.52,97.52,97.52
2026-11-17 16:00:00+01:00,2025-11-17 16:00:00+01:00,2025,107.32,107.32,107.32
2026-11-17 17:00:00+01:00,2025-11-17 17:00:00+01:00,2025,117.36,117.36,117.36
2026-11-17 18:00:00+01:00,2025-11-17 18:00:00+01:00,2025,116.49,116.49,116.49
2026-11-17 19:00:00+01:00,2025-11-17 19:00:00+01:00,2025,110.7,110.7,110.7
2026-11-17 20:00:00+01:00,2025-11-17 20:00:00+01:00,2025,102.89,102.89,102.89
2026-11-17 21:00:00+01:00,2025-11-17 21:00:00+01:00,2025,92.7,92.7,92.7
2026-11-17 22:00:00+01:00,2025-11-17 22:00:00+01:00,2025,89.71,89.71,89.71
2026-11-17 23:00:00+01:00,2025-11-17 23:00:00+01:00,2025,81.14,81.14,81.14
2026-11-18 00:00:00+01:00,2025-11-18 00:00:00+01:00,2025,84.88,84.88,84.88
2026-11-18 01:00:00+01:00,2025-11-18 01:00:00+01:00,2025,82.83,82.83,82.83
2026-11-18 02:00:00+01:00,2025-11-18 02:00:00+01:00,2025,79.04,79.04,79.04
2026-11-18 03:00:00+01:00,2025-11-18 03:00:00+01:00,2025,77.72,77.72,77.72
2026-11-18 04:00:00+01:00,2025-11-18 04:00:00+01:00,2025,80.51,80.51,80.51
2026-11-18 05:00:00+01:00,2025-11-18 05:00:00+01:00,2025,83.47,83.47,83.47
2026-11-18 06:00:00+01:00,2025-11-18 06:00:00+01:00,2025,91.05,91.05,91.05
2026-11-18 07:00:00+01:00,2025-11-18 07:00:00+01:00,2025,104.74,104.74,104.74
2026-11-18 08:00:00+01:00,2025-11-18 08:00:00+01:00,2025,119.84,119.84,119.84
2026-11-18 09:00:00+01:00,2025-11-18 09:00:00+01:00,2025,107.45,107.45,107.45
2026-11-18 10:00:00+01:00,2025-11-18 10:00:00+01:00,2025,92.13,92.13,92.13
2026-11-18 11:00:00+01:00,2025-11-18 11:00:00+01:00,2025,88.8,88.8,88.8
2026-11-18 12:00:00+01:00,2025-11-18 12:00:00+01:00,2025,89.2,89.2,89.2
2026-11-18 13:00:00+01:00,2025-11-18 13:00:00+01:00,2025,90.6,90.6,90.6
2026-11-18 14:00:00+01:00,2025-11-18 14:00:00+01:00,2025,96.58,96.58,96.58
2026-11-18 15:00:00+01:00,2025-11-18 15:00:00+01:00,2025,120.6,120.6,120.6
2026-11-18 16:00:00+01:00,2025-11-18 16:00:00+01:00,2025,141.91,141.91,141.91
2026-11-18 17:00:00+01:00,2025-11-18 17:00:00+01:00,2025,151.66,151.66,151.66
2026-11-18 18:00:00+01:00,2025-11-18 18:00:00+01:00,2025,143.8,143.8,143.8
2026-11-18 19:00:00+01:00,2025-11-18 19:00:00+01:00,2025,131.15,131.15,131.15
2026-11-18 20:00:00+01:00,2025-11-18 20:00:00+01:00,2025,107.13,107.13,107.13
2026-11-18 21:00:00+01:00,2025-11-18 21:00:00+01:00,2025,94.64,94.64,94.64
2026-11-18 22:00:00+01:00,2025-11-18 22:00:00+01:00,2025,97.48,97.48,97.48
2026-11-18 23:00:00+01:00,2025-11-18 23:00:00+01:00,2025,89.96,89.96,89.96
2026-11-19 00:00:00+01:00,2025-11-19 00:00:00+01:00,2025,87.38,87.38,87.38
2026-11-19 01:00:00+01:00,2025-11-19 01:00:00+01:00,2025,86.23,86.23,86.23
2026-11-19 02:00:00+01:00,2025-11-19 02:00:00+01:00,2025,84.17,84.17,84.17
2026-11-19 03:00:00+01:00,2025-11-19 03:00:00+01:00,2025,83.19,83.19,83.19
2026-11-19 04:00:00+01:00,2025-11-19 04:00:00+01:00,2025,84.39,84.39,84.39
2026-11-19 05:00:00+01:00,2025-11-19 05:00:00+01:00,2025,87.0,87.0,87.0
2026-11-19 06:00:00+01:00,2025-11-19 06:00:00+01:00,2025,99.03,99.03,99.03
2026-11-19 07:00:00+01:00,2025-11-19 07:00:00+01:00,2025,127.03,127.03,127.03
2026-11-19 08:00:00+01:00,2025-11-19 08:00:00+01:00,2025,136.67,136.67,136.67
2026-11-19 09:00:00+01:00,2025-11-19 09:00:00+01:00,2025,115.16,115.16,115.16
2026-11-19 10:00:00+01:00,2025-11-19 10:00:00+01:00,2025,97.52,97.52,97.52
2026-11-19 11:00:00+01:00,2025-11-19 11:00:00+01:00,2025,91.62,91.62,91.62
2026-11-19 12:00:00+01:00,2025-11-19 12:00:00+01:00,2025,89.59,89.59,89.59
2026-11-19 13:00:00+01:00,2025-11-19 13:00:00+01:00,2025,93.6,93.6,93.6
2026-11-19 14:00:00+01:00,2025-11-19 14:00:00+01:00,2025,104.62,104.62,104.62
2026-11-19 15:00:00+01:00,2025-11-19 15:00:00+01:00,2025,113.05,113.05,113.05
2026-11-19 16:00:00+01:00,2025-11-19 16:00:00+01:00,2025,117.81,117.81,117.81
2026-11-19 17:00:00+01:00,2025-11-19 17:00:00+01:00,2025,127.57,127.57,127.57
2026-11-19 18:00:00+01:00,2025-11-19 18:00:00+01:00,2025,119.19,119.19,119.19
2026-11-19 19:00:00+01:00,2025-11-19 19:00:00+01:00,2025,119.05,119.05,119.05
2026-11-19 20:00:00+01:00,2025-11-19 20:00:00+01:00,2025,105.69,105.69,105.69
2026-11-19 21:00:00+01:00,2025-11-19 21:00:00+01:00,2025,100.23,100.23,100.23
2026-11-19 22:00:00+01:00,2025-11-19 22:00:00+01:00,2025,99.17,99.17,99.17
2026-11-19 23:00:00+01:00,2025-11-19 23:00:00+01:00,2025,91.89,91.89,91.89
2026-11-20 00:00:00+01:00,2025-11-20 00:00:00+01:00,2025,90.63,90.63,90.63
2026-11-20 01:00:00+01:00,2025-11-20 01:00:00+01:00,2025,88.09,88.09,88.09
2026-11-20 02:00:00+01:00,2025-11-20 02:00:00+01:00,2025,87.03,87.03,87.03
2026-11-20 03:00:00+01:00,2025-11-20 03:00:00+01:00,2025,86.8,86.8,86.8
2026-11-20 04:00:00+01:00,2025-11-20 04:00:00+01:00,2025,87.13,87.13,87.13
2026-11-20 05:00:00+01:00,2025-11-20 05:00:00+01:00,2025,90.5,90.5,90.5
2026-11-20 06:00:00+01:00,2025-11-20 06:00:00+01:00,2025,103.68,103.68,103.68
2026-11-20 07:00:00+01:00,2025-11-20 07:00:00+01:00,2025,144.41,144.41,144.41
2026-11-20 08:00:00+01:00,2025-11-20 08:00:00+01:00,2025,155.72,155.72,155.72
2026-11-20 09:00:00+01:00,2025-11-20 09:00:00+01:00,2025,153.66,153.66,153.66
2026-11-20 10:00:00+01:00,2025-11-20 10:00:00+01:00,2025,141.27,141.27,141.27
2026-11-20 11:00:00+01:00,2025-11-20 11:00:00+01:00,2025,129.3,129.3,129.3
2026-11-20 12:00:00+01:00,2025-11-20 12:00:00+01:00,2025,125.05,125.05,125.05
2026-11-20 13:00:00+01:00,2025-11-20 13:00:00+01:00,2025,126.1,126.1,126.1
2026-11-20 14:00:00+01:00,2025-11-20 14:00:00+01:00,2025,134.2,134.2,134.2
2026-11-20 15:00:00+01:00,2025-11-20 15:00:00+01:00,2025,149.69,149.69,149.69
2026-11-20 16:00:00+01:00,2025-11-20 16:00:00+01:00,2025,175.83,175.83,175.83
2026-11-20 17:00:00+01:00,2025-11-20 17:00:00+01:00,2025,175.47,175.47,175.47
2026-11-20 18:00:00+01:00,2025-11-20 18:00:00+01:00,2025,163.25,163.25,163.25
2026-11-20 19:00:00+01:00,2025-11-20 19:00:00+01:00,2025,156.02,156.02,156.02
2026-11-20 20:00:00+01:00,2025-11-20 20:00:00+01:00,2025,137.1,137.1,137.1
2026-11-20 21:00:00+01:00,2025-11-20 21:00:00+01:00,2025,120.75,120.75,120.75
2026-11-20 22:00:00+01:00,2025-11-20 22:00:00+01:00,2025,108.24,108.24,108.24
2026-11-20 23:00:00+01:00,2025-11-20 23:00:00+01:00,2025,93.76,93.76,93.76
2026-11-21 00:00:00+01:00,2025-11-21 00:00:00+01:00,2025,101.55,101.55,101.55
2026-11-21 01:00:00+01:00,2025-11-21 01:00:00+01:00,2025,94.14,94.14,94.14
2026-11-21 02:00:00+01:00,2025-11-21 02:00:00+01:00,2025,90.28,90.28,90.28
2026-11-21 03:00:00+01:00,2025-11-21 03:00:00+01:00,2025,90.19,90.19,90.19
2026-11-21 04:00:00+01:00,2025-11-21 04:00:00+01:00,2025,93.63,93.63,93.63
2026-11-21 05:00:00+01:00,2025-11-21 05:00:00+01:00,2025,101.87,101.87,101.87
2026-11-21 06:00:00+01:00,2025-11-21 06:00:00+01:00,2025,133.53,133.53,133.53
2026-11-21 07:00:00+01:00,2025-11-21 07:00:00+01:00,2025,180.42,180.42,180.42
2026-11-21 08:00:00+01:00,2025-11-21 08:00:00+01:00,2025,205.38,205.38,205.38
2026-11-21 09:00:00+01:00,2025-11-21 09:00:00+01:00,2025,181.83,181.83,181.83
2026-11-21 10:00:00+01:00,2025-11-21 10:00:00+01:00,2025,151.02,151.02,151.02
2026-11-21 11:00:00+01:00,2025-11-21 11:00:00+01:00,2025,137.72,137.72,137.72
2026-11-21 12:00:00+01:00,2025-11-21 12:00:00+01:00,2025,130.34,130.34,130.34
2026-11-21 13:00:00+01:00,2025-11-21 13:00:00+01:00,2025,135.58,135.58,135.58
2026-11-21 14:00:00+01:00,2025-11-21 14:00:00+01:00,2025,153.75,153.75,153.75
2026-11-21 15:00:00+01:00,2025-11-21 15:00:00+01:00,2025,196.84,196.84,196.84
2026-11-21 16:00:00+01:00,2025-11-21 16:00:00+01:00,2025,251.87,251.87,251.87
2026-11-21 17:00:00+01:00,2025-11-21 17:00:00+01:00,2025,250.01,250.01,250.01
2026-11-21 18:00:00+01:00,2025-11-21 18:00:00+01:00,2025,205.09,205.09,205.09
2026-11-21 19:00:00+01:00,2025-11-21 19:00:00+01:00,2025,171.37,171.37,171.37
2026-11-21 20:00:00+01:00,2025-11-21 20:00:00+01:00,2025,141.95,141.95,141.95
2026-11-21 21:00:00+01:00,2025-11-21 21:00:00+01:00,2025,117.31,117.31,117.31
2026-11-21 22:00:00+01:00,2025-11-21 22:00:00+01:00,2025,104.9,104.9,104.9
2026-11-21 23:00:00+01:00,2025-11-21 23:00:00+01:00,2025,95.03,95.03,95.03
2026-11-22 00:00:00+01:00,2025-11-22 00:00:00+01:00,2025,102.25,102.25,102.25
2026-11-22 01:00:00+01:00,2025-11-22 01:00:00+01:00,2025,94.6,94.6,94.6
2026-11-22 02:00:00+01:00,2025-11-22 02:00:00+01:00,2025,88.44,88.44,88.44
2026-11-22 03:00:00+01:00,2025-11-22 03:00:00+01:00,2025,85.28,85.28,85.28
2026-11-22 04:00:00+01:00,2025-11-22 04:00:00+01:00,2025,86.1,86.1,86.1
2026-11-22 05:00:00+01:00,2025-11-22 05:00:00+01:00,2025,85.28,85.28,85.28
2026-11-22 06:00:00+01:00,2025-11-22 06:00:00+01:00,2025,90.52,90.52,90.52
2026-11-22 07:00:00+01:00,2025-11-22 07:00:00+01:00,2025,106.75,106.75,106.75
2026-11-22 08:00:00+01:00,2025-11-22 08:00:00+01:00,2025,104.21,104.21,104.21
2026-11-22 09:00:00+01:00,2025-11-22 09:00:00+01:00,2025,89.12,89.12,89.12
2026-11-22 10:00:00+01:00,2025-11-22 10:00:00+01:00,2025,82.01,82.01,82.01
2026-11-22 11:00:00+01:00,2025-11-22 11:00:00+01:00,2025,78.58,78.58,78.58
2026-11-22 12:00:00+01:00,2025-11-22 12:00:00+01:00,2025,76.28,76.28,76.28
2026-11-22 13:00:00+01:00,2025-11-22 13:00:00+01:00,2025,75.37,75.37,75.37
2026-11-22 14:00:00+01:00,2025-11-22 14:00:00+01:00,2025,81.65,81.65,81.65
2026-11-22 15:00:00+01:00,2025-11-22 15:00:00+01:00,2025,88.97,88.97,88.97
2026-11-22 16:00:00+01:00,2025-11-22 16:00:00+01:00,2025,105.0,105.0,105.0
2026-11-22 17:00:00+01:00,2025-11-22 17:00:00+01:00,2025,114.46,114.46,114.46
2026-11-22 18:00:00+01:00,2025-11-22 18:00:00+01:00,2025,109.25,109.25,109.25
2026-11-22 19:00:00+01:00,2025-11-22 19:00:00+01:00,2025,98.33,98.33,98.33
2026-11-22 20:00:00+01:00,2025-11-22 20:00:00+01:00,2025,86.61,86.61,86.61
2026-11-22 21:00:00+01:00,2025-11-22 21:00:00+01:00,2025,89.25,89.25,89.25
2026-11-22 22:00:00+01:00,2025-11-22 22:00:00+01:00,2025,89.43,89.43,89.43
2026-11-22 23:00:00+01:00,2025-11-22 23:00:00+01:00,2025,82.23,82.23,82.23
2026-11-23 00:00:00+01:00,2025-11-23 00:00:00+01:00,2025,81.53,81.53,81.53
2026-11-23 01:00:00+01:00,2025-11-23 01:00:00+01:00,2025,74.35,74.35,74.35
2026-11-23 02:00:00+01:00,2025-11-23 02:00:00+01:00,2025,70.44,70.44,70.44
2026-11-23 03:00:00+01:00,2025-11-23 03:00:00+01:00,2025,63.23,63.23,63.23
2026-11-23 04:00:00+01:00,2025-11-23 04:00:00+01:00,2025,60.89,60.89,60.89
2026-11-23 05:00:00+01:00,2025-11-23 05:00:00+01:00,2025,64.21,64.21,64.21
2026-11-23 06:00:00+01:00,2025-11-23 06:00:00+01:00,2025,62.03,62.03,62.03
2026-11-23 07:00:00+01:00,2025-11-23 07:00:00+01:00,2025,67.98,67.98,67.98
2026-11-23 08:00:00+01:00,2025-11-23 08:00:00+01:00,2025,67.83,67.83,67.83
2026-11-23 09:00:00+01:00,2025-11-23 09:00:00+01:00,2025,65.96,65.96,65.96
2026-11-23 10:00:00+01:00,2025-11-23 10:00:00+01:00,2025,65.99,65.99,65.99
2026-11-23 11:00:00+01:00,2025-11-23 11:00:00+01:00,2025,66.69,66.69,66.69
2026-11-23 12:00:00+01:00,2025-11-23 12:00:00+01:00,2025,67.86,67.86,67.86
2026-11-23 13:00:00+01:00,2025-11-23 13:00:00+01:00,2025,65.46,65.46,65.46
2026-11-23 14:00:00+01:00,2025-11-23 14:00:00+01:00,2025,69.43,69.43,69.43
2026-11-23 15:00:00+01:00,2025-11-23 15:00:00+01:00,2025,77.29,77.29,77.29
2026-11-23 16:00:00+01:00,2025-11-23 16:00:00+01:00,2025,77.89,77.89,77.89
2026-11-23 17:00:00+01:00,2025-11-23 17:00:00+01:00,2025,80.84,80.84,80.84
2026-11-23 18:00:00+01:00,2025-11-23 18:00:00+01:00,2025,82.54,82.54,82.54
2026-11-23 19:00:00+01:00,2025-11-23 19:00:00+01:00,2025,83.8,83.8,83.8
2026-11-23 20:00:00+01:00,2025-11-23 20:00:00+01:00,2025,77.41,77.41,77.41
2026-11-23 21:00:00+01:00,2025-11-23 21:00:00+01:00,2025,74.16,74.16,74.16
2026-11-23 22:00:00+01:00,2025-11-23 22:00:00+01:00,2025,75.17,75.17,75.17
2026-11-23 23:00:00+01:00,2025-11-23 23:00:00+01:00,2025,71.26,71.26,71.26
2026-11-24 00:00:00+01:00,2025-11-24 00:00:00+01:00,2025,72.46,72.46,72.46
2026-11-24 01:00:00+01:00,2025-11-24 01:00:00+01:00,2025,70.06,70.06,70.06
2026-11-24 02:00:00+01:00,2025-11-24 02:00:00+01:00,2025,72.26,72.26,72.26
2026-11-24 03:00:00+01:00,2025-11-24 03:00:00+01:00,2025,73.28,73.28,73.28
2026-11-24 04:00:00+01:00,2025-11-24 04:00:00+01:00,2025,73.76,73.76,73.76
2026-11-24 05:00:00+01:00,2025-11-24 05:00:00+01:00,2025,80.07,80.07,80.07
2026-11-24 06:00:00+01:00,2025-11-24 06:00:00+01:00,2025,90.31,90.31,90.31
2026-11-24 07:00:00+01:00,2025-11-24 07:00:00+01:00,2025,104.39,104.39,104.39
2026-11-24 08:00:00+01:00,2025-11-24 08:00:00+01:00,2025,107.79,107.79,107.79
2026-11-24 09:00:00+01:00,2025-11-24 09:00:00+01:00,2025,110.26,110.26,110.26
2026-11-24 10:00:00+01:00,2025-11-24 10:00:00+01:00,2025,117.45,117.45,117.45
2026-11-24 11:00:00+01:00,2025-11-24 11:00:00+01:00,2025,128.04,128.04,128.04
2026-11-24 12:00:00+01:00,2025-11-24 12:00:00+01:00,2025,134.24,134.24,134.24
2026-11-24 13:00:00+01:00,2025-11-24 13:00:00+01:00,2025,149.99,149.99,149.99
2026-11-24 14:00:00+01:00,2025-11-24 14:00:00+01:00,2025,173.54,173.54,173.54
2026-11-24 15:00:00+01:00,2025-11-24 15:00:00+01:00,2025,195.81,195.81,195.81
2026-11-24 16:00:00+01:00,2025-11-24 16:00:00+01:00,2025,225.78,225.78,225.78
2026-11-24 17:00:00+01:00,2025-11-24 17:00:00+01:00,2025,263.48,263.48,263.48
2026-11-24 18:00:00+01:00,2025-11-24 18:00:00+01:00,2025,230.59,230.59,230.59
2026-11-24 19:00:00+01:00,2025-11-24 19:00:00+01:00,2025,188.3,188.3,188.3
2026-11-24 20:00:00+01:00,2025-11-24 20:00:00+01:00,2025,151.19,151.19,151.19
2026-11-24 21:00:00+01:00,2025-11-24 21:00:00+01:00,2025,135.24,135.24,135.24
2026-11-24 22:00:00+01:00,2025-11-24 22:00:00+01:00,2025,123.04,123.04,123.04
2026-11-24 23:00:00+01:00,2025-11-24 23:00:00+01:00,2025,105.41,105.41,105.41
2026-11-25 00:00:00+01:00,2025-11-25 00:00:00+01:00,2025,100.9,100.9,100.9
2026-11-25 01:00:00+01:00,2025-11-25 01:00:00+01:00,2025,99.15,99.15,99.15
2026-11-25 02:00:00+01:00,2025-11-25 02:00:00+01:00,2025,97.59,97.59,97.59
2026-11-25 03:00:00+01:00,2025-11-25 03:00:00+01:00,2025,96.1,96.1,96.1
2026-11-25 04:00:00+01:00,2025-11-25 04:00:00+01:00,2025,99.51,99.51,99.51
2026-11-25 05:00:00+01:00,2025-11-25 05:00:00+01:00,2025,106.73,106.73,106.73
2026-11-25 06:00:00+01:00,2025-11-25 06:00:00+01:00,2025,122.41,122.41,122.41
2026-11-25 07:00:00+01:00,2025-11-25 07:00:00+01:00,2025,291.02,291.02,291.02
2026-11-25 08:00:00+01:00,2025-11-25 08:00:00+01:00,2025,333.28,333.28,333.28
2026-11-25 09:00:00+01:00,2025-11-25 09:00:00+01:00,2025,292.65,292.65,292.65
2026-11-25 10:00:00+01:00,2025-11-25 10:00:00+01:00,2025,273.09,273.09,273.09
2026-11-25 11:00:00+01:00,2025-11-25 11:00:00+01:00,2025,326.63,326.63,326.63
2026-11-25 12:00:00+01:00,2025-11-25 12:00:00+01:00,2025,351.0,351.0,351.0
2026-11-25 13:00:00+01:00,2025-11-25 13:00:00+01:00,2025,317.65,317.65,317.65
2026-11-25 14:00:00+01:00,2025-11-25 14:00:00+01:00,2025,300.0,300.0,300.0
2026-11-25 15:00:00+01:00,2025-11-25 15:00:00+01:00,2025,310.0,310.0,310.0
2026-11-25 16:00:00+01:00,2025-11-25 16:00:00+01:00,2025,325.08,325.08,325.08
2026-11-25 17:00:00+01:00,2025-11-25 17:00:00+01:00,2025,373.31,373.31,373.31
2026-11-25 18:00:00+01:00,2025-11-25 18:00:00+01:00,2025,297.91,297.91,297.91
2026-11-25 19:00:00+01:00,2025-11-25 19:00:00+01:00,2025,249.37,249.37,249.37
2026-11-25 20:00:00+01:00,2025-11-25 20:00:00+01:00,2025,172.83,172.83,172.83
2026-11-25 21:00:00+01:00,2025-11-25 21:00:00+01:00,2025,135.02,135.02,135.02
2026-11-25 22:00:00+01:00,2025-11-25 22:00:00+01:00,2025,119.16,119.16,119.16
2026-11-25 23:00:00+01:00,2025-11-25 23:00:00+01:00,2025,102.04,102.04,102.04
2026-11-26 00:00:00+01:00,2025-11-26 00:00:00+01:00,2025,92.85,92.85,92.85
2026-11-26 01:00:00+01:00,2025-11-26 01:00:00+01:00,2025,89.95,89.95,89.95
2026-11-26 02:00:00+01:00,2025-11-26 02:00:00+01:00,2025,88.33,88.33,88.33
2026-11-26 03:00:00+01:00,2025-11-26 03:00:00+01:00,2025,89.44,89.44,89.44
2026-11-26 04:00:00+01:00,2025-11-26 04:00:00+01:00,2025,89.8,89.8,89.8
2026-11-26 05:00:00+01:00,2025-11-26 05:00:00+01:00,2025,97.25,97.25,97.25
2026-11-26 06:00:00+01:00,2025-11-26 06:00:00+01:00,2025,129.82,129.82,129.82
2026-11-26 07:00:00+01:00,2025-11-26 07:00:00+01:00,2025,191.17,191.17,191.17
2026-11-26 08:00:00+01:00,2025-11-26 08:00:00+01:00,2025,237.22,237.22,237.22
2026-11-26 09:00:00+01:00,2025-11-26 09:00:00+01:00,2025,211.85,211.85,211.85
2026-11-26 10:00:00+01:00,2025-11-26 10:00:00+01:00,2025,197.14,197.14,197.14
2026-11-26 11:00:00+01:00,2025-11-26 11:00:00+01:00,2025,170.5,170.5,170.5
2026-11-26 12:00:00+01:00,2025-11-26 12:00:00+01:00,2025,164.68,164.68,164.68
2026-11-26 13:00:00+01:00,2025-11-26 13:00:00+01:00,2025,168.24,168.24,168.24
2026-11-26 14:00:00+01:00,2025-11-26 14:00:00+01:00,2025,184.49,184.49,184.49
2026-11-26 15:00:00+01:00,2025-11-26 15:00:00+01:00,2025,223.72,223.72,223.72
2026-11-26 16:00:00+01:00,2025-11-26 16:00:00+01:00,2025,294.38,294.38,294.38
2026-11-26 17:00:00+01:00,2025-11-26 17:00:00+01:00,2025,294.61,294.61,294.61
2026-11-26 18:00:00+01:00,2025-11-26 18:00:00+01:00,2025,228.93,228.93,228.93
2026-11-26 19:00:00+01:00,2025-11-26 19:00:00+01:00,2025,183.67,183.67,183.67
2026-11-26 20:00:00+01:00,2025-11-26 20:00:00+01:00,2025,141.26,141.26,141.26
2026-11-26 21:00:00+01:00,2025-11-26 21:00:00+01:00,2025,114.95,114.95,114.95
2026-11-26 22:00:00+01:00,2025-11-26 22:00:00+01:00,2025,101.99,101.99,101.99
2026-11-26 23:00:00+01:00,2025-11-26 23:00:00+01:00,2025,90.19,90.19,90.19
2026-11-27 00:00:00+01:00,2025-11-27 00:00:00+01:00,2025,89.95,89.95,89.95
2026-11-27 01:00:00+01:00,2025-11-27 01:00:00+01:00,2025,84.27,84.27,84.27
2026-11-27 02:00:00+01:00,2025-11-27 02:00:00+01:00,2025,79.95,79.95,79.95
2026-11-27 03:00:00+01:00,2025-11-27 03:00:00+01:00,2025,77.34,77.34,77.34
2026-11-27 04:00:00+01:00,2025-11-27 04:00:00+01:00,2025,79.95,79.95,79.95
2026-11-27 05:00:00+01:00,2025-11-27 05:00:00+01:00,2025,82.08,82.08,82.08
2026-11-27 06:00:00+01:00,2025-11-27 06:00:00+01:00,2025,112.22,112.22,112.22
2026-11-27 07:00:00+01:00,2025-11-27 07:00:00+01:00,2025,122.0,122.0,122.0
2026-11-27 08:00:00+01:00,2025-11-27 08:00:00+01:00,2025,123.1,123.1,123.1
2026-11-27 09:00:00+01:00,2025-11-27 09:00:00+01:00,2025,106.95,106.95,106.95
2026-11-27 10:00:00+01:00,2025-11-27 10:00:00+01:00,2025,90.95,90.95,90.95
2026-11-27 11:00:00+01:00,2025-11-27 11:00:00+01:00,2025,88.66,88.66,88.66
2026-11-27 12:00:00+01:00,2025-11-27 12:00:00+01:00,2025,87.06,87.06,87.06
2026-11-27 13:00:00+01:00,2025-11-27 13:00:00+01:00,2025,85.76,85.76,85.76
2026-11-27 14:00:00+01:00,2025-11-27 14:00:00+01:00,2025,89.25,89.25,89.25
2026-11-27 15:00:00+01:00,2025-11-27 15:00:00+01:00,2025,90.6,90.6,90.6
2026-11-27 16:00:00+01:00,2025-11-27 16:00:00+01:00,2025,90.43,90.43,90.43
2026-11-27 17:00:00+01:00,2025-11-27 17:00:00+01:00,2025,97.51,97.51,97.51
2026-11-27 18:00:00+01:00,2025-11-27 18:00:00+01:00,2025,101.39,101.39,101.39
2026-11-27 19:00:00+01:00,2025-11-27 19:00:00+01:00,2025,88.27,88.27,88.27
2026-11-27 20:00:00+01:00,2025-11-27 20:00:00+01:00,2025,85.4,85.4,85.4
2026-11-27 21:00:00+01:00,2025-11-27 21:00:00+01:00,2025,80.63,80.63,80.63
2026-11-27 22:00:00+01:00,2025-11-27 22:00:00+01:00,2025,85.1,85.1,85.1
2026-11-27 23:00:00+01:00,2025-11-27 23:00:00+01:00,2025,69.46,69.46,69.46
2026-11-28 00:00:00+01:00,2025-11-28 00:00:00+01:00,2025,60.84,60.84,60.84
2026-11-28 01:00:00+01:00,2025-11-28 01:00:00+01:00,2025,55.0,55.0,55.0
2026-11-28 02:00:00+01:00,2025-11-28 02:00:00+01:00,2025,52.93,52.93,52.93
2026-11-28 03:00:00+01:00,2025-11-28 03:00:00+01:00,2025,47.88,47.88,47.88
2026-11-28 04:00:00+01:00,2025-11-28 04:00:00+01:00,2025,58.38,58.38,58.38
2026-11-28 05:00:00+01:00,2025-11-28 05:00:00+01:00,2025,61.04,61.04,61.04
2026-11-28 06:00:00+01:00,2025-11-28 06:00:00+01:00,2025,82.86,82.86,82.86
2026-11-28 07:00:00+01:00,2025-11-28 07:00:00+01:00,2025,87.82,87.82,87.82
2026-11-28 08:00:00+01:00,2025-11-28 08:00:00+01:00,2025,100.48,100.48,100.48
2026-11-28 09:00:00+01:00,2025-11-28 09:00:00+01:00,2025,103.4,103.4,103.4
2026-11-28 10:00:00+01:00,2025-11-28 10:00:00+01:00,2025,97.85,97.85,97.85
2026-11-28 11:00:00+01:00,2025-11-28 11:00:00+01:00,2025,102.82,102.82,102.82
2026-11-28 12:00:00+01:00,2025-11-28 12:00:00+01:00,2025,98.71,98.71,98.71
2026-11-28 13:00:00+01:00,2025-11-28 13:00:00+01:00,2025,99.45,99.45,99.45
2026-11-28 14:00:00+01:00,2025-11-28 14:00:00+01:00,2025,98.79,98.79,98.79
2026-11-28 15:00:00+01:00,2025-11-28 15:00:00+01:00,2025,104.67,104.67,104.67
2026-11-28 16:00:00+01:00,2025-11-28 16:00:00+01:00,2025,103.4,103.4,103.4
2026-11-28 17:00:00+01:00,2025-11-28 17:00:00+01:00,2025,96.16,96.16,96.16
2026-11-28 18:00:00+01:00,2025-11-28 18:00:00+01:00,2025,98.13,98.13,98.13
2026-11-28 19:00:00+01:00,2025-11-28 19:00:00+01:00,2025,93.32,93.32,93.32
2026-11-28 20:00:00+01:00,2025-11-28 20:00:00+01:00,2025,88.46,88.46,88.46
2026-11-28 21:00:00+01:00,2025-11-28 21:00:00+01:00,2025,85.41,85.41,85.41
2026-11-28 22:00:00+01:00,2025-11-28 22:00:00+01:00,2025,85.54,85.54,85.54
2026-11-28 23:00:00+01:00,2025-11-28 23:00:00+01:00,2025,77.83,77.83,77.83
2026-11-29 00:00:00+01:00,2025-11-29 00:00:00+01:00,2025,81.73,81.73,81.73
2026-11-29 01:00:00+01:00,2025-11-29 01:00:00+01:00,2025,80.9,80.9,80.9
2026-11-29 02:00:00+01:00,2025-11-29 02:00:00+01:00,2025,81.34,81.34,81.34
2026-11-29 03:00:00+01:00,2025-11-29 03:00:00+01:00,2025,82.56,82.56,82.56
2026-11-29 04:00:00+01:00,2025-11-29 04:00:00+01:00,2025,85.7,85.7,85.7
2026-11-29 05:00:00+01:00,2025-11-29 05:00:00+01:00,2025,90.0,90.0,90.0
2026-11-29 06:00:00+01:00,2025-11-29 06:00:00+01:00,2025,90.89,90.89,90.89
2026-11-29 07:00:00+01:00,2025-11-29 07:00:00+01:00,2025,96.18,96.18,96.18
2026-11-29 08:00:00+01:00,2025-11-29 08:00:00+01:00,2025,89.15,89.15,89.15
2026-11-29 09:00:00+01:00,2025-11-29 09:00:00+01:00,2025,101.58,101.58,101.58
2026-11-29 10:00:00+01:00,2025-11-29 10:00:00+01:00,2025,101.44,101.44,101.44
2026-11-29 11:00:00+01:00,2025-11-29 11:00:00+01:00,2025,95.26,95.26,95.26
2026-11-29 12:00:00+01:00,2025-11-29 12:00:00+01:00,2025,86.1,86.1,86.1
2026-11-29 13:00:00+01:00,2025-11-29 13:00:00+01:00,2025,87.96,87.96,87.96
2026-11-29 14:00:00+01:00,2025-11-29 14:00:00+01:00,2025,91.73,91.73,91.73
2026-11-29 15:00:00+01:00,2025-11-29 15:00:00+01:00,2025,102.72,102.72,102.72
2026-11-29 16:00:00+01:00,2025-11-29 16:00:00+01:00,2025,102.65,102.65,102.65
2026-11-29 17:00:00+01:00,2025-11-29 17:00:00+01:00,2025,107.09,107.09,107.09
2026-11-29 18:00:00+01:00,2025-11-29 18:00:00+01:00,2025,98.13,98.13,98.13
2026-11-29 19:00:00+01:00,2025-11-29 19:00:00+01:00,2025,88.43,88.43,88.43
2026-11-29 20:00:00+01:00,2025-11-29 20:00:00+01:00,2025,81.11,81.11,81.11
2026-11-29 21:00:00+01:00,2025-11-29 21:00:00+01:00,2025,80.8,80.8,80.8
2026-11-29 22:00:00+01:00,2025-11-29 22:00:00+01:00,2025,83.49,83.49,83.49
2026-11-29 23:00:00+01:00,2025-11-29 23:00:00+01:00,2025,77.73,77.73,77.73
2026-11-30 00:00:00+01:00,2025-11-30 00:00:00+01:00,2025,75.97,75.97,75.97
2026-11-30 01:00:00+01:00,2025-11-30 01:00:00+01:00,2025,69.78,69.78,69.78
2026-11-30 02:00:00+01:00,2025-11-30 02:00:00+01:00,2025,67.44,67.44,67.44
2026-11-30 03:00:00+01:00,2025-11-30 03:00:00+01:00,2025,65.36,65.36,65.36
2026-11-30 04:00:00+01:00,2025-11-30 04:00:00+01:00,2025,67.0,67.0,67.0
2026-11-30 05:00:00+01:00,2025-11-30 05:00:00+01:00,2025,74.29,74.29,74.29
2026-11-30 06:00:00+01:00,2025-11-30 06:00:00+01:00,2025,75.58,75.58,75.58
2026-11-30 07:00:00+01:00,2025-11-30 07:00:00+01:00,2025,75.98,75.98,75.98
2026-11-30 08:00:00+01:00,2025-11-30 08:00:00+01:00,2025,79.84,79.84,79.84
2026-11-30 09:00:00+01:00,2025-11-30 09:00:00+01:00,2025,80.65,80.65,80.65
2026-11-30 10:00:00+01:00,2025-11-30 10:00:00+01:00,2025,84.42,84.42,84.42
2026-11-30 11:00:00+01:00,2025-11-30 11:00:00+01:00,2025,81.54,81.54,81.54
2026-11-30 12:00:00+01:00,2025-11-30 12:00:00+01:00,2025,80.7,80.7,80.7
2026-11-30 13:00:00+01:00,2025-11-30 13:00:00+01:00,2025,82.52,82.52,82.52
2026-11-30 14:00:00+01:00,2025-11-30 14:00:00+01:00,2025,87.55,87.55,87.55
2026-11-30 15:00:00+01:00,2025-11-30 15:00:00+01:00,2025,93.58,93.58,93.58
2026-11-30 16:00:00+01:00,2025-11-30 16:00:00+01:00,2025,92.81,92.81,92.81
2026-11-30 17:00:00+01:00,2025-11-30 17:00:00+01:00,2025,104.05,104.05,104.05
2026-11-30 18:00:00+01:00,2025-11-30 18:00:00+01:00,2025,106.21,106.21,106.21
2026-11-30 19:00:00+01:00,2025-11-30 19:00:00+01:00,2025,104.13,104.13,104.13
2026-11-30 20:00:00+01:00,2025-11-30 20:00:00+01:00,2025,97.52,97.52,97.52
2026-11-30 21:00:00+01:00,2025-11-30 21:00:00+01:00,2025,92.93,92.93,92.93
2026-11-30 22:00:00+01:00,2025-11-30 22:00:00+01:00,2025,92.6,92.6,92.6
2026-11-30 23:00:00+01:00,2025-11-30 23:00:00+01:00,2025,87.13,87.13,87.13
2026-12-01 00:00:00+01:00,2025-12-01 00:00:00+01:00,2025,88.0,88.0,88.0
2026-12-01 01:00:00+01:00,2025-12-01 01:00:00+01:00,2025,86.02,86.02,86.02
2026-12-01 02:00:00+01:00,2025-12-01 02:00:00+01:00,2025,81.34,81.34,81.34
2026-12-01 03:00:00+01:00,2025-12-01 03:00:00+01:00,2025,85.14,85.14,85.14
2026-12-01 04:00:00+01:00,2025-12-01 04:00:00+01:00,2025,80.26,80.26,80.26
2026-12-01 05:00:00+01:00,2025-12-01 05:00:00+01:00,2025,88.75,88.75,88.75
2026-12-01 06:00:00+01:00,2025-12-01 06:00:00+01:00,2025,88.63,88.63,88.63
2026-12-01 07:00:00+01:00,2025-12-01 07:00:00+01:00,2025,127.86,127.86,127.86
2026-12-01 08:00:00+01:00,2025-12-01 08:00:00+01:00,2025,139.33,139.33,139.33
2026-12-01 09:00:00+01:00,2025-12-01 09:00:00+01:00,2025,105.1,105.1,105.1
2026-12-01 10:00:00+01:00,2025-12-01 10:00:00+01:00,2025,93.73,93.73,93.73
2026-12-01 11:00:00+01:00,2025-12-01 11:00:00+01:00,2025,85.96,85.96,85.96
2026-12-01 12:00:00+01:00,2025-12-01 12:00:00+01:00,2025,85.02,85.02,85.02
2026-12-01 13:00:00+01:00,2025-12-01 13:00:00+01:00,2025,90.07,90.07,90.07
2026-12-01 14:00:00+01:00,2025-12-01 14:00:00+01:00,2025,107.22,107.22,107.22
2026-12-01 15:00:00+01:00,2025-12-01 15:00:00+01:00,2025,120.32,120.32,120.32
2026-12-01 16:00:00+01:00,2025-12-01 16:00:00+01:00,2025,112.97,112.97,112.97
2026-12-01 17:00:00+01:00,2025-12-01 17:00:00+01:00,2025,94.41,94.41,94.41
2026-12-01 18:00:00+01:00,2025-12-01 18:00:00+01:00,2025,88.99,88.99,88.99
2026-12-01 19:00:00+01:00,2025-12-01 19:00:00+01:00,2025,86.77,86.77,86.77
2026-12-01 20:00:00+01:00,2025-12-01 20:00:00+01:00,2025,82.3,82.3,82.3
2026-12-01 21:00:00+01:00,2025-12-01 21:00:00+01:00,2025,75.95,75.95,75.95
2026-12-01 22:00:00+01:00,2025-12-01 22:00:00+01:00,2025,76.43,76.43,76.43
2026-12-01 23:00:00+01:00,2025-12-01 23:00:00+01:00,2025,71.8,71.8,71.8
2026-12-02 00:00:00+01:00,2025-12-02 00:00:00+01:00,2025,65.78,65.78,65.78
2026-12-02 01:00:00+01:00,2025-12-02 01:00:00+01:00,2025,58.82,58.82,58.82
2026-12-02 02:00:00+01:00,2025-12-02 02:00:00+01:00,2025,54.93,54.93,54.93
2026-12-02 03:00:00+01:00,2025-12-02 03:00:00+01:00,2025,53.73,53.73,53.73
2026-12-02 04:00:00+01:00,2025-12-02 04:00:00+01:00,2025,50.47,50.47,50.47
2026-12-02 05:00:00+01:00,2025-12-02 05:00:00+01:00,2025,64.59,64.59,64.59
2026-12-02 06:00:00+01:00,2025-12-02 06:00:00+01:00,2025,78.51,78.51,78.51
2026-12-02 07:00:00+01:00,2025-12-02 07:00:00+01:00,2025,87.79,87.79,87.79
2026-12-02 08:00:00+01:00,2025-12-02 08:00:00+01:00,2025,87.65,87.65,87.65
2026-12-02 09:00:00+01:00,2025-12-02 09:00:00+01:00,2025,88.28,88.28,88.28
2026-12-02 10:00:00+01:00,2025-12-02 10:00:00+01:00,2025,85.83,85.83,85.83
2026-12-02 11:00:00+01:00,2025-12-02 11:00:00+01:00,2025,86.72,86.72,86.72
2026-12-02 12:00:00+01:00,2025-12-02 12:00:00+01:00,2025,87.45,87.45,87.45
2026-12-02 13:00:00+01:00,2025-12-02 13:00:00+01:00,2025,97.04,97.04,97.04
2026-12-02 14:00:00+01:00,2025-12-02 14:00:00+01:00,2025,105.01,105.01,105.01
2026-12-02 15:00:00+01:00,2025-12-02 15:00:00+01:00,2025,140.37,140.37,140.37
2026-12-02 16:00:00+01:00,2025-12-02 16:00:00+01:00,2025,136.34,136.34,136.34
2026-12-02 17:00:00+01:00,2025-12-02 17:00:00+01:00,2025,151.64,151.64,151.64
2026-12-02 18:00:00+01:00,2025-12-02 18:00:00+01:00,2025,162.14,162.14,162.14
2026-12-02 19:00:00+01:00,2025-12-02 19:00:00+01:00,2025,163.2,163.2,163.2
2026-12-02 20:00:00+01:00,2025-12-02 20:00:00+01:00,2025,154.89,154.89,154.89
2026-12-02 21:00:00+01:00,2025-12-02 21:00:00+01:00,2025,129.35,129.35,129.35
2026-12-02 22:00:00+01:00,2025-12-02 22:00:00+01:00,2025,119.22,119.22,119.22
2026-12-02 23:00:00+01:00,2025-12-02 23:00:00+01:00,2025,99.14,99.14,99.14
2026-12-03 00:00:00+01:00,2025-12-03 00:00:00+01:00,2025,90.84,90.84,90.84
2026-12-03 01:00:00+01:00,2025-12-03 01:00:00+01:00,2025,89.07,89.07,89.07
2026-12-03 02:00:00+01:00,2025-12-03 02:00:00+01:00,2025,90.26,90.26,90.26
2026-12-03 03:00:00+01:00,2025-12-03 03:00:00+01:00,2025,89.88,89.88,89.88
2026-12-03 04:00:00+01:00,2025-12-03 04:00:00+01:00,2025,90.02,90.02,90.02
2026-12-03 05:00:00+01:00,2025-12-03 05:00:00+01:00,2025,98.98,98.98,98.98
2026-12-03 06:00:00+01:00,2025-12-03 06:00:00+01:00,2025,150.95,150.95,150.95
2026-12-03 07:00:00+01:00,2025-12-03 07:00:00+01:00,2025,200.0,200.0,200.0
2026-12-03 08:00:00+01:00,2025-12-03 08:00:00+01:00,2025,250.0,250.0,250.0
2026-12-03 09:00:00+01:00,2025-12-03 09:00:00+01:00,2025,219.89,219.89,219.89
2026-12-03 10:00:00+01:00,2025-12-03 10:00:00+01:00,2025,187.18,187.18,187.18
2026-12-03 11:00:00+01:00,2025-12-03 11:00:00+01:00,2025,173.37,173.37,173.37
2026-12-03 12:00:00+01:00,2025-12-03 12:00:00+01:00,2025,167.73,167.73,167.73
2026-12-03 13:00:00+01:00,2025-12-03 13:00:00+01:00,2025,181.41,181.41,181.41
2026-12-03 14:00:00+01:00,2025-12-03 14:00:00+01:00,2025,199.94,199.94,199.94
2026-12-03 15:00:00+01:00,2025-12-03 15:00:00+01:00,2025,242.56,242.56,242.56
2026-12-03 16:00:00+01:00,2025-12-03 16:00:00+01:00,2025,308.35,308.35,308.35
2026-12-03 17:00:00+01:00,2025-12-03 17:00:00+01:00,2025,259.6,259.6,259.6
2026-12-03 18:00:00+01:00,2025-12-03 18:00:00+01:00,2025,204.12,204.12,204.12
2026-12-03 19:00:00+01:00,2025-12-03 19:00:00+01:00,2025,172.63,172.63,172.63
2026-12-03 20:00:00+01:00,2025-12-03 20:00:00+01:00,2025,146.24,146.24,146.24
2026-12-03 21:00:00+01:00,2025-12-03 21:00:00+01:00,2025,124.82,124.82,124.82
2026-12-03 22:00:00+01:00,2025-12-03 22:00:00+01:00,2025,113.41,113.41,113.41
2026-12-03 23:00:00+01:00,2025-12-03 23:00:00+01:00,2025,104.14,104.14,104.14
2026-12-04 00:00:00+01:00,2025-12-04 00:00:00+01:00,2025,97.38,97.38,97.38
2026-12-04 01:00:00+01:00,2025-12-04 01:00:00+01:00,2025,93.88,93.88,93.88
2026-12-04 02:00:00+01:00,2025-12-04 02:00:00+01:00,2025,90.83,90.83,90.83
2026-12-04 03:00:00+01:00,2025-12-04 03:00:00+01:00,2025,90.36,90.36,90.36
2026-12-04 04:00:00+01:00,2025-12-04 04:00:00+01:00,2025,92.33,92.33,92.33
2026-12-04 05:00:00+01:00,2025-12-04 05:00:00+01:00,2025,96.76,96.76,96.76
2026-12-04 06:00:00+01:00,2025-12-04 06:00:00+01:00,2025,124.87,124.87,124.87
2026-12-04 07:00:00+01:00,2025-12-04 07:00:00+01:00,2025,128.41,128.41,128.41
2026-12-04 08:00:00+01:00,2025-12-04 08:00:00+01:00,2025,144.7,144.7,144.7
2026-12-04 09:00:00+01:00,2025-12-04 09:00:00+01:00,2025,163.98,163.98,163.98
2026-12-04 10:00:00+01:00,2025-12-04 10:00:00+01:00,2025,138.41,138.41,138.41
2026-12-04 11:00:00+01:00,2025-12-04 11:00:00+01:00,2025,148.09,148.09,148.09
2026-12-04 12:00:00+01:00,2025-12-04 12:00:00+01:00,2025,141.96,141.96,141.96
2026-12-04 13:00:00+01:00,2025-12-04 13:00:00+01:00,2025,145.18,145.18,145.18
2026-12-04 14:00:00+01:00,2025-12-04 14:00:00+01:00,2025,152.07,152.07,152.07
2026-12-04 15:00:00+01:00,2025-12-04 15:00:00+01:00,2025,150.99,150.99,150.99
2026-12-04 16:00:00+01:00,2025-12-04 16:00:00+01:00,2025,145.2,145.2,145.2
2026-12-04 17:00:00+01:00,2025-12-04 17:00:00+01:00,2025,144.7,144.7,144.7
2026-12-04 18:00:00+01:00,2025-12-04 18:00:00+01:00,2025,142.33,142.33,142.33
2026-12-04 19:00:00+01:00,2025-12-04 19:00:00+01:00,2025,134.99,134.99,134.99
2026-12-04 20:00:00+01:00,2025-12-04 20:00:00+01:00,2025,118.6,118.6,118.6
2026-12-04 21:00:00+01:00,2025-12-04 21:00:00+01:00,2025,103.35,103.35,103.35
2026-12-04 22:00:00+01:00,2025-12-04 22:00:00+01:00,2025,109.04,109.04,109.04
2026-12-04 23:00:00+01:00,2025-12-04 23:00:00+01:00,2025,98.26,98.26,98.26
2026-12-05 00:00:00+01:00,2025-12-05 00:00:00+01:00,2025,95.74,95.74,95.74
2026-12-05 01:00:00+01:00,2025-12-05 01:00:00+01:00,2025,93.86,93.86,93.86
2026-12-05 02:00:00+01:00,2025-12-05 02:00:00+01:00,2025,90.92,90.92,90.92
2026-12-05 03:00:00+01:00,2025-12-05 03:00:00+01:00,2025,90.57,90.57,90.57
2026-12-05 04:00:00+01:00,2025-12-05 04:00:00+01:00,2025,94.03,94.03,94.03
2026-12-05 05:00:00+01:00,2025-12-05 05:00:00+01:00,2025,100.87,100.87,100.87
2026-12-05 06:00:00+01:00,2025-12-05 06:00:00+01:00,2025,123.99,123.99,123.99
2026-12-05 07:00:00+01:00,2025-12-05 07:00:00+01:00,2025,162.42,162.42,162.42
2026-12-05 08:00:00+01:00,2025-12-05 08:00:00+01:00,2025,184.43,184.43,184.43
2026-12-05 09:00:00+01:00,2025-12-05 09:00:00+01:00,2025,184.14,184.14,184.14
2026-12-05 10:00:00+01:00,2025-12-05 10:00:00+01:00,2025,171.35,171.35,171.35
2026-12-05 11:00:00+01:00,2025-12-05 11:00:00+01:00,2025,167.52,167.52,167.52
2026-12-05 12:00:00+01:00,2025-12-05 12:00:00+01:00,2025,161.56,161.56,161.56
2026-12-05 13:00:00+01:00,2025-12-05 13:00:00+01:00,2025,157.45,157.45,157.45
2026-12-05 14:00:00+01:00,2025-12-05 14:00:00+01:00,2025,161.18,161.18,161.18
2026-12-05 15:00:00+01:00,2025-12-05 15:00:00+01:00,2025,162.35,162.35,162.35
2026-12-05 16:00:00+01:00,2025-12-05 16:00:00+01:00,2025,169.5,169.5,169.5
2026-12-05 17:00:00+01:00,2025-12-05 17:00:00+01:00,2025,158.31,158.31,158.31
2026-12-05 18:00:00+01:00,2025-12-05 18:00:00+01:00,2025,147.25,147.25,147.25
2026-12-05 19:00:00+01:00,2025-12-05 19:00:00+01:00,2025,131.54,131.54,131.54
2026-12-05 20:00:00+01:00,2025-12-05 20:00:00+01:00,2025,115.15,115.15,115.15
2026-12-05 21:00:00+01:00,2025-12-05 21:00:00+01:00,2025,97.55,97.55,97.55
2026-12-05 22:00:00+01:00,2025-12-05 22:00:00+01:00,2025,93.08,93.08,93.08
2026-12-05 23:00:00+01:00,2025-12-05 23:00:00+01:00,2025,84.12,84.12,84.12
2026-12-06 00:00:00+01:00,2025-12-06 00:00:00+01:00,2025,82.08,82.08,82.08
2026-12-06 01:00:00+01:00,2025-12-06 01:00:00+01:00,2025,76.97,76.97,76.97
2026-12-06 02:00:00+01:00,2025-12-06 02:00:00+01:00,2025,73.63,73.63,73.63
2026-12-06 03:00:00+01:00,2025-12-06 03:00:00+01:00,2025,70.01,70.01,70.01
2026-12-06 04:00:00+01:00,2025-12-06 04:00:00+01:00,2025,67.43,67.43,67.43
2026-12-06 05:00:00+01:00,2025-12-06 05:00:00+01:00,2025,64.97,64.97,64.97
2026-12-06 06:00:00+01:00,2025-12-06 06:00:00+01:00,2025,64.59,64.59,64.59
2026-12-06 07:00:00+01:00,2025-12-06 07:00:00+01:00,2025,67.87,67.87,67.87
2026-12-06 08:00:00+01:00,2025-12-06 08:00:00+01:00,2025,78.61,78.61,78.61
2026-12-06 09:00:00+01:00,2025-12-06 09:00:00+01:00,2025,80.94,80.94,80.94
2026-12-06 10:00:00+01:00,2025-12-06 10:00:00+01:00,2025,82.3,82.3,82.3
2026-12-06 11:00:00+01:00,2025-12-06 11:00:00+01:00,2025,80.61,80.61,80.61
2026-12-06 12:00:00+01:00,2025-12-06 12:00:00+01:00,2025,80.62,80.62,80.62
2026-12-06 13:00:00+01:00,2025-12-06 13:00:00+01:00,2025,81.33,81.33,81.33
2026-12-06 14:00:00+01:00,2025-12-06 14:00:00+01:00,2025,86.17,86.17,86.17
2026-12-06 15:00:00+01:00,2025-12-06 15:00:00+01:00,2025,91.02,91.02,91.02
2026-12-06 16:00:00+01:00,2025-12-06 16:00:00+01:00,2025,95.59,95.59,95.59
2026-12-06 17:00:00+01:00,2025-12-06 17:00:00+01:00,2025,95.12,95.12,95.12
2026-12-06 18:00:00+01:00,2025-12-06 18:00:00+01:00,2025,89.18,89.18,89.18
2026-12-06 19:00:00+01:00,2025-12-06 19:00:00+01:00,2025,89.66,89.66,89.66
2026-12-06 20:00:00+01:00,2025-12-06 20:00:00+01:00,2025,83.39,83.39,83.39
2026-12-06 21:00:00+01:00,2025-12-06 21:00:00+01:00,2025,80.61,80.61,80.61
2026-12-06 22:00:00+01:00,2025-12-06 22:00:00+01:00,2025,76.5,76.5,76.5
2026-12-06 23:00:00+01:00,2025-12-06 23:00:00+01:00,2025,71.57,71.57,71.57
2026-12-07 00:00:00+01:00,2025-12-07 00:00:00+01:00,2025,67.32,67.32,67.32
2026-12-07 01:00:00+01:00,2025-12-07 01:00:00+01:00,2025,61.0,61.0,61.0
2026-12-07 02:00:00+01:00,2025-12-07 02:00:00+01:00,2025,59.42,59.42,59.42
2026-12-07 03:00:00+01:00,2025-12-07 03:00:00+01:00,2025,58.56,58.56,58.56
2026-12-07 04:00:00+01:00,2025-12-07 04:00:00+01:00,2025,62.08,62.08,62.08
2026-12-07 05:00:00+01:00,2025-12-07 05:00:00+01:00,2025,62.0,62.0,62.0
2026-12-07 06:00:00+01:00,2025-12-07 06:00:00+01:00,2025,63.72,63.72,63.72
2026-12-07 07:00:00+01:00,2025-12-07 07:00:00+01:00,2025,71.84,71.84,71.84
2026-12-07 08:00:00+01:00,2025-12-07 08:00:00+01:00,2025,78.0,78.0,78.0
2026-12-07 09:00:00+01:00,2025-12-07 09:00:00+01:00,2025,85.56,85.56,85.56
2026-12-07 10:00:00+01:00,2025-12-07 10:00:00+01:00,2025,90.53,90.53,90.53
2026-12-07 11:00:00+01:00,2025-12-07 11:00:00+01:00,2025,91.92,91.92,91.92
2026-12-07 12:00:00+01:00,2025-12-07 12:00:00+01:00,2025,97.44,97.44,97.44
2026-12-07 13:00:00+01:00,2025-12-07 13:00:00+01:00,2025,99.57,99.57,99.57
2026-12-07 14:00:00+01:00,2025-12-07 14:00:00+01:00,2025,104.15,104.15,104.15
2026-12-07 15:00:00+01:00,2025-12-07 15:00:00+01:00,2025,105.74,105.74,105.74
2026-12-07 16:00:00+01:00,2025-12-07 16:00:00+01:00,2025,109.61,109.61,109.61
2026-12-07 17:00:00+01:00,2025-12-07 17:00:00+01:00,2025,111.82,111.82,111.82
2026-12-07 18:00:00+01:00,2025-12-07 18:00:00+01:00,2025,96.88,96.88,96.88
2026-12-07 19:00:00+01:00,2025-12-07 19:00:00+01:00,2025,87.46,87.46,87.46
2026-12-07 20:00:00+01:00,2025-12-07 20:00:00+01:00,2025,83.76,83.76,83.76
2026-12-07 21:00:00+01:00,2025-12-07 21:00:00+01:00,2025,73.72,73.72,73.72
2026-12-07 22:00:00+01:00,2025-12-07 22:00:00+01:00,2025,65.6,65.6,65.6
2026-12-07 23:00:00+01:00,2025-12-07 23:00:00+01:00,2025,41.74,41.74,41.74
2026-12-08 00:00:00+01:00,2025-12-08 00:00:00+01:00,2025,19.27,19.27,19.27
2026-12-08 01:00:00+01:00,2025-12-08 01:00:00+01:00,2025,11.09,11.09,11.09
2026-12-08 02:00:00+01:00,2025-12-08 02:00:00+01:00,2025,11.66,11.66,11.66
2026-12-08 03:00:00+01:00,2025-12-08 03:00:00+01:00,2025,5.59,5.59,5.59
2026-12-08 04:00:00+01:00,2025-12-08 04:00:00+01:00,2025,12.89,12.89,12.89
2026-12-08 05:00:00+01:00,2025-12-08 05:00:00+01:00,2025,28.66,28.66,28.66
2026-12-08 06:00:00+01:00,2025-12-08 06:00:00+01:00,2025,64.32,64.32,64.32
2026-12-08 07:00:00+01:00,2025-12-08 07:00:00+01:00,2025,82.84,82.84,82.84
2026-12-08 08:00:00+01:00,2025-12-08 08:00:00+01:00,2025,100.0,100.0,100.0
2026-12-08 09:00:00+01:00,2025-12-08 09:00:00+01:00,2025,98.34,98.34,98.34
2026-12-08 10:00:00+01:00,2025-12-08 10:00:00+01:00,2025,86.04,86.04,86.04
2026-12-08 11:00:00+01:00,2025-12-08 11:00:00+01:00,2025,79.99,79.99,79.99
2026-12-08 12:00:00+01:00,2025-12-08 12:00:00+01:00,2025,79.35,79.35,79.35
2026-12-08 13:00:00+01:00,2025-12-08 13:00:00+01:00,2025,86.85,86.85,86.85
2026-12-08 14:00:00+01:00,2025-12-08 14:00:00+01:00,2025,94.08,94.08,94.08
2026-12-08 15:00:00+01:00,2025-12-08 15:00:00+01:00,2025,100.15,100.15,100.15
2026-12-08 16:00:00+01:00,2025-12-08 16:00:00+01:00,2025,101.07,101.07,101.07
2026-12-08 17:00:00+01:00,2025-12-08 17:00:00+01:00,2025,109.85,109.85,109.85
2026-12-08 18:00:00+01:00,2025-12-08 18:00:00+01:00,2025,100.26,100.26,100.26
2026-12-08 19:00:00+01:00,2025-12-08 19:00:00+01:00,2025,96.64,96.64,96.64
2026-12-08 20:00:00+01:00,2025-12-08 20:00:00+01:00,2025,89.35,89.35,89.35
2026-12-08 21:00:00+01:00,2025-12-08 21:00:00+01:00,2025,83.52,83.52,83.52
2026-12-08 22:00:00+01:00,2025-12-08 22:00:00+01:00,2025,80.21,80.21,80.21
2026-12-08 23:00:00+01:00,2025-12-08 23:00:00+01:00,2025,73.25,73.25,73.25
2026-12-09 00:00:00+01:00,2025-12-09 00:00:00+01:00,2025,73.7,73.7,73.7
2026-12-09 01:00:00+01:00,2025-12-09 01:00:00+01:00,2025,72.79,72.79,72.79
2026-12-09 02:00:00+01:00,2025-12-09 02:00:00+01:00,2025,73.71,73.71,73.71
2026-12-09 03:00:00+01:00,2025-12-09 03:00:00+01:00,2025,74.85,74.85,74.85
2026-12-09 04:00:00+01:00,2025-12-09 04:00:00+01:00,2025,73.72,73.72,73.72
2026-12-09 05:00:00+01:00,2025-12-09 05:00:00+01:00,2025,80.21,80.21,80.21
2026-12-09 06:00:00+01:00,2025-12-09 06:00:00+01:00,2025,98.85,98.85,98.85
2026-12-09 07:00:00+01:00,2025-12-09 07:00:00+01:00,2025,105.79,105.79,105.79
2026-12-09 08:00:00+01:00,2025-12-09 08:00:00+01:00,2025,129.75,129.75,129.75
2026-12-09 09:00:00+01:00,2025-12-09 09:00:00+01:00,2025,111.34,111.34,111.34
2026-12-09 10:00:00+01:00,2025-12-09 10:00:00+01:00,2025,103.06,103.06,103.06
2026-12-09 11:00:00+01:00,2025-12-09 11:00:00+01:00,2025,103.34,103.34,103.34
2026-12-09 12:00:00+01:00,2025-12-09 12:00:00+01:00,2025,97.83,97.83,97.83
2026-12-09 13:00:00+01:00,2025-12-09 13:00:00+01:00,2025,101.1,101.1,101.1
2026-12-09 14:00:00+01:00,2025-12-09 14:00:00+01:00,2025,100.22,100.22,100.22
2026-12-09 15:00:00+01:00,2025-12-09 15:00:00+01:00,2025,110.88,110.88,110.88
2026-12-09 16:00:00+01:00,2025-12-09 16:00:00+01:00,2025,108.3,108.3,108.3
2026-12-09 17:00:00+01:00,2025-12-09 17:00:00+01:00,2025,104.57,104.57,104.57
2026-12-09 18:00:00+01:00,2025-12-09 18:00:00+01:00,2025,96.91,96.91,96.91
2026-12-09 19:00:00+01:00,2025-12-09 19:00:00+01:00,2025,85.1,85.1,85.1
2026-12-09 20:00:00+01:00,2025-12-09 20:00:00+01:00,2025,83.67,83.67,83.67
2026-12-09 21:00:00+01:00,2025-12-09 21:00:00+01:00,2025,79.35,79.35,79.35
2026-12-09 22:00:00+01:00,2025-12-09 22:00:00+01:00,2025,73.33,73.33,73.33
2026-12-09 23:00:00+01:00,2025-12-09 23:00:00+01:00,2025,55.42,55.42,55.42
2026-12-10 00:00:00+01:00,2025-12-10 00:00:00+01:00,2025,43.9,43.9,43.9
2026-12-10 01:00:00+01:00,2025-12-10 01:00:00+01:00,2025,36.48,36.48,36.48
2026-12-10 02:00:00+01:00,2025-12-10 02:00:00+01:00,2025,31.0,31.0,31.0
2026-12-10 03:00:00+01:00,2025-12-10 03:00:00+01:00,2025,35.11,35.11,35.11
2026-12-10 04:00:00+01:00,2025-12-10 04:00:00+01:00,2025,48.09,48.09,48.09
2026-12-10 05:00:00+01:00,2025-12-10 05:00:00+01:00,2025,69.65,69.65,69.65
2026-12-10 06:00:00+01:00,2025-12-10 06:00:00+01:00,2025,79.12,79.12,79.12
2026-12-10 07:00:00+01:00,2025-12-10 07:00:00+01:00,2025,87.51,87.51,87.51
2026-12-10 08:00:00+01:00,2025-12-10 08:00:00+01:00,2025,94.33,94.33,94.33
2026-12-10 09:00:00+01:00,2025-12-10 09:00:00+01:00,2025,94.23,94.23,94.23
2026-12-10 10:00:00+01:00,2025-12-10 10:00:00+01:00,2025,87.73,87.73,87.73
2026-12-10 11:00:00+01:00,2025-12-10 11:00:00+01:00,2025,81.0,81.0,81.0
2026-12-10 12:00:00+01:00,2025-12-10 12:00:00+01:00,2025,79.5,79.5,79.5
2026-12-10 13:00:00+01:00,2025-12-10 13:00:00+01:00,2025,81.44,81.44,81.44
2026-12-10 14:00:00+01:00,2025-12-10 14:00:00+01:00,2025,90.22,90.22,90.22
2026-12-10 15:00:00+01:00,2025-12-10 15:00:00+01:00,2025,100.67,100.67,100.67
2026-12-10 16:00:00+01:00,2025-12-10 16:00:00+01:00,2025,104.0,104.0,104.0
2026-12-10 17:00:00+01:00,2025-12-10 17:00:00+01:00,2025,105.67,105.67,105.67
2026-12-10 18:00:00+01:00,2025-12-10 18:00:00+01:00,2025,104.7,104.7,104.7
2026-12-10 19:00:00+01:00,2025-12-10 19:00:00+01:00,2025,96.77,96.77,96.77
2026-12-10 20:00:00+01:00,2025-12-10 20:00:00+01:00,2025,87.75,87.75,87.75
2026-12-10 21:00:00+01:00,2025-12-10 21:00:00+01:00,2025,86.31,86.31,86.31
2026-12-10 22:00:00+01:00,2025-12-10 22:00:00+01:00,2025,82.49,82.49,82.49
2026-12-10 23:00:00+01:00,2025-12-10 23:00:00+01:00,2025,76.43,76.43,76.43
2026-12-11 00:00:00+01:00,2025-12-11 00:00:00+01:00,2025,73.98,73.98,73.98
2026-12-11 01:00:00+01:00,2025-12-11 01:00:00+01:00,2025,73.42,73.42,73.42
2026-12-11 02:00:00+01:00,2025-12-11 02:00:00+01:00,2025,72.52,72.52,72.52
2026-12-11 03:00:00+01:00,2025-12-11 03:00:00+01:00,2025,75.21,75.21,75.21
2026-12-11 04:00:00+01:00,2025-12-11 04:00:00+01:00,2025,76.91,76.91,76.91
2026-12-11 05:00:00+01:00,2025-12-11 05:00:00+01:00,2025,80.59,80.59,80.59
2026-12-11 06:00:00+01:00,2025-12-11 06:00:00+01:00,2025,90.09,90.09,90.09
2026-12-11 07:00:00+01:00,2025-12-11 07:00:00+01:00,2025,98.11,98.11,98.11
2026-12-11 08:00:00+01:00,2025-12-11 08:00:00+01:00,2025,110.36,110.36,110.36
2026-12-11 09:00:00+01:00,2025-12-11 09:00:00+01:00,2025,106.17,106.17,106.17
2026-12-11 10:00:00+01:00,2025-12-11 10:00:00+01:00,2025,93.18,93.18,93.18
2026-12-11 11:00:00+01:00,2025-12-11 11:00:00+01:00,2025,91.92,91.92,91.92
2026-12-11 12:00:00+01:00,2025-12-11 12:00:00+01:00,2025,89.4,89.4,89.4
2026-12-11 13:00:00+01:00,2025-12-11 13:00:00+01:00,2025,90.22,90.22,90.22
2026-12-11 14:00:00+01:00,2025-12-11 14:00:00+01:00,2025,97.79,97.79,97.79
2026-12-11 15:00:00+01:00,2025-12-11 15:00:00+01:00,2025,111.27,111.27,111.27
2026-12-11 16:00:00+01:00,2025-12-11 16:00:00+01:00,2025,114.7,114.7,114.7
2026-12-11 17:00:00+01:00,2025-12-11 17:00:00+01:00,2025,115.41,115.41,115.41
2026-12-11 18:00:00+01:00,2025-12-11 18:00:00+01:00,2025,112.57,112.57,112.57
2026-12-11 19:00:00+01:00,2025-12-11 19:00:00+01:00,2025,107.79,107.79,107.79
2026-12-11 20:00:00+01:00,2025-12-11 20:00:00+01:00,2025,103.64,103.64,103.64
2026-12-11 21:00:00+01:00,2025-12-11 21:00:00+01:00,2025,94.39,94.39,94.39
2026-12-11 22:00:00+01:00,2025-12-11 22:00:00+01:00,2025,93.59,93.59,93.59
2026-12-11 23:00:00+01:00,2025-12-11 23:00:00+01:00,2025,93.74,93.74,93.74
2026-12-12 00:00:00+01:00,2025-12-12 00:00:00+01:00,2025,83.78,83.78,83.78
2026-12-12 01:00:00+01:00,2025-12-12 01:00:00+01:00,2025,86.22,86.22,86.22
2026-12-12 02:00:00+01:00,2025-12-12 02:00:00+01:00,2025,87.9,87.9,87.9
2026-12-12 03:00:00+01:00,2025-12-12 03:00:00+01:00,2025,90.18,90.18,90.18
2026-12-12 04:00:00+01:00,2025-12-12 04:00:00+01:00,2025,90.71,90.71,90.71
2026-12-12 05:00:00+01:00,2025-12-12 05:00:00+01:00,2025,92.21,92.21,92.21
2026-12-12 06:00:00+01:00,2025-12-12 06:00:00+01:00,2025,101.23,101.23,101.23
2026-12-12 07:00:00+01:00,2025-12-12 07:00:00+01:00,2025,121.32,121.32,121.32
2026-12-12 08:00:00+01:00,2025-12-12 08:00:00+01:00,2025,130.85,130.85,130.85
2026-12-12 09:00:00+01:00,2025-12-12 09:00:00+01:00,2025,126.9,126.9,126.9
2026-12-12 10:00:00+01:00,2025-12-12 10:00:00+01:00,2025,121.96,121.96,121.96
2026-12-12 11:00:00+01:00,2025-12-12 11:00:00+01:00,2025,118.3,118.3,118.3
2026-12-12 12:00:00+01:00,2025-12-12 12:00:00+01:00,2025,113.07,113.07,113.07
2026-12-12 13:00:00+01:00,2025-12-12 13:00:00+01:00,2025,118.26,118.26,118.26
2026-12-12 14:00:00+01:00,2025-12-12 14:00:00+01:00,2025,126.82,126.82,126.82
2026-12-12 15:00:00+01:00,2025-12-12 15:00:00+01:00,2025,131.95,131.95,131.95
2026-12-12 16:00:00+01:00,2025-12-12 16:00:00+01:00,2025,145.49,145.49,145.49
2026-12-12 17:00:00+01:00,2025-12-12 17:00:00+01:00,2025,146.83,146.83,146.83
2026-12-12 18:00:00+01:00,2025-12-12 18:00:00+01:00,2025,133.1,133.1,133.1
2026-12-12 19:00:00+01:00,2025-12-12 19:00:00+01:00,2025,128.06,128.06,128.06
2026-12-12 20:00:00+01:00,2025-12-12 20:00:00+01:00,2025,117.0,117.0,117.0
2026-12-12 21:00:00+01:00,2025-12-12 21:00:00+01:00,2025,114.93,114.93,114.93
2026-12-12 22:00:00+01:00,2025-12-12 22:00:00+01:00,2025,103.82,103.82,103.82
2026-12-12 23:00:00+01:00,2025-12-12 23:00:00+01:00,2025,91.75,91.75,91.75
2026-12-13 00:00:00+01:00,2025-12-13 00:00:00+01:00,2025,92.28,92.28,92.28
2026-12-13 01:00:00+01:00,2025-12-13 01:00:00+01:00,2025,90.5,90.5,90.5
2026-12-13 02:00:00+01:00,2025-12-13 02:00:00+01:00,2025,87.39,87.39,87.39
2026-12-13 03:00:00+01:00,2025-12-13 03:00:00+01:00,2025,87.04,87.04,87.04
2026-12-13 04:00:00+01:00,2025-12-13 04:00:00+01:00,2025,85.0,85.0,85.0
2026-12-13 05:00:00+01:00,2025-12-13 05:00:00+01:00,2025,84.67,84.67,84.67
2026-12-13 06:00:00+01:00,2025-12-13 06:00:00+01:00,2025,79.14,79.14,79.14
2026-12-13 07:00:00+01:00,2025-12-13 07:00:00+01:00,2025,81.14,81.14,81.14
2026-12-13 08:00:00+01:00,2025-12-13 08:00:00+01:00,2025,95.95,95.95,95.95
2026-12-13 09:00:00+01:00,2025-12-13 09:00:00+01:00,2025,106.77,106.77,106.77
2026-12-13 10:00:00+01:00,2025-12-13 10:00:00+01:00,2025,102.59,102.59,102.59
2026-12-13 11:00:00+01:00,2025-12-13 11:00:00+01:00,2025,98.09,98.09,98.09
2026-12-13 12:00:00+01:00,2025-12-13 12:00:00+01:00,2025,93.76,93.76,93.76
2026-12-13 13:00:00+01:00,2025-12-13 13:00:00+01:00,2025,92.94,92.94,92.94
2026-12-13 14:00:00+01:00,2025-12-13 14:00:00+01:00,2025,95.76,95.76,95.76
2026-12-13 15:00:00+01:00,2025-12-13 15:00:00+01:00,2025,114.66,114.66,114.66
2026-12-13 16:00:00+01:00,2025-12-13 16:00:00+01:00,2025,119.71,119.71,119.71
2026-12-13 17:00:00+01:00,2025-12-13 17:00:00+01:00,2025,118.45,118.45,118.45
2026-12-13 18:00:00+01:00,2025-12-13 18:00:00+01:00,2025,112.26,112.26,112.26
2026-12-13 19:00:00+01:00,2025-12-13 19:00:00+01:00,2025,103.63,103.63,103.63
2026-12-13 20:00:00+01:00,2025-12-13 20:00:00+01:00,2025,91.71,91.71,91.71
2026-12-13 21:00:00+01:00,2025-12-13 21:00:00+01:00,2025,90.56,90.56,90.56
2026-12-13 22:00:00+01:00,2025-12-13 22:00:00+01:00,2025,93.69,93.69,93.69
2026-12-13 23:00:00+01:00,2025-12-13 23:00:00+01:00,2025,84.39,84.39,84.39
2026-12-14 00:00:00+01:00,2025-12-14 00:00:00+01:00,2025,91.2,91.2,91.2
2026-12-14 01:00:00+01:00,2025-12-14 01:00:00+01:00,2025,90.52,90.52,90.52
2026-12-14 02:00:00+01:00,2025-12-14 02:00:00+01:00,2025,81.9,81.9,81.9
2026-12-14 03:00:00+01:00,2025-12-14 03:00:00+01:00,2025,79.95,79.95,79.95
2026-12-14 04:00:00+01:00,2025-12-14 04:00:00+01:00,2025,77.31,77.31,77.31
2026-12-14 05:00:00+01:00,2025-12-14 05:00:00+01:00,2025,78.76,78.76,78.76
2026-12-14 06:00:00+01:00,2025-12-14 06:00:00+01:00,2025,77.18,77.18,77.18
2026-12-14 07:00:00+01:00,2025-12-14 07:00:00+01:00,2025,77.47,77.47,77.47
2026-12-14 08:00:00+01:00,2025-12-14 08:00:00+01:00,2025,81.76,81.76,81.76
2026-12-14 09:00:00+01:00,2025-12-14 09:00:00+01:00,2025,82.35,82.35,82.35
2026-12-14 10:00:00+01:00,2025-12-14 10:00:00+01:00,2025,80.01,80.01,80.01
2026-12-14 11:00:00+01:00,2025-12-14 11:00:00+01:00,2025,84.08,84.08,84.08
2026-12-14 12:00:00+01:00,2025-12-14 12:00:00+01:00,2025,87.27,87.27,87.27
2026-12-14 13:00:00+01:00,2025-12-14 13:00:00+01:00,2025,86.96,86.96,86.96
2026-12-14 14:00:00+01:00,2025-12-14 14:00:00+01:00,2025,88.65,88.65,88.65
2026-12-14 15:00:00+01:00,2025-12-14 15:00:00+01:00,2025,92.1,92.1,92.1
2026-12-14 16:00:00+01:00,2025-12-14 16:00:00+01:00,2025,99.28,99.28,99.28
2026-12-14 17:00:00+01:00,2025-12-14 17:00:00+01:00,2025,102.79,102.79,102.79
2026-12-14 18:00:00+01:00,2025-12-14 18:00:00+01:00,2025,103.29,103.29,103.29
2026-12-14 19:00:00+01:00,2025-12-14 19:00:00+01:00,2025,92.99,92.99,92.99
2026-12-14 20:00:00+01:00,2025-12-14 20:00:00+01:00,2025,90.4,90.4,90.4
2026-12-14 21:00:00+01:00,2025-12-14 21:00:00+01:00,2025,84.4,84.4,84.4
2026-12-14 22:00:00+01:00,2025-12-14 22:00:00+01:00,2025,82.65,82.65,82.65
2026-12-14 23:00:00+01:00,2025-12-14 23:00:00+01:00,2025,75.75,75.75,75.75
2026-12-15 00:00:00+01:00,2025-12-15 00:00:00+01:00,2025,72.5,72.5,72.5
2026-12-15 01:00:00+01:00,2025-12-15 01:00:00+01:00,2025,71.88,71.88,71.88
2026-12-15 02:00:00+01:00,2025-12-15 02:00:00+01:00,2025,71.04,71.04,71.04
2026-12-15 03:00:00+01:00,2025-12-15 03:00:00+01:00,2025,70.67,70.67,70.67
2026-12-15 04:00:00+01:00,2025-12-15 04:00:00+01:00,2025,75.28,75.28,75.28
2026-12-15 05:00:00+01:00,2025-12-15 05:00:00+01:00,2025,76.8,76.8,76.8
2026-12-15 06:00:00+01:00,2025-12-15 06:00:00+01:00,2025,86.53,86.53,86.53
2026-12-15 07:00:00+01:00,2025-12-15 07:00:00+01:00,2025,98.79,98.79,98.79
2026-12-15 08:00:00+01:00,2025-12-15 08:00:00+01:00,2025,101.13,101.13,101.13
2026-12-15 09:00:00+01:00,2025-12-15 09:00:00+01:00,2025,96.65,96.65,96.65
2026-12-15 10:00:00+01:00,2025-12-15 10:00:00+01:00,2025,89.62,89.62,89.62
2026-12-15 11:00:00+01:00,2025-12-15 11:00:00+01:00,2025,79.72,79.72,79.72
2026-12-15 12:00:00+01:00,2025-12-15 12:00:00+01:00,2025,79.77,79.77,79.77
2026-12-15 13:00:00+01:00,2025-12-15 13:00:00+01:00,2025,88.26,88.26,88.26
2026-12-15 14:00:00+01:00,2025-12-15 14:00:00+01:00,2025,95.44,95.44,95.44
2026-12-15 15:00:00+01:00,2025-12-15 15:00:00+01:00,2025,107.3,107.3,107.3
2026-12-15 16:00:00+01:00,2025-12-15 16:00:00+01:00,2025,108.66,108.66,108.66
2026-12-15 17:00:00+01:00,2025-12-15 17:00:00+01:00,2025,104.21,104.21,104.21
2026-12-15 18:00:00+01:00,2025-12-15 18:00:00+01:00,2025,98.16,98.16,98.16
2026-12-15 19:00:00+01:00,2025-12-15 19:00:00+01:00,2025,90.42,90.42,90.42
2026-12-15 20:00:00+01:00,2025-12-15 20:00:00+01:00,2025,84.25,84.25,84.25
2026-12-15 21:00:00+01:00,2025-12-15 21:00:00+01:00,2025,85.17,85.17,85.17
2026-12-15 22:00:00+01:00,2025-12-15 22:00:00+01:00,2025,84.98,84.98,84.98
2026-12-15 23:00:00+01:00,2025-12-15 23:00:00+01:00,2025,80.46,80.46,80.46
2026-12-16 00:00:00+01:00,2025-12-16 00:00:00+01:00,2025,80.67,80.67,80.67
2026-12-16 01:00:00+01:00,2025-12-16 01:00:00+01:00,2025,79.05,79.05,79.05
2026-12-16 02:00:00+01:00,2025-12-16 02:00:00+01:00,2025,77.1,77.1,77.1
2026-12-16 03:00:00+01:00,2025-12-16 03:00:00+01:00,2025,79.05,79.05,79.05
2026-12-16 04:00:00+01:00,2025-12-16 04:00:00+01:00,2025,80.39,80.39,80.39
2026-12-16 05:00:00+01:00,2025-12-16 05:00:00+01:00,2025,82.31,82.31,82.31
2026-12-16 06:00:00+01:00,2025-12-16 06:00:00+01:00,2025,88.4,88.4,88.4
2026-12-16 07:00:00+01:00,2025-12-16 07:00:00+01:00,2025,91.39,91.39,91.39
2026-12-16 08:00:00+01:00,2025-12-16 08:00:00+01:00,2025,100.47,100.47,100.47
2026-12-16 09:00:00+01:00,2025-12-16 09:00:00+01:00,2025,101.27,101.27,101.27
2026-12-16 10:00:00+01:00,2025-12-16 10:00:00+01:00,2025,92.34,92.34,92.34
2026-12-16 11:00:00+01:00,2025-12-16 11:00:00+01:00,2025,90.61,90.61,90.61
2026-12-16 12:00:00+01:00,2025-12-16 12:00:00+01:00,2025,91.51,91.51,91.51
2026-12-16 13:00:00+01:00,2025-12-16 13:00:00+01:00,2025,99.88,99.88,99.88
2026-12-16 14:00:00+01:00,2025-12-16 14:00:00+01:00,2025,124.4,124.4,124.4
2026-12-16 15:00:00+01:00,2025-12-16 15:00:00+01:00,2025,139.38,139.38,139.38
2026-12-16 16:00:00+01:00,2025-12-16 16:00:00+01:00,2025,155.31,155.31,155.31
2026-12-16 17:00:00+01:00,2025-12-16 17:00:00+01:00,2025,162.2,162.2,162.2
2026-12-16 18:00:00+01:00,2025-12-16 18:00:00+01:00,2025,142.25,142.25,142.25
2026-12-16 19:00:00+01:00,2025-12-16 19:00:00+01:00,2025,137.1,137.1,137.1
2026-12-16 20:00:00+01:00,2025-12-16 20:00:00+01:00,2025,128.85,128.85,128.85
2026-12-16 21:00:00+01:00,2025-12-16 21:00:00+01:00,2025,118.94,118.94,118.94
2026-12-16 22:00:00+01:00,2025-12-16 22:00:00+01:00,2025,115.58,115.58,115.58
2026-12-16 23:00:00+01:00,2025-12-16 23:00:00+01:00,2025,103.42,103.42,103.42
2026-12-17 00:00:00+01:00,2025-12-17 00:00:00+01:00,2025,89.0,89.0,89.0
2026-12-17 01:00:00+01:00,2025-12-17 01:00:00+01:00,2025,89.79,89.79,89.79
2026-12-17 02:00:00+01:00,2025-12-17 02:00:00+01:00,2025,86.49,86.49,86.49
2026-12-17 03:00:00+01:00,2025-12-17 03:00:00+01:00,2025,85.03,85.03,85.03
2026-12-17 04:00:00+01:00,2025-12-17 04:00:00+01:00,2025,88.08,88.08,88.08
2026-12-17 05:00:00+01:00,2025-12-17 05:00:00+01:00,2025,90.5,90.5,90.5
2026-12-17 06:00:00+01:00,2025-12-17 06:00:00+01:00,2025,95.49,95.49,95.49
2026-12-17 07:00:00+01:00,2025-12-17 07:00:00+01:00,2025,108.82,108.82,108.82
2026-12-17 08:00:00+01:00,2025-12-17 08:00:00+01:00,2025,133.46,133.46,133.46
2026-12-17 09:00:00+01:00,2025-12-17 09:00:00+01:00,2025,126.3,126.3,126.3
2026-12-17 10:00:00+01:00,2025-12-17 10:00:00+01:00,2025,124.54,124.54,124.54
2026-12-17 11:00:00+01:00,2025-12-17 11:00:00+01:00,2025,118.15,118.15,118.15
2026-12-17 12:00:00+01:00,2025-12-17 12:00:00+01:00,2025,111.9,111.9,111.9
2026-12-17 13:00:00+01:00,2025-12-17 13:00:00+01:00,2025,122.66,122.66,122.66
2026-12-17 14:00:00+01:00,2025-12-17 14:00:00+01:00,2025,129.97,129.97,129.97
2026-12-17 15:00:00+01:00,2025-12-17 15:00:00+01:00,2025,127.5,127.5,127.5
2026-12-17 16:00:00+01:00,2025-12-17 16:00:00+01:00,2025,126.5,126.5,126.5
2026-12-17 17:00:00+01:00,2025-12-17 17:00:00+01:00,2025,122.82,122.82,122.82
2026-12-17 18:00:00+01:00,2025-12-17 18:00:00+01:00,2025,111.4,111.4,111.4
2026-12-17 19:00:00+01:00,2025-12-17 19:00:00+01:00,2025,97.51,97.51,97.51
2026-12-17 20:00:00+01:00,2025-12-17 20:00:00+01:00,2025,94.71,94.71,94.71
2026-12-17 21:00:00+01:00,2025-12-17 21:00:00+01:00,2025,94.7,94.7,94.7
2026-12-17 22:00:00+01:00,2025-12-17 22:00:00+01:00,2025,93.22,93.22,93.22
2026-12-17 23:00:00+01:00,2025-12-17 23:00:00+01:00,2025,85.0,85.0,85.0
2026-12-18 00:00:00+01:00,2025-12-18 00:00:00+01:00,2025,77.76,77.76,77.76
2026-12-18 01:00:00+01:00,2025-12-18 01:00:00+01:00,2025,69.07,69.07,69.07
2026-12-18 02:00:00+01:00,2025-12-18 02:00:00+01:00,2025,60.13,60.13,60.13
2026-12-18 03:00:00+01:00,2025-12-18 03:00:00+01:00,2025,48.89,48.89,48.89
2026-12-18 04:00:00+01:00,2025-12-18 04:00:00+01:00,2025,44.82,44.82,44.82
2026-12-18 05:00:00+01:00,2025-12-18 05:00:00+01:00,2025,50.83,50.83,50.83
2026-12-18 06:00:00+01:00,2025-12-18 06:00:00+01:00,2025,63.24,63.24,63.24
2026-12-18 07:00:00+01:00,2025-12-18 07:00:00+01:00,2025,81.53,81.53,81.53
2026-12-18 08:00:00+01:00,2025-12-18 08:00:00+01:00,2025,90.74,90.74,90.74
2026-12-18 09:00:00+01:00,2025-12-18 09:00:00+01:00,2025,88.56,88.56,88.56
2026-12-18 10:00:00+01:00,2025-12-18 10:00:00+01:00,2025,78.28,78.28,78.28
2026-12-18 11:00:00+01:00,2025-12-18 11:00:00+01:00,2025,78.29,78.29,78.29
2026-12-18 12:00:00+01:00,2025-12-18 12:00:00+01:00,2025,77.42,77.42,77.42
2026-12-18 13:00:00+01:00,2025-12-18 13:00:00+01:00,2025,79.48,79.48,79.48
2026-12-18 14:00:00+01:00,2025-12-18 14:00:00+01:00,2025,103.76,103.76,103.76
2026-12-18 15:00:00+01:00,2025-12-18 15:00:00+01:00,2025,114.49,114.49,114.49
2026-12-18 16:00:00+01:00,2025-12-18 16:00:00+01:00,2025,110.88,110.88,110.88
2026-12-18 17:00:00+01:00,2025-12-18 17:00:00+01:00,2025,103.42,103.42,103.42
2026-12-18 18:00:00+01:00,2025-12-18 18:00:00+01:00,2025,88.26,88.26,88.26
2026-12-18 19:00:00+01:00,2025-12-18 19:00:00+01:00,2025,80.14,80.14,80.14
2026-12-18 20:00:00+01:00,2025-12-18 20:00:00+01:00,2025,67.68,67.68,67.68
2026-12-18 21:00:00+01:00,2025-12-18 21:00:00+01:00,2025,53.25,53.25,53.25
2026-12-18 22:00:00+01:00,2025-12-18 22:00:00+01:00,2025,51.8,51.8,51.8
2026-12-18 23:00:00+01:00,2025-12-18 23:00:00+01:00,2025,18.65,18.65,18.65
2026-12-19 00:00:00+01:00,2025-12-19 00:00:00+01:00,2025,9.84,9.84,9.84
2026-12-19 01:00:00+01:00,2025-12-19 01:00:00+01:00,2025,5.86,5.86,5.86
2026-12-19 02:00:00+01:00,2025-12-19 02:00:00+01:00,2025,4.33,4.33,4.33
2026-12-19 03:00:00+01:00,2025-12-19 03:00:00+01:00,2025,3.51,3.51,3.51
2026-12-19 04:00:00+01:00,2025-12-19 04:00:00+01:00,2025,4.12,4.12,4.12
2026-12-19 05:00:00+01:00,2025-12-19 05:00:00+01:00,2025,10.78,10.78,10.78
2026-12-19 06:00:00+01:00,2025-12-19 06:00:00+01:00,2025,40.28,40.28,40.28
2026-12-19 07:00:00+01:00,2025-12-19 07:00:00+01:00,2025,76.71,76.71,76.71
2026-12-19 08:00:00+01:00,2025-12-19 08:00:00+01:00,2025,89.54,89.54,89.54
2026-12-19 09:00:00+01:00,2025-12-19 09:00:00+01:00,2025,89.38,89.38,89.38
2026-12-19 10:00:00+01:00,2025-12-19 10:00:00+01:00,2025,89.23,89.23,89.23
2026-12-19 11:00:00+01:00,2025-12-19 11:00:00+01:00,2025,87.49,87.49,87.49
2026-12-19 12:00:00+01:00,2025-12-19 12:00:00+01:00,2025,84.57,84.57,84.57
2026-12-19 13:00:00+01:00,2025-12-19 13:00:00+01:00,2025,87.63,87.63,87.63
2026-12-19 14:00:00+01:00,2025-12-19 14:00:00+01:00,2025,93.35,93.35,93.35
2026-12-19 15:00:00+01:00,2025-12-19 15:00:00+01:00,2025,97.4,97.4,97.4
2026-12-19 16:00:00+01:00,2025-12-19 16:00:00+01:00,2025,100.33,100.33,100.33
2026-12-19 17:00:00+01:00,2025-12-19 17:00:00+01:00,2025,106.9,106.9,106.9
2026-12-19 18:00:00+01:00,2025-12-19 18:00:00+01:00,2025,107.48,107.48,107.48
2026-12-19 19:00:00+01:00,2025-12-19 19:00:00+01:00,2025,105.12,105.12,105.12
2026-12-19 20:00:00+01:00,2025-12-19 20:00:00+01:00,2025,102.91,102.91,102.91
2026-12-19 21:00:00+01:00,2025-12-19 21:00:00+01:00,2025,98.46,98.46,98.46
2026-12-19 22:00:00+01:00,2025-12-19 22:00:00+01:00,2025,96.28,96.28,96.28
2026-12-19 23:00:00+01:00,2025-12-19 23:00:00+01:00,2025,90.18,90.18,90.18
2026-12-20 00:00:00+01:00,2025-12-20 00:00:00+01:00,2025,84.81,84.81,84.81
2026-12-20 01:00:00+01:00,2025-12-20 01:00:00+01:00,2025,83.4,83.4,83.4
2026-12-20 02:00:00+01:00,2025-12-20 02:00:00+01:00,2025,85.0,85.0,85.0
2026-12-20 03:00:00+01:00,2025-12-20 03:00:00+01:00,2025,87.49,87.49,87.49
2026-12-20 04:00:00+01:00,2025-12-20 04:00:00+01:00,2025,88.46,88.46,88.46
2026-12-20 05:00:00+01:00,2025-12-20 05:00:00+01:00,2025,89.92,89.92,89.92
2026-12-20 06:00:00+01:00,2025-12-20 06:00:00+01:00,2025,95.98,95.98,95.98
2026-12-20 07:00:00+01:00,2025-12-20 07:00:00+01:00,2025,104.0,104.0,104.0
2026-12-20 08:00:00+01:00,2025-12-20 08:00:00+01:00,2025,113.21,113.21,113.21
2026-12-20 09:00:00+01:00,2025-12-20 09:00:00+01:00,2025,114.8,114.8,114.8
2026-12-20 10:00:00+01:00,2025-12-20 10:00:00+01:00,2025,112.67,112.67,112.67
2026-12-20 11:00:00+01:00,2025-12-20 11:00:00+01:00,2025,110.99,110.99,110.99
2026-12-20 12:00:00+01:00,2025-12-20 12:00:00+01:00,2025,110.27,110.27,110.27
2026-12-20 13:00:00+01:00,2025-12-20 13:00:00+01:00,2025,114.98,114.98,114.98
2026-12-20 14:00:00+01:00,2025-12-20 14:00:00+01:00,2025,119.48,119.48,119.48
2026-12-20 15:00:00+01:00,2025-12-20 15:00:00+01:00,2025,120.64,120.64,120.64
2026-12-20 16:00:00+01:00,2025-12-20 16:00:00+01:00,2025,120.2,120.2,120.2
2026-12-20 17:00:00+01:00,2025-12-20 17:00:00+01:00,2025,122.39,122.39,122.39
2026-12-20 18:00:00+01:00,2025-12-20 18:00:00+01:00,2025,118.27,118.27,118.27
2026-12-20 19:00:00+01:00,2025-12-20 19:00:00+01:00,2025,104.11,104.11,104.11
2026-12-20 20:00:00+01:00,2025-12-20 20:00:00+01:00,2025,96.38,96.38,96.38
2026-12-20 21:00:00+01:00,2025-12-20 21:00:00+01:00,2025,93.01,93.01,93.01
2026-12-20 22:00:00+01:00,2025-12-20 22:00:00+01:00,2025,92.24,92.24,92.24
2026-12-20 23:00:00+01:00,2025-12-20 23:00:00+01:00,2025,90.67,90.67,90.67
2026-12-21 00:00:00+01:00,2025-12-21 00:00:00+01:00,2025,95.7,95.7,95.7
2026-12-21 01:00:00+01:00,2025-12-21 01:00:00+01:00,2025,90.05,90.05,90.05
2026-12-21 02:00:00+01:00,2025-12-21 02:00:00+01:00,2025,86.49,86.49,86.49
2026-12-21 03:00:00+01:00,2025-12-21 03:00:00+01:00,2025,85.4,85.4,85.4
2026-12-21 04:00:00+01:00,2025-12-21 04:00:00+01:00,2025,85.63,85.63,85.63
2026-12-21 05:00:00+01:00,2025-12-21 05:00:00+01:00,2025,86.83,86.83,86.83
2026-12-21 06:00:00+01:00,2025-12-21 06:00:00+01:00,2025,88.14,88.14,88.14
2026-12-21 07:00:00+01:00,2025-12-21 07:00:00+01:00,2025,92.85,92.85,92.85
2026-12-21 08:00:00+01:00,2025-12-21 08:00:00+01:00,2025,102.15,102.15,102.15
2026-12-21 09:00:00+01:00,2025-12-21 09:00:00+01:00,2025,107.01,107.01,107.01
2026-12-21 10:00:00+01:00,2025-12-21 10:00:00+01:00,2025,102.58,102.58,102.58
2026-12-21 11:00:00+01:00,2025-12-21 11:00:00+01:00,2025,101.3,101.3,101.3
2026-12-21 12:00:00+01:00,2025-12-21 12:00:00+01:00,2025,98.48,98.48,98.48
2026-12-21 13:00:00+01:00,2025-12-21 13:00:00+01:00,2025,94.87,94.87,94.87
2026-12-21 14:00:00+01:00,2025-12-21 14:00:00+01:00,2025,98.89,98.89,98.89
2026-12-21 15:00:00+01:00,2025-12-21 15:00:00+01:00,2025,100.87,100.87,100.87
2026-12-21 16:00:00+01:00,2025-12-21 16:00:00+01:00,2025,97.52,97.52,97.52
2026-12-21 17:00:00+01:00,2025-12-21 17:00:00+01:00,2025,97.07,97.07,97.07
2026-12-21 18:00:00+01:00,2025-12-21 18:00:00+01:00,2025,90.8,90.8,90.8
2026-12-21 19:00:00+01:00,2025-12-21 19:00:00+01:00,2025,86.14,86.14,86.14
2026-12-21 20:00:00+01:00,2025-12-21 20:00:00+01:00,2025,81.66,81.66,81.66
2026-12-21 21:00:00+01:00,2025-12-21 21:00:00+01:00,2025,78.86,78.86,78.86
2026-12-21 22:00:00+01:00,2025-12-21 22:00:00+01:00,2025,77.5,77.5,77.5
2026-12-21 23:00:00+01:00,2025-12-21 23:00:00+01:00,2025,70.91,70.91,70.91
2026-12-22 00:00:00+01:00,2025-12-22 00:00:00+01:00,2025,70.23,70.23,70.23
2026-12-22 01:00:00+01:00,2025-12-22 01:00:00+01:00,2025,68.83,68.83,68.83
2026-12-22 02:00:00+01:00,2025-12-22 02:00:00+01:00,2025,67.79,67.79,67.79
2026-12-22 03:00:00+01:00,2025-12-22 03:00:00+01:00,2025,66.31,66.31,66.31
2026-12-22 04:00:00+01:00,2025-12-22 04:00:00+01:00,2025,71.52,71.52,71.52
2026-12-22 05:00:00+01:00,2025-12-22 05:00:00+01:00,2025,74.11,74.11,74.11
2026-12-22 06:00:00+01:00,2025-12-22 06:00:00+01:00,2025,78.19,78.19,78.19
2026-12-22 07:00:00+01:00,2025-12-22 07:00:00+01:00,2025,90.45,90.45,90.45
2026-12-22 08:00:00+01:00,2025-12-22 08:00:00+01:00,2025,93.34,93.34,93.34
2026-12-22 09:00:00+01:00,2025-12-22 09:00:00+01:00,2025,90.79,90.79,90.79
2026-12-22 10:00:00+01:00,2025-12-22 10:00:00+01:00,2025,89.25,89.25,89.25
2026-12-22 11:00:00+01:00,2025-12-22 11:00:00+01:00,2025,85.0,85.0,85.0
2026-12-22 12:00:00+01:00,2025-12-22 12:00:00+01:00,2025,86.34,86.34,86.34
2026-12-22 13:00:00+01:00,2025-12-22 13:00:00+01:00,2025,88.62,88.62,88.62
2026-12-22 14:00:00+01:00,2025-12-22 14:00:00+01:00,2025,92.12,92.12,92.12
2026-12-22 15:00:00+01:00,2025-12-22 15:00:00+01:00,2025,99.54,99.54,99.54
2026-12-22 16:00:00+01:00,2025-12-22 16:00:00+01:00,2025,101.18,101.18,101.18
2026-12-22 17:00:00+01:00,2025-12-22 17:00:00+01:00,2025,107.89,107.89,107.89
2026-12-22 18:00:00+01:00,2025-12-22 18:00:00+01:00,2025,100.9,100.9,100.9
2026-12-22 19:00:00+01:00,2025-12-22 19:00:00+01:00,2025,93.79,93.79,93.79
2026-12-22 20:00:00+01:00,2025-12-22 20:00:00+01:00,2025,89.48,89.48,89.48
2026-12-22 21:00:00+01:00,2025-12-22 21:00:00+01:00,2025,84.86,84.86,84.86
2026-12-22 22:00:00+01:00,2025-12-22 22:00:00+01:00,2025,84.82,84.82,84.82
2026-12-22 23:00:00+01:00,2025-12-22 23:00:00+01:00,2025,77.97,77.97,77.97
2026-12-23 00:00:00+01:00,2025-12-23 00:00:00+01:00,2025,72.23,72.23,72.23
2026-12-23 01:00:00+01:00,2025-12-23 01:00:00+01:00,2025,65.03,65.03,65.03
2026-12-23 02:00:00+01:00,2025-12-23 02:00:00+01:00,2025,62.01,62.01,62.01
2026-12-23 03:00:00+01:00,2025-12-23 03:00:00+01:00,2025,59.06,59.06,59.06
2026-12-23 04:00:00+01:00,2025-12-23 04:00:00+01:00,2025,58.11,58.11,58.11
2026-12-23 05:00:00+01:00,2025-12-23 05:00:00+01:00,2025,59.02,59.02,59.02
2026-12-23 06:00:00+01:00,2025-12-23 06:00:00+01:00,2025,67.85,67.85,67.85
2026-12-23 07:00:00+01:00,2025-12-23 07:00:00+01:00,2025,78.02,78.02,78.02
2026-12-23 08:00:00+01:00,2025-12-23 08:00:00+01:00,2025,83.88,83.88,83.88
2026-12-23 09:00:00+01:00,2025-12-23 09:00:00+01:00,2025,85.47,85.47,85.47
2026-12-23 10:00:00+01:00,2025-12-23 10:00:00+01:00,2025,83.84,83.84,83.84
2026-12-23 11:00:00+01:00,2025-12-23 11:00:00+01:00,2025,81.87,81.87,81.87
2026-12-23 12:00:00+01:00,2025-12-23 12:00:00+01:00,2025,80.49,80.49,80.49
2026-12-23 13:00:00+01:00,2025-12-23 13:00:00+01:00,2025,79.21,79.21,79.21
2026-12-23 14:00:00+01:00,2025-12-23 14:00:00+01:00,2025,79.22,79.22,79.22
2026-12-23 15:00:00+01:00,2025-12-23 15:00:00+01:00,2025,81.83,81.83,81.83
2026-12-23 16:00:00+01:00,2025-12-23 16:00:00+01:00,2025,83.69,83.69,83.69
2026-12-23 17:00:00+01:00,2025-12-23 17:00:00+01:00,2025,82.47,82.47,82.47
2026-12-23 18:00:00+01:00,2025-12-23 18:00:00+01:00,2025,83.95,83.95,83.95
2026-12-23 19:00:00+01:00,2025-12-23 19:00:00+01:00,2025,82.47,82.47,82.47
2026-12-23 20:00:00+01:00,2025-12-23 20:00:00+01:00,2025,78.01,78.01,78.01
2026-12-23 21:00:00+01:00,2025-12-23 21:00:00+01:00,2025,69.93,69.93,69.93
2026-12-23 22:00:00+01:00,2025-12-23 22:00:00+01:00,2025,71.84,71.84,71.84
2026-12-23 23:00:00+01:00,2025-12-23 23:00:00+01:00,2025,64.09,64.09,64.09
2026-12-24 00:00:00+01:00,2025-12-24 00:00:00+01:00,2025,60.25,60.25,60.25
2026-12-24 01:00:00+01:00,2025-12-24 01:00:00+01:00,2025,55.86,55.86,55.86
2026-12-24 02:00:00+01:00,2025-12-24 02:00:00+01:00,2025,56.8,56.8,56.8
2026-12-24 03:00:00+01:00,2025-12-24 03:00:00+01:00,2025,55.84,55.84,55.84
2026-12-24 04:00:00+01:00,2025-12-24 04:00:00+01:00,2025,55.85,55.85,55.85
2026-12-24 05:00:00+01:00,2025-12-24 05:00:00+01:00,2025,55.85,55.85,55.85
2026-12-24 06:00:00+01:00,2025-12-24 06:00:00+01:00,2025,57.21,57.21,57.21
2026-12-24 07:00:00+01:00,2025-12-24 07:00:00+01:00,2025,67.45,67.45,67.45
2026-12-24 08:00:00+01:00,2025-12-24 08:00:00+01:00,2025,81.0,81.0,81.0
2026-12-24 09:00:00+01:00,2025-12-24 09:00:00+01:00,2025,82.47,82.47,82.47
2026-12-24 10:00:00+01:00,2025-12-24 10:00:00+01:00,2025,76.02,76.02,76.02
2026-12-24 11:00:00+01:00,2025-12-24 11:00:00+01:00,2025,69.29,69.29,69.29
2026-12-24 12:00:00+01:00,2025-12-24 12:00:00+01:00,2025,68.51,68.51,68.51
2026-12-24 13:00:00+01:00,2025-12-24 13:00:00+01:00,2025,67.99,67.99,67.99
2026-12-24 14:00:00+01:00,2025-12-24 14:00:00+01:00,2025,73.76,73.76,73.76
2026-12-24 15:00:00+01:00,2025-12-24 15:00:00+01:00,2025,83.05,83.05,83.05
2026-12-24 16:00:00+01:00,2025-12-24 16:00:00+01:00,2025,87.9,87.9,87.9
2026-12-24 17:00:00+01:00,2025-12-24 17:00:00+01:00,2025,89.13,89.13,89.13
2026-12-24 18:00:00+01:00,2025-12-24 18:00:00+01:00,2025,78.91,78.91,78.91
2026-12-24 19:00:00+01:00,2025-12-24 19:00:00+01:00,2025,71.77,71.77,71.77
2026-12-24 20:00:00+01:00,2025-12-24 20:00:00+01:00,2025,68.16,68.16,68.16
2026-12-24 21:00:00+01:00,2025-12-24 21:00:00+01:00,2025,67.99,67.99,67.99
2026-12-24 22:00:00+01:00,2025-12-24 22:00:00+01:00,2025,69.01,69.01,69.01
2026-12-24 23:00:00+01:00,2025-12-24 23:00:00+01:00,2025,65.16,65.16,65.16
2026-12-25 00:00:00+01:00,2025-12-25 00:00:00+01:00,2025,63.22,63.22,63.22
2026-12-25 01:00:00+01:00,2025-12-25 01:00:00+01:00,2025,58.44,58.44,58.44
2026-12-25 02:00:00+01:00,2025-12-25 02:00:00+01:00,2025,56.86,56.86,56.86
2026-12-25 03:00:00+01:00,2025-12-25 03:00:00+01:00,2025,55.85,55.85,55.85
2026-12-25 04:00:00+01:00,2025-12-25 04:00:00+01:00,2025,54.53,54.53,54.53
2026-12-25 05:00:00+01:00,2025-12-25 05:00:00+01:00,2025,52.61,52.61,52.61
2026-12-25 06:00:00+01:00,2025-12-25 06:00:00+01:00,2025,49.17,49.17,49.17
2026-12-25 07:00:00+01:00,2025-12-25 07:00:00+01:00,2025,54.03,54.03,54.03
2026-12-25 08:00:00+01:00,2025-12-25 08:00:00+01:00,2025,64.21,64.21,64.21
2026-12-25 09:00:00+01:00,2025-12-25 09:00:00+01:00,2025,64.71,64.71,64.71
2026-12-25 10:00:00+01:00,2025-12-25 10:00:00+01:00,2025,53.77,53.77,53.77
2026-12-25 11:00:00+01:00,2025-12-25 11:00:00+01:00,2025,48.98,48.98,48.98
2026-12-25 12:00:00+01:00,2025-12-25 12:00:00+01:00,2025,48.49,48.49,48.49
2026-12-25 13:00:00+01:00,2025-12-25 13:00:00+01:00,2025,47.87,47.87,47.87
2026-12-25 14:00:00+01:00,2025-12-25 14:00:00+01:00,2025,68.55,68.55,68.55
2026-12-25 15:00:00+01:00,2025-12-25 15:00:00+01:00,2025,89.41,89.41,89.41
2026-12-25 16:00:00+01:00,2025-12-25 16:00:00+01:00,2025,92.24,92.24,92.24
2026-12-25 17:00:00+01:00,2025-12-25 17:00:00+01:00,2025,94.01,94.01,94.01
2026-12-25 18:00:00+01:00,2025-12-25 18:00:00+01:00,2025,94.06,94.06,94.06
2026-12-25 19:00:00+01:00,2025-12-25 19:00:00+01:00,2025,91.71,91.71,91.71
2026-12-25 20:00:00+01:00,2025-12-25 20:00:00+01:00,2025,91.03,91.03,91.03
2026-12-25 21:00:00+01:00,2025-12-25 21:00:00+01:00,2025,92.7,92.7,92.7
2026-12-25 22:00:00+01:00,2025-12-25 22:00:00+01:00,2025,96.15,96.15,96.15
2026-12-25 23:00:00+01:00,2025-12-25 23:00:00+01:00,2025,91.47,91.47,91.47
2026-12-26 00:00:00+01:00,2025-12-26 00:00:00+01:00,2025,97.1,97.1,97.1
2026-12-26 01:00:00+01:00,2025-12-26 01:00:00+01:00,2025,91.05,91.05,91.05
2026-12-26 02:00:00+01:00,2025-12-26 02:00:00+01:00,2025,85.82,85.82,85.82
2026-12-26 03:00:00+01:00,2025-12-26 03:00:00+01:00,2025,83.05,83.05,83.05
2026-12-26 04:00:00+01:00,2025-12-26 04:00:00+01:00,2025,82.39,82.39,82.39
2026-12-26 05:00:00+01:00,2025-12-26 05:00:00+01:00,2025,82.84,82.84,82.84
2026-12-26 06:00:00+01:00,2025-12-26 06:00:00+01:00,2025,85.02,85.02,85.02
2026-12-26 07:00:00+01:00,2025-12-26 07:00:00+01:00,2025,93.12,93.12,93.12
2026-12-26 08:00:00+01:00,2025-12-26 08:00:00+01:00,2025,98.9,98.9,98.9
2026-12-26 09:00:00+01:00,2025-12-26 09:00:00+01:00,2025,96.73,96.73,96.73
2026-12-26 10:00:00+01:00,2025-12-26 10:00:00+01:00,2025,89.25,89.25,89.25
2026-12-26 11:00:00+01:00,2025-12-26 11:00:00+01:00,2025,84.99,84.99,84.99
2026-12-26 12:00:00+01:00,2025-12-26 12:00:00+01:00,2025,82.31,82.31,82.31
2026-12-26 13:00:00+01:00,2025-12-26 13:00:00+01:00,2025,83.1,83.1,83.1
2026-12-26 14:00:00+01:00,2025-12-26 14:00:00+01:00,2025,92.7,92.7,92.7
2026-12-26 15:00:00+01:00,2025-12-26 15:00:00+01:00,2025,109.14,109.14,109.14
2026-12-26 16:00:00+01:00,2025-12-26 16:00:00+01:00,2025,116.77,116.77,116.77
2026-12-26 17:00:00+01:00,2025-12-26 17:00:00+01:00,2025,120.47,120.47,120.47
2026-12-26 18:00:00+01:00,2025-12-26 18:00:00+01:00,2025,116.97,116.97,116.97
2026-12-26 19:00:00+01:00,2025-12-26 19:00:00+01:00,2025,116.26,116.26,116.26
2026-12-26 20:00:00+01:00,2025-12-26 20:00:00+01:00,2025,113.73,113.73,113.73
2026-12-26 21:00:00+01:00,2025-12-26 21:00:00+01:00,2025,111.5,111.5,111.5
2026-12-26 22:00:00+01:00,2025-12-26 22:00:00+01:00,2025,108.26,108.26,108.26
2026-12-26 23:00:00+01:00,2025-12-26 23:00:00+01:00,2025,99.37,99.37,99.37
2026-12-27 00:00:00+01:00,2025-12-27 00:00:00+01:00,2025,96.69,96.69,96.69
2026-12-27 01:00:00+01:00,2025-12-27 01:00:00+01:00,2025,91.73,91.73,91.73
2026-12-27 02:00:00+01:00,2025-12-27 02:00:00+01:00,2025,84.71,84.71,84.71
2026-12-27 03:00:00+01:00,2025-12-27 03:00:00+01:00,2025,82.72,82.72,82.72
2026-12-27 04:00:00+01:00,2025-12-27 04:00:00+01:00,2025,84.0,84.0,84.0
2026-12-27 05:00:00+01:00,2025-12-27 05:00:00+01:00,2025,83.17,83.17,83.17
2026-12-27 06:00:00+01:00,2025-12-27 06:00:00+01:00,2025,88.02,88.02,88.02
2026-12-27 07:00:00+01:00,2025-12-27 07:00:00+01:00,2025,99.51,99.51,99.51
2026-12-27 08:00:00+01:00,2025-12-27 08:00:00+01:00,2025,102.32,102.32,102.32
2026-12-27 09:00:00+01:00,2025-12-27 09:00:00+01:00,2025,93.81,93.81,93.81
2026-12-27 10:00:00+01:00,2025-12-27 10:00:00+01:00,2025,80.03,80.03,80.03
2026-12-27 11:00:00+01:00,2025-12-27 11:00:00+01:00,2025,75.4,75.4,75.4
2026-12-27 12:00:00+01:00,2025-12-27 12:00:00+01:00,2025,74.54,74.54,74.54
2026-12-27 13:00:00+01:00,2025-12-27 13:00:00+01:00,2025,76.74,76.74,76.74
2026-12-27 14:00:00+01:00,2025-12-27 14:00:00+01:00,2025,81.2,81.2,81.2
2026-12-27 15:00:00+01:00,2025-12-27 15:00:00+01:00,2025,94.54,94.54,94.54
2026-12-27 16:00:00+01:00,2025-12-27 16:00:00+01:00,2025,103.01,103.01,103.01
2026-12-27 17:00:00+01:00,2025-12-27 17:00:00+01:00,2025,105.93,105.93,105.93
2026-12-27 18:00:00+01:00,2025-12-27 18:00:00+01:00,2025,108.43,108.43,108.43
2026-12-27 19:00:00+01:00,2025-12-27 19:00:00+01:00,2025,105.0,105.0,105.0
2026-12-27 20:00:00+01:00,2025-12-27 20:00:00+01:00,2025,102.59,102.59,102.59
2026-12-27 21:00:00+01:00,2025-12-27 21:00:00+01:00,2025,93.9,93.9,93.9
2026-12-27 22:00:00+01:00,2025-12-27 22:00:00+01:00,2025,95.42,95.42,95.42
2026-12-27 23:00:00+01:00,2025-12-27 23:00:00+01:00,2025,91.3,91.3,91.3
2026-12-28 00:00:00+01:00,2025-12-28 00:00:00+01:00,2025,84.34,84.34,84.34
2026-12-28 01:00:00+01:00,2025-12-28 01:00:00+01:00,2025,83.37,83.37,83.37
2026-12-28 02:00:00+01:00,2025-12-28 02:00:00+01:00,2025,79.96,79.96,79.96
2026-12-28 03:00:00+01:00,2025-12-28 03:00:00+01:00,2025,78.82,78.82,78.82
2026-12-28 04:00:00+01:00,2025-12-28 04:00:00+01:00,2025,80.45,80.45,80.45
2026-12-28 05:00:00+01:00,2025-12-28 05:00:00+01:00,2025,83.61,83.61,83.61
2026-12-28 06:00:00+01:00,2025-12-28 06:00:00+01:00,2025,86.48,86.48,86.48
2026-12-28 07:00:00+01:00,2025-12-28 07:00:00+01:00,2025,92.15,92.15,92.15
2026-12-28 08:00:00+01:00,2025-12-28 08:00:00+01:00,2025,97.36,97.36,97.36
2026-12-28 09:00:00+01:00,2025-12-28 09:00:00+01:00,2025,96.57,96.57,96.57
2026-12-28 10:00:00+01:00,2025-12-28 10:00:00+01:00,2025,88.21,88.21,88.21
2026-12-28 11:00:00+01:00,2025-12-28 11:00:00+01:00,2025,88.37,88.37,88.37
2026-12-28 12:00:00+01:00,2025-12-28 12:00:00+01:00,2025,80.02,80.02,80.02
2026-12-28 13:00:00+01:00,2025-12-28 13:00:00+01:00,2025,80.03,80.03,80.03
2026-12-28 14:00:00+01:00,2025-12-28 14:00:00+01:00,2025,86.68,86.68,86.68
2026-12-28 15:00:00+01:00,2025-12-28 15:00:00+01:00,2025,100.87,100.87,100.87
2026-12-28 16:00:00+01:00,2025-12-28 16:00:00+01:00,2025,110.88,110.88,110.88
2026-12-28 17:00:00+01:00,2025-12-28 17:00:00+01:00,2025,113.7,113.7,113.7
2026-12-28 18:00:00+01:00,2025-12-28 18:00:00+01:00,2025,114.46,114.46,114.46
2026-12-28 19:00:00+01:00,2025-12-28 19:00:00+01:00,2025,109.33,109.33,109.33
2026-12-28 20:00:00+01:00,2025-12-28 20:00:00+01:00,2025,105.01,105.01,105.01
2026-12-28 21:00:00+01:00,2025-12-28 21:00:00+01:00,2025,99.03,99.03,99.03
2026-12-28 22:00:00+01:00,2025-12-28 22:00:00+01:00,2025,98.28,98.28,98.28
2026-12-28 23:00:00+01:00,2025-12-28 23:00:00+01:00,2025,88.44,88.44,88.44
2026-12-29 00:00:00+01:00,2025-12-29 00:00:00+01:00,2025,89.88,89.88,89.88
2026-12-29 01:00:00+01:00,2025-12-29 01:00:00+01:00,2025,84.98,84.98,84.98
2026-12-29 02:00:00+01:00,2025-12-29 02:00:00+01:00,2025,84.18,84.18,84.18
2026-12-29 03:00:00+01:00,2025-12-29 03:00:00+01:00,2025,82.19,82.19,82.19
2026-12-29 04:00:00+01:00,2025-12-29 04:00:00+01:00,2025,83.62,83.62,83.62
2026-12-29 05:00:00+01:00,2025-12-29 05:00:00+01:00,2025,90.79,90.79,90.79
2026-12-29 06:00:00+01:00,2025-12-29 06:00:00+01:00,2025,96.33,96.33,96.33
2026-12-29 07:00:00+01:00,2025-12-29 07:00:00+01:00,2025,104.72,104.72,104.72
2026-12-29 08:00:00+01:00,2025-12-29 08:00:00+01:00,2025,113.88,113.88,113.88
2026-12-29 09:00:00+01:00,2025-12-29 09:00:00+01:00,2025,111.01,111.01,111.01
2026-12-29 10:00:00+01:00,2025-12-29 10:00:00+01:00,2025,97.65,97.65,97.65
2026-12-29 11:00:00+01:00,2025-12-29 11:00:00+01:00,2025,90.35,90.35,90.35
2026-12-29 12:00:00+01:00,2025-12-29 12:00:00+01:00,2025,87.66,87.66,87.66
2026-12-29 13:00:00+01:00,2025-12-29 13:00:00+01:00,2025,88.52,88.52,88.52
2026-12-29 14:00:00+01:00,2025-12-29 14:00:00+01:00,2025,96.1,96.1,96.1
2026-12-29 15:00:00+01:00,2025-12-29 15:00:00+01:00,2025,103.51,103.51,103.51
2026-12-29 16:00:00+01:00,2025-12-29 16:00:00+01:00,2025,108.66,108.66,108.66
2026-12-29 17:00:00+01:00,2025-12-29 17:00:00+01:00,2025,107.01,107.01,107.01
2026-12-29 18:00:00+01:00,2025-12-29 18:00:00+01:00,2025,103.31,103.31,103.31
2026-12-29 19:00:00+01:00,2025-12-29 19:00:00+01:00,2025,95.15,95.15,95.15
2026-12-29 20:00:00+01:00,2025-12-29 20:00:00+01:00,2025,90.37,90.37,90.37
2026-12-29 21:00:00+01:00,2025-12-29 21:00:00+01:00,2025,83.25,83.25,83.25
2026-12-29 22:00:00+01:00,2025-12-29 22:00:00+01:00,2025,87.91,87.91,87.91
2026-12-29 23:00:00+01:00,2025-12-29 23:00:00+01:00,2025,83.34,83.34,83.34
2026-12-30 00:00:00+01:00,2025-12-30 00:00:00+01:00,2025,77.86,77.86,77.86
2026-12-30 01:00:00+01:00,2025-12-30 01:00:00+01:00,2025,73.22,73.22,73.22
2026-12-30 02:00:00+01:00,2025-12-30 02:00:00+01:00,2025,71.86,71.86,71.86
2026-12-30 03:00:00+01:00,2025-12-30 03:00:00+01:00,2025,69.36,69.36,69.36
2026-12-30 04:00:00+01:00,2025-12-30 04:00:00+01:00,2025,68.54,68.54,68.54
2026-12-30 05:00:00+01:00,2025-12-30 05:00:00+01:00,2025,71.99,71.99,71.99
2026-12-30 06:00:00+01:00,2025-12-30 06:00:00+01:00,2025,80.02,80.02,80.02
2026-12-30 07:00:00+01:00,2025-12-30 07:00:00+01:00,2025,87.97,87.97,87.97
2026-12-30 08:00:00+01:00,2025-12-30 08:00:00+01:00,2025,94.88,94.88,94.88
2026-12-30 09:00:00+01:00,2025-12-30 09:00:00+01:00,2025,94.39,94.39,94.39
2026-12-30 10:00:00+01:00,2025-12-30 10:00:00+01:00,2025,85.82,85.82,85.82
2026-12-30 11:00:00+01:00,2025-12-30 11:00:00+01:00,2025,79.38,79.38,79.38
2026-12-30 12:00:00+01:00,2025-12-30 12:00:00+01:00,2025,76.16,76.16,76.16
2026-12-30 13:00:00+01:00,2025-12-30 13:00:00+01:00,2025,76.76,76.76,76.76
2026-12-30 14:00:00+01:00,2025-12-30 14:00:00+01:00,2025,88.97,88.97,88.97
2026-12-30 15:00:00+01:00,2025-12-30 15:00:00+01:00,2025,102.33,102.33,102.33
2026-12-30 16:00:00+01:00,2025-12-30 16:00:00+01:00,2025,109.1,109.1,109.1
2026-12-30 17:00:00+01:00,2025-12-30 17:00:00+01:00,2025,110.71,110.71,110.71
2026-12-30 18:00:00+01:00,2025-12-30 18:00:00+01:00,2025,109.12,109.12,109.12
2026-12-30 19:00:00+01:00,2025-12-30 19:00:00+01:00,2025,105.61,105.61,105.61
2026-12-30 20:00:00+01:00,2025-12-30 20:00:00+01:00,2025,101.04,101.04,101.04
2026-12-30 21:00:00+01:00,2025-12-30 21:00:00+01:00,2025,93.32,93.32,93.32
2026-12-30 22:00:00+01:00,2025-12-30 22:00:00+01:00,2025,92.05,92.05,92.05
2026-12-30 23:00:00+01:00,2025-12-30 23:00:00+01:00,2025,85.81,85.81,85.81
2026-12-31 00:00:00+01:00,2025-12-31 00:00:00+01:00,2025,88.08,88.08,88.08
2026-12-31 01:00:00+01:00,2025-12-31 01:00:00+01:00,2025,84.34,84.34,84.34
2026-12-31 02:00:00+01:00,2025-12-31 02:00:00+01:00,2025,80.21,80.21,80.21
2026-12-31 03:00:00+01:00,2025-12-31 03:00:00+01:00,2025,76.58,76.58,76.58
2026-12-31 04:00:00+01:00,2025-12-31 04:00:00+01:00,2025,74.93,74.93,74.93
2026-12-31 05:00:00+01:00,2025-12-31 05:00:00+01:00,2025,77.38,77.38,77.38
2026-12-31 06:00:00+01:00,2025-12-31 06:00:00+01:00,2025,81.87,81.87,81.87
2026-12-31 07:00:00+01:00,2025-12-31 07:00:00+01:00,2025,85.28,85.28,85.28
2026-12-31 08:00:00+01:00,2025-12-31 08:00:00+01:00,2025,95.79,95.79,95.79
2026-12-31 09:00:00+01:00,2025-12-31 09:00:00+01:00,2025,95.34,95.34,95.34
2026-12-31 10:00:00+01:00,2025-12-31 10:00:00+01:00,2025,89.26,89.26,89.26
2026-12-31 11:00:00+01:00,2025-12-31 11:00:00+01:00,2025,83.48,83.48,83.48
2026-12-31 12:00:00+01:00,2025-12-31 12:00:00+01:00,2025,83.05,83.05,83.05
2026-12-31 13:00:00+01:00,2025-12-31 13:00:00+01:00,2025,85.17,85.17,85.17
2026-12-31 14:00:00+01:00,2025-12-31 14:00:00+01:00,2025,85.18,85.18,85.18
2026-12-31 15:00:00+01:00,2025-12-31 15:00:00+01:00,2025,90.83,90.83,90.83
2026-12-31 16:00:00+01:00,2025-12-31 16:00:00+01:00,2025,100.71,100.71,100.71
2026-12-31 17:00:00+01:00,2025-12-31 17:00:00+01:00,2025,110.1,110.1,110.1
2026-12-31 18:00:00+01:00,2025-12-31 18:00:00+01:00,2025,107.53,107.53,107.53
2026-12-31 19:00:00+01:00,2025-12-31 19:00:00+01:00,2025,95.99,95.99,95.99
2026-12-31 20:00:00+01:00,2025-12-31 20:00:00+01:00,2025,86.8,86.8,86.8
2026-12-31 21:00:00+01:00,2025-12-31 21:00:00+01:00,2025,79.8,79.8,79.8
2026-12-31 22:00:00+01:00,2025-12-31 22:00:00+01:00,2025,81.39,81.39,81.39
2026-12-31 23:00:00+01:00,2025-12-31 23:00:00+01:00,2025,76.45,76.45,76.45
